[0.000000] (-) TimerEvent: {}
[0.000556] (lab1) JobQueued: {'identifier': 'lab1', 'dependencies': OrderedDict()}
[0.000952] (lab2) JobQueued: {'identifier': 'lab2', 'dependencies': OrderedDict()}
[0.000977] (lab3) JobQueued: {'identifier': 'lab3', 'dependencies': OrderedDict()}
[0.000998] (lab4) JobQueued: {'identifier': 'lab4', 'dependencies': OrderedDict()}
[0.001017] (lab5) JobQueued: {'identifier': 'lab5', 'dependencies': OrderedDict()}
[0.001036] (ros2_project_sc23oy) JobQueued: {'identifier': 'ros2_project_sc23oy', 'dependencies': OrderedDict()}
[0.001054] (turtlebot3_fake_node) JobQueued: {'identifier': 'turtlebot3_fake_node', 'dependencies': OrderedDict()}
[0.001073] (turtlebot3_gazebo) JobQueued: {'identifier': 'turtlebot3_gazebo', 'dependencies': OrderedDict()}
[0.001090] (turtlebot3_simulations) JobQueued: {'identifier': 'turtlebot3_simulations', 'dependencies': OrderedDict([('turtlebot3_fake_node', '/uolstore/home/users/sc23oy/ros2_ws/install/turtlebot3_fake_node'), ('turtlebot3_gazebo', '/uolstore/home/users/sc23oy/ros2_ws/install/turtlebot3_gazebo')])}
[0.001692] (turtlebot3_fake_node) JobStarted: {'identifier': 'turtlebot3_fake_node'}
[0.098553] (-) TimerEvent: {}
[0.119370] (turtlebot3_gazebo) JobStarted: {'identifier': 'turtlebot3_gazebo'}
[0.198647] (-) TimerEvent: {}
[0.233998] (lab1) JobStarted: {'identifier': 'lab1'}
[0.298762] (-) TimerEvent: {}
[0.384487] (lab2) JobStarted: {'identifier': 'lab2'}
[0.398858] (-) TimerEvent: {}
[0.499141] (-) TimerEvent: {}
[0.531542] (lab3) JobStarted: {'identifier': 'lab3'}
[0.599234] (-) TimerEvent: {}
[0.682997] (lab4) JobStarted: {'identifier': 'lab4'}
[0.699305] (-) TimerEvent: {}
[0.799560] (-) TimerEvent: {}
[0.833629] (lab5) JobStarted: {'identifier': 'lab5'}
[0.899656] (-) TimerEvent: {}
[0.983375] (ros2_project_sc23oy) JobStarted: {'identifier': 'ros2_project_sc23oy'}
[0.999977] (-) TimerEvent: {}
[1.100317] (-) TimerEvent: {}
[1.140871] (turtlebot3_fake_node) JobProgress: {'identifier': 'turtlebot3_fake_node', 'progress': 'cmake'}
[1.142777] (turtlebot3_fake_node) Command: {'cmd': ['/usr/bin/cmake', '/uolstore/home/users/sc23oy/ros2_ws/src/turtlebot3_simulations/turtlebot3_fake_node', '-DCMAKE_INSTALL_PREFIX=/uolstore/home/users/sc23oy/ros2_ws/install/turtlebot3_fake_node'], 'cwd': '/uolstore/home/users/sc23oy/ros2_ws/build/turtlebot3_fake_node', 'env': OrderedDict([('LESSOPEN', '||/usr/bin/lesspipe.sh %s'), ('LMOD_DIR', '/usr/share/lmod/lmod/libexec'), ('MAIL', '/var/spool/mail/sc23oy'), ('USER', 'sc23oy'), ('__LMOD_REF_COUNT_CMAKE_PREFIX_PATH', '/uollinapps/v2/24-25/soc/packages/linux-rhel9-x86_64_v3/gcc-11.4.0/gcc-14.2.0-svuh5yskfnrwh537tvxvt642acswwlju:1'), ('HOSTNAME', 'feng-linux-07.leeds.ac.uk'), ('XDG_SESSION_TYPE', 'x11'), ('MPI_FORTRAN_MOD_DIR', '/usr/lib64/gfortran/modules/openmpi'), ('GIT_ASKPASS', '/usr/share/code/resources/app/extensions/git/dist/askpass.sh'), ('LMOD_PKG', '/usr/share/lmod/lmod'), ('SHLVL', '3'), ('LD_LIBRARY_PATH', '/usr/lib/x86_64-linux-gnu/gazebo-11/plugins:/opt/ros/humble/opt/rviz_ogre_vendor/lib:/opt/ros/humble/lib/x86_64-linux-gnu:/opt/ros/humble/lib:/.singularity.d/libs:/usr/lib/x86_64-linux-gnu/gazebo-11/plugins:'), ('MPI_INCLUDE', '/usr/include/openmpi-x86_64'), ('HOME', '/uolstore/home/users/sc23oy'), ('CHROME_DESKTOP', 'code-url-handler.desktop'), ('OLDPWD', '/uolstore/home/users/sc23oy/ros2_ws'), ('TERM_PROGRAM_VERSION', '1.86.2'), ('DESKTOP_SESSION', 'gnome'), ('USER_PATH', '/usr/lib64/openmpi/bin:/usr/lib64/qt6/bin:/uollinapps/v2/24-25/soc/packages/linux-rhel9-x86_64_v3/gcc-11.4.0/gcc-14.2.0-svuh5yskfnrwh537tvxvt642acswwlju/bin:/uolstore/home/users/sc23oy/.local/bin:/uolstore/home/users/sc23oy/bin:/usr/local/bin:/usr/local/sbin:/usr/bin:/usr/sbin:/opt/puppetlabs/bin:/bin:/usr/bin:/sbin:/usr/sbin:/usr/local/bin:/usr/local/sbin'), ('__LMOD_REF_COUNT_PKG_CONFIG_PATH', '/usr/lib64/openmpi/lib/pkgconfig:1'), ('GAZEBO_MASTER_URI', 'http://localhost:11345'), ('ROS_PYTHON_VERSION', '3'), ('FPATH', '/usr/share/lmod/lmod/init/ksh_funcs'), ('FC', '/uollinapps/v2/24-25/soc/packages/linux-rhel9-x86_64_v3/gcc-11.4.0/gcc-14.2.0-svuh5yskfnrwh537tvxvt642acswwlju/bin/gfortran'), ('VSCODE_GIT_ASKPASS_MAIN', '/usr/share/code/resources/app/extensions/git/dist/askpass-main.js'), ('PS1', '\\[\x1b]633;A\x07\\][COMP3631] Singularity> \\w $ \\[\x1b]633;B\x07\\]'), ('VSCODE_GIT_ASKPASS_NODE', '/usr/share/code/code'), ('MPI_PYTHON3_SITEARCH', '/usr/lib64/python3.9/site-packages/openmpi'), ('LMOD_FAMILY_COMPILER_VERSION', '14.2.0'), ('_LMFILES_', '/uollinapps/v2/current/soc/spack/el9/Core/gcc/14.2.0.lua:/usr/share/modulefiles/mpi/openmpi-x86_64'), ('DBUS_SESSION_BUS_ADDRESS', 'unix:abstract=/tmp/dbus-8qGMb8aiOx,guid=2ad71e69851b37c21bae78fe69eca169'), ('COLORTERM', 'truecolor'), ('APPTAINER_ENVIRONMENT', '/.singularity.d/env/91-environment.sh'), ('__LMOD_REF_COUNT_PATH', '/usr/lib64/openmpi/bin:1;/usr/lib64/qt6/bin:2;/uollinapps/v2/24-25/soc/packages/linux-rhel9-x86_64_v3/gcc-11.4.0/gcc-14.2.0-svuh5yskfnrwh537tvxvt642acswwlju/bin:1;/uolstore/home/users/sc23oy/.local/bin:1;/uolstore/home/users/sc23oy/bin:1;/usr/local/bin:1;/usr/local/sbin:1;/usr/bin:1;/usr/sbin:1;/opt/puppetlabs/bin:1'), ('LMOD_sys', 'Linux'), ('F77', '/uollinapps/v2/24-25/soc/packages/linux-rhel9-x86_64_v3/gcc-11.4.0/gcc-14.2.0-svuh5yskfnrwh537tvxvt642acswwlju/bin/gfortran'), ('which_declare', 'declare -f'), ('COLCON_PREFIX_PATH', '/uolstore/home/users/sc23oy/ros2_ws/install'), ('ROS_DISTRO', 'humble'), ('SINGULARITY_ENVIRONMENT', '/.singularity.d/env/91-environment.sh'), ('LOGNAME', 'sc23oy'), ('MPI_COMPILER', 'openmpi-x86_64'), ('LMOD_VERSION', '8.7.65'), ('_', '/usr/bin/colcon'), ('ROS_VERSION', '2'), ('MPI_LIB', '/usr/lib64/openmpi/lib'), ('PKG_CONFIG_PATH', '/usr/lib64/openmpi/lib/pkgconfig'), ('XDG_SESSION_CLASS', 'user'), ('USERNAME', 'sc23oy'), ('TERM', 'xterm-256color'), ('GAZEBO_MODEL_PATH', '/usr/share/gazebo-11/models:'), ('MPI_BIN', '/usr/lib64/openmpi/bin'), ('ROS_LOCALHOST_ONLY', '1'), ('HISTCONTROL', 'ignoredups'), ('OGRE_RESOURCE_PATH', '/usr/lib/x86_64-linux-gnu/OGRE-1.9.0'), ('PATH', '/opt/ros/humble/bin:/usr/lib64/qt6/bin:/uolstore/home/users/sc23oy/.local/bin:/uolstore/home/users/sc23oy/bin:/usr/local/sbin:/usr/local/bin:/usr/sbin:/usr/bin:/sbin:/bin'), ('MPI_HOME', '/usr/lib64/openmpi'), ('GDM_LANG', 'en_GB.UTF-8'), ('APPTAINER_COMMAND', 'shell'), ('LMOD_SETTARG_FULL_SUPPORT', 'no'), ('__LMOD_REF_COUNT_LD_LIBRARY_PATH', '/usr/lib64/openmpi/lib:1'), ('XDG_MENU_PREFIX', 'gnome-'), ('GNOME_TERMINAL_SCREEN', '/org/gnome/Terminal/screen/3e198ced_e144_4c1b_ba88_d3f0aa723bad'), ('XDG_RUNTIME_DIR', '/run/user/604234'), ('MPI_MAN', '/usr/share/man/openmpi-x86_64'), ('GDK_BACKEND', 'x11'), ('DISPLAY', ':1'), ('HISTSIZE', '1000'), ('APPTAINER_APPNAME', ''), ('LANG', 'en_US.UTF-8'), ('XDG_CURRENT_DESKTOP', 'GNOME'), ('LMOD_ROOT', '/usr/share/lmod'), ('XMODIFIERS', '@im=ibus'), ('XDG_SESSION_DESKTOP', 'gnome'), ('XAUTHORITY', '/run/gdm/auth-for-sc23oy-AYJ5N3/database'), ('LS_COLORS', 'rs=0:di=01;34:ln=01;36:mh=00:pi=40;33:so=01;35:do=01;35:bd=40;33;01:cd=40;33;01:or=40;31;01:mi=01;37;41:su=37;41:sg=30;43:ca=30;41:tw=30;42:ow=34;42:st=37;44:ex=01;32:*.tar=01;31:*.tgz=01;31:*.arc=01;31:*.arj=01;31:*.taz=01;31:*.lha=01;31:*.lz4=01;31:*.lzh=01;31:*.lzma=01;31:*.tlz=01;31:*.txz=01;31:*.tzo=01;31:*.t7z=01;31:*.zip=01;31:*.z=01;31:*.dz=01;31:*.gz=01;31:*.lrz=01;31:*.lz=01;31:*.lzo=01;31:*.xz=01;31:*.zst=01;31:*.tzst=01;31:*.bz2=01;31:*.bz=01;31:*.tbz=01;31:*.tbz2=01;31:*.tz=01;31:*.deb=01;31:*.rpm=01;31:*.jar=01;31:*.war=01;31:*.ear=01;31:*.sar=01;31:*.rar=01;31:*.alz=01;31:*.ace=01;31:*.zoo=01;31:*.cpio=01;31:*.7z=01;31:*.rz=01;31:*.cab=01;31:*.wim=01;31:*.swm=01;31:*.dwm=01;31:*.esd=01;31:*.jpg=01;35:*.jpeg=01;35:*.mjpg=01;35:*.mjpeg=01;35:*.gif=01;35:*.bmp=01;35:*.pbm=01;35:*.pgm=01;35:*.ppm=01;35:*.tga=01;35:*.xbm=01;35:*.xpm=01;35:*.tif=01;35:*.tiff=01;35:*.png=01;35:*.svg=01;35:*.svgz=01;35:*.mng=01;35:*.pcx=01;35:*.mov=01;35:*.mpg=01;35:*.mpeg=01;35:*.m2v=01;35:*.mkv=01;35:*.webm=01;35:*.webp=01;35:*.ogm=01;35:*.mp4=01;35:*.m4v=01;35:*.mp4v=01;35:*.vob=01;35:*.qt=01;35:*.nuv=01;35:*.wmv=01;35:*.asf=01;35:*.rm=01;35:*.rmvb=01;35:*.flc=01;35:*.avi=01;35:*.fli=01;35:*.flv=01;35:*.gl=01;35:*.dl=01;35:*.xcf=01;35:*.xwd=01;35:*.yuv=01;35:*.cgm=01;35:*.emf=01;35:*.ogv=01;35:*.ogx=01;35:*.aac=01;36:*.au=01;36:*.flac=01;36:*.m4a=01;36:*.mid=01;36:*.midi=01;36:*.mka=01;36:*.mp3=01;36:*.mpc=01;36:*.ogg=01;36:*.ra=01;36:*.wav=01;36:*.oga=01;36:*.opus=01;36:*.spx=01;36:*.xspf=01;36:'), ('VSCODE_GIT_IPC_HANDLE', '/run/user/604234/vscode-git-8fb86e4b5d.sock'), ('GNOME_TERMINAL_SERVICE', ':1.59'), ('TERM_PROGRAM', 'vscode'), ('ROS_DOMAIN_ID', '30'), ('AMENT_PREFIX_PATH', '/opt/ros/humble'), ('ORIGINAL_XDG_CURRENT_DESKTOP', 'GNOME'), ('SHELL', '/bin/bash'), ('KRB5CCNAME', 'KEYRING:persistent:604234'), ('MPI_SYSCONFIG', '/etc/openmpi-x86_64'), ('MODULEPATH_ROOT', '/usr/share/modulefiles'), ('NO_AT_BRIDGE', '1'), ('CXX', '/usr/bin/g++'), ('GDMSESSION', 'gnome'), ('APPTAINER_CONTAINER', '/vol/scratch/SoC/COMP3631/comp3631.simg'), ('APPTAINER_BIND', '/run/user/604234,/etc/localtime'), ('LMOD_FAMILY_COMPILER', 'gcc'), ('LMOD_CMD', '/usr/share/lmod/lmod/libexec/lmod'), ('_ModuleTable_Sz_', '4'), ('GAZEBO_RESOURCE_PATH', '/usr/share/gazebo-11:'), ('GAZEBO_MODEL_DATABASE_URI', 'http://models.gazebosim.org'), ('SINGULARITY_CONTAINER', '/vol/scratch/SoC/COMP3631/comp3631.simg'), ('VSCODE_GIT_ASKPASS_EXTRA_ARGS', ''), ('BASH_ENV', '/usr/share/lmod/lmod/init/bash'), ('QT_IM_MODULE', 'ibus'), ('SINGULARITY_BIND', '/run/user/604234,/etc/localtime'), ('_ModuleTable001_', 'X01vZHVsZVRhYmxlXyA9IHsKTVR2ZXJzaW9uID0gMywKY19yZWJ1aWxkVGltZSA9IGZhbHNlLApjX3Nob3J0VGltZSA9IGZhbHNlLApkZXB0aFQgPSB7fSwKZmFtaWx5ID0gewpjb21waWxlciA9ICJnY2MiLAp9LAptVCA9IHsKZ2NjID0gewphY3Rpb25BID0gewpbW3ByZXBlbmRfcGF0aCgiTU9EVUxFUEFUSCIsIi91b2xsaW5hcHBzL3YyLzI0LTI1L3NvYy9zcGFjay9lbDkvZ2NjLzE0LjIuMCIpXV0sCn0sCmZuID0gIi91b2xsaW5hcHBzL3YyL2N1cnJlbnQvc29jL3NwYWNrL2VsOS9Db3JlL2djYy8xNC4yLjAubHVhIiwKZnVsbE5hbWUgPSAiZ2NjLzE0LjIuMCIsCmxvYWRPcmRlciA9IDEsCnByb3BUID0ge30sCnN0YWNrRGVwdGggPSAwLApzdGF0dXMgPSAiYWN0aXZlIiwK'), ('DEBUGINFOD_IMA_CERT_PATH', '/etc/keys/ima:'), ('_ModuleTable002_', 'dXNlck5hbWUgPSAiZ2NjIiwKd1YgPSAiMDAwMDAwMDE0LjAwMDAwMDAwMi4qemZpbmFsIiwKfSwKbXBpID0gewpmbiA9ICIvdXNyL3NoYXJlL21vZHVsZWZpbGVzL21waS9vcGVubXBpLXg4Nl82NCIsCmZ1bGxOYW1lID0gIm1waS9vcGVubXBpLXg4Nl82NCIsCmxvYWRPcmRlciA9IDIsCnByb3BUID0ge30sCnN0YWNrRGVwdGggPSAwLApzdGF0dXMgPSAiYWN0aXZlIiwKdXNlck5hbWUgPSAibXBpIiwKd1YgPSAiKm9wZW5tcGkuKnguMDAwMDAwMDg2LipfLjAwMDAwMDA2NC4qemZpbmFsIiwKfSwKfSwKbXBhdGhBID0gewoiL3VvbGxpbmFwcHMvdjIvMjQtMjUvc29jL3NwYWNrL2VsOS9nY2MvMTQuMi4wIiwgIi9ldGMvc2NsL21vZHVsZWZpbGVzIgosICIvdXNyL3NoYXJlL21v'), ('PWD', '/uolstore/home/users/sc23oy/ros2_ws/build/turtlebot3_fake_node'), ('LOADEDMODULES', 'gcc/14.2.0:mpi/openmpi-x86_64'), ('TURTLEBOT3_MODEL', 'burger'), ('APPTAINER_NAME', 'comp3631.simg'), ('GAZEBO_PLUGIN_PATH', '/usr/lib/x86_64-linux-gnu/gazebo-11/plugins:'), ('_ModuleTable003_', 'ZHVsZWZpbGVzIiwgIi91b2xsaW5hcHBzL3YyL2N1cnJlbnQvdW9sL3NwYWNrL2VsOS9Db3JlIgosICIvdW9sbGluYXBwcy92Mi9jdXJyZW50L3VvbC9vdGhlci9lbDkiCiwgIi91b2xsaW5hcHBzL3YyL2N1cnJlbnQvc29jL3NwYWNrL2VsOS9Db3JlIgosICIvdW9sbGluYXBwcy92Mi9jdXJyZW50L3NvYy9vdGhlciIsICIvdXNyL3NoYXJlL21vZHVsZWZpbGVzL0xpbnV4IgosICIvdXNyL3NoYXJlL21vZHVsZWZpbGVzL0NvcmUiLCAiL3Vzci9zaGFyZS9sbW9kL2xtb2QvbW9kdWxlZmlsZXMvQ29yZSIsCn0sCnN5c3RlbUJhc2VNUEFUSCA9ICIvZXRjL3NjbC9tb2R1bGVmaWxlczovdXNyL3NoYXJlL21vZHVsZWZpbGVzOi91b2xsaW5hcHBzL3YyL2N1cnJlbnQvdW9sL3NwYWNr'), ('XDG_DATA_DIRS', '/uolstore/home/users/sc23oy/.local/share/flatpak/exports/share:/var/lib/flatpak/exports/share:/usr/local/share:/usr/share'), ('PYTHONPATH', '/opt/ros/humble/lib/python3.10/site-packages:/opt/ros/humble/local/lib/python3.10/dist-packages'), ('_ModuleTable004_', 'L2VsOS9Db3JlOi91b2xsaW5hcHBzL3YyL2N1cnJlbnQvdW9sL290aGVyL2VsOTovdW9sbGluYXBwcy92Mi9jdXJyZW50L3NvYy9zcGFjay9lbDkvQ29yZTovdW9sbGluYXBwcy92Mi9jdXJyZW50L3NvYy9vdGhlcjovdXNyL3NoYXJlL21vZHVsZWZpbGVzL0xpbnV4Oi91c3Ivc2hhcmUvbW9kdWxlZmlsZXMvQ29yZTovdXNyL3NoYXJlL2xtb2QvbG1vZC9tb2R1bGVmaWxlcy9Db3JlIiwKfQo='), ('SINGULARITY_NAME', 'comp3631.simg'), ('CC', '/usr/bin/gcc'), ('COLCON', '1'), ('__LMOD_REF_COUNT_MODULEPATH', '/uollinapps/v2/24-25/soc/spack/el9/gcc/14.2.0:1;/etc/scl/modulefiles:2;/usr/share/modulefiles:1;/uollinapps/v2/current/uol/spack/el9/Core:1;/uollinapps/v2/current/uol/other/el9:1;/uollinapps/v2/current/soc/spack/el9/Core:1;/uollinapps/v2/current/soc/other:1;/usr/share/modulefiles/Linux:1;/usr/share/modulefiles/Core:1;/usr/share/lmod/lmod/modulefiles/Core:1'), ('MANPATH', ':/usr/share/man/openmpi-x86_64:/uollinapps/v2/24-25/soc/packages/linux-rhel9-x86_64_v3/gcc-11.4.0/gcc-14.2.0-svuh5yskfnrwh537tvxvt642acswwlju/share/man:/usr/share/lmod/lmod/share/man:/opt/puppetlabs/puppet/share/man'), ('VTE_VERSION', '6402'), ('MPI_SUFFIX', '_openmpi'), ('__LMOD_REF_COUNT_MANPATH', ':3;/usr/share/man/openmpi-x86_64:1;/uollinapps/v2/24-25/soc/packages/linux-rhel9-x86_64_v3/gcc-11.4.0/gcc-14.2.0-svuh5yskfnrwh537tvxvt642acswwlju/share/man:1;/usr/share/lmod/lmod/share/man:1;/opt/puppetlabs/puppet/share/man:1'), ('MODULEPATH', '/uollinapps/v2/24-25/soc/spack/el9/gcc/14.2.0:/etc/scl/modulefiles:/usr/share/modulefiles:/uollinapps/v2/current/uol/spack/el9/Core:/uollinapps/v2/current/uol/other/el9:/uollinapps/v2/current/soc/spack/el9/Core:/uollinapps/v2/current/soc/other:/usr/share/modulefiles/Linux:/usr/share/modulefiles/Core:/usr/share/lmod/lmod/modulefiles/Core'), ('MODULESHOME', '/usr/share/Modules'), ('CMAKE_PREFIX_PATH', '/uollinapps/v2/24-25/soc/packages/linux-rhel9-x86_64_v3/gcc-11.4.0/gcc-14.2.0-svuh5yskfnrwh537tvxvt642acswwlju:/opt/ros/humble')]), 'shell': False}
[1.150359] (turtlebot3_gazebo) JobProgress: {'identifier': 'turtlebot3_gazebo', 'progress': 'cmake'}
[1.151433] (turtlebot3_gazebo) Command: {'cmd': ['/usr/bin/cmake', '/uolstore/home/users/sc23oy/ros2_ws/src/turtlebot3_simulations/turtlebot3_gazebo', '-DCMAKE_INSTALL_PREFIX=/uolstore/home/users/sc23oy/ros2_ws/install/turtlebot3_gazebo'], 'cwd': '/uolstore/home/users/sc23oy/ros2_ws/build/turtlebot3_gazebo', 'env': OrderedDict([('LESSOPEN', '||/usr/bin/lesspipe.sh %s'), ('LMOD_DIR', '/usr/share/lmod/lmod/libexec'), ('MAIL', '/var/spool/mail/sc23oy'), ('USER', 'sc23oy'), ('__LMOD_REF_COUNT_CMAKE_PREFIX_PATH', '/uollinapps/v2/24-25/soc/packages/linux-rhel9-x86_64_v3/gcc-11.4.0/gcc-14.2.0-svuh5yskfnrwh537tvxvt642acswwlju:1'), ('HOSTNAME', 'feng-linux-07.leeds.ac.uk'), ('XDG_SESSION_TYPE', 'x11'), ('MPI_FORTRAN_MOD_DIR', '/usr/lib64/gfortran/modules/openmpi'), ('GIT_ASKPASS', '/usr/share/code/resources/app/extensions/git/dist/askpass.sh'), ('LMOD_PKG', '/usr/share/lmod/lmod'), ('SHLVL', '3'), ('LD_LIBRARY_PATH', '/usr/lib/x86_64-linux-gnu/gazebo-11/plugins:/opt/ros/humble/opt/rviz_ogre_vendor/lib:/opt/ros/humble/lib/x86_64-linux-gnu:/opt/ros/humble/lib:/.singularity.d/libs:/usr/lib/x86_64-linux-gnu/gazebo-11/plugins:'), ('MPI_INCLUDE', '/usr/include/openmpi-x86_64'), ('HOME', '/uolstore/home/users/sc23oy'), ('CHROME_DESKTOP', 'code-url-handler.desktop'), ('OLDPWD', '/uolstore/home/users/sc23oy/ros2_ws'), ('TERM_PROGRAM_VERSION', '1.86.2'), ('DESKTOP_SESSION', 'gnome'), ('USER_PATH', '/usr/lib64/openmpi/bin:/usr/lib64/qt6/bin:/uollinapps/v2/24-25/soc/packages/linux-rhel9-x86_64_v3/gcc-11.4.0/gcc-14.2.0-svuh5yskfnrwh537tvxvt642acswwlju/bin:/uolstore/home/users/sc23oy/.local/bin:/uolstore/home/users/sc23oy/bin:/usr/local/bin:/usr/local/sbin:/usr/bin:/usr/sbin:/opt/puppetlabs/bin:/bin:/usr/bin:/sbin:/usr/sbin:/usr/local/bin:/usr/local/sbin'), ('__LMOD_REF_COUNT_PKG_CONFIG_PATH', '/usr/lib64/openmpi/lib/pkgconfig:1'), ('GAZEBO_MASTER_URI', 'http://localhost:11345'), ('ROS_PYTHON_VERSION', '3'), ('FPATH', '/usr/share/lmod/lmod/init/ksh_funcs'), ('FC', '/uollinapps/v2/24-25/soc/packages/linux-rhel9-x86_64_v3/gcc-11.4.0/gcc-14.2.0-svuh5yskfnrwh537tvxvt642acswwlju/bin/gfortran'), ('VSCODE_GIT_ASKPASS_MAIN', '/usr/share/code/resources/app/extensions/git/dist/askpass-main.js'), ('PS1', '\\[\x1b]633;A\x07\\][COMP3631] Singularity> \\w $ \\[\x1b]633;B\x07\\]'), ('VSCODE_GIT_ASKPASS_NODE', '/usr/share/code/code'), ('MPI_PYTHON3_SITEARCH', '/usr/lib64/python3.9/site-packages/openmpi'), ('LMOD_FAMILY_COMPILER_VERSION', '14.2.0'), ('_LMFILES_', '/uollinapps/v2/current/soc/spack/el9/Core/gcc/14.2.0.lua:/usr/share/modulefiles/mpi/openmpi-x86_64'), ('DBUS_SESSION_BUS_ADDRESS', 'unix:abstract=/tmp/dbus-8qGMb8aiOx,guid=2ad71e69851b37c21bae78fe69eca169'), ('COLORTERM', 'truecolor'), ('APPTAINER_ENVIRONMENT', '/.singularity.d/env/91-environment.sh'), ('__LMOD_REF_COUNT_PATH', '/usr/lib64/openmpi/bin:1;/usr/lib64/qt6/bin:2;/uollinapps/v2/24-25/soc/packages/linux-rhel9-x86_64_v3/gcc-11.4.0/gcc-14.2.0-svuh5yskfnrwh537tvxvt642acswwlju/bin:1;/uolstore/home/users/sc23oy/.local/bin:1;/uolstore/home/users/sc23oy/bin:1;/usr/local/bin:1;/usr/local/sbin:1;/usr/bin:1;/usr/sbin:1;/opt/puppetlabs/bin:1'), ('LMOD_sys', 'Linux'), ('F77', '/uollinapps/v2/24-25/soc/packages/linux-rhel9-x86_64_v3/gcc-11.4.0/gcc-14.2.0-svuh5yskfnrwh537tvxvt642acswwlju/bin/gfortran'), ('which_declare', 'declare -f'), ('COLCON_PREFIX_PATH', '/uolstore/home/users/sc23oy/ros2_ws/install'), ('ROS_DISTRO', 'humble'), ('SINGULARITY_ENVIRONMENT', '/.singularity.d/env/91-environment.sh'), ('LOGNAME', 'sc23oy'), ('MPI_COMPILER', 'openmpi-x86_64'), ('LMOD_VERSION', '8.7.65'), ('_', '/usr/bin/colcon'), ('ROS_VERSION', '2'), ('MPI_LIB', '/usr/lib64/openmpi/lib'), ('PKG_CONFIG_PATH', '/usr/lib64/openmpi/lib/pkgconfig'), ('XDG_SESSION_CLASS', 'user'), ('USERNAME', 'sc23oy'), ('TERM', 'xterm-256color'), ('GAZEBO_MODEL_PATH', '/usr/share/gazebo-11/models:'), ('MPI_BIN', '/usr/lib64/openmpi/bin'), ('ROS_LOCALHOST_ONLY', '1'), ('HISTCONTROL', 'ignoredups'), ('OGRE_RESOURCE_PATH', '/usr/lib/x86_64-linux-gnu/OGRE-1.9.0'), ('PATH', '/opt/ros/humble/bin:/usr/lib64/qt6/bin:/uolstore/home/users/sc23oy/.local/bin:/uolstore/home/users/sc23oy/bin:/usr/local/sbin:/usr/local/bin:/usr/sbin:/usr/bin:/sbin:/bin'), ('MPI_HOME', '/usr/lib64/openmpi'), ('GDM_LANG', 'en_GB.UTF-8'), ('APPTAINER_COMMAND', 'shell'), ('LMOD_SETTARG_FULL_SUPPORT', 'no'), ('__LMOD_REF_COUNT_LD_LIBRARY_PATH', '/usr/lib64/openmpi/lib:1'), ('XDG_MENU_PREFIX', 'gnome-'), ('GNOME_TERMINAL_SCREEN', '/org/gnome/Terminal/screen/3e198ced_e144_4c1b_ba88_d3f0aa723bad'), ('XDG_RUNTIME_DIR', '/run/user/604234'), ('MPI_MAN', '/usr/share/man/openmpi-x86_64'), ('GDK_BACKEND', 'x11'), ('DISPLAY', ':1'), ('HISTSIZE', '1000'), ('APPTAINER_APPNAME', ''), ('LANG', 'en_US.UTF-8'), ('XDG_CURRENT_DESKTOP', 'GNOME'), ('LMOD_ROOT', '/usr/share/lmod'), ('XMODIFIERS', '@im=ibus'), ('XDG_SESSION_DESKTOP', 'gnome'), ('XAUTHORITY', '/run/gdm/auth-for-sc23oy-AYJ5N3/database'), ('LS_COLORS', 'rs=0:di=01;34:ln=01;36:mh=00:pi=40;33:so=01;35:do=01;35:bd=40;33;01:cd=40;33;01:or=40;31;01:mi=01;37;41:su=37;41:sg=30;43:ca=30;41:tw=30;42:ow=34;42:st=37;44:ex=01;32:*.tar=01;31:*.tgz=01;31:*.arc=01;31:*.arj=01;31:*.taz=01;31:*.lha=01;31:*.lz4=01;31:*.lzh=01;31:*.lzma=01;31:*.tlz=01;31:*.txz=01;31:*.tzo=01;31:*.t7z=01;31:*.zip=01;31:*.z=01;31:*.dz=01;31:*.gz=01;31:*.lrz=01;31:*.lz=01;31:*.lzo=01;31:*.xz=01;31:*.zst=01;31:*.tzst=01;31:*.bz2=01;31:*.bz=01;31:*.tbz=01;31:*.tbz2=01;31:*.tz=01;31:*.deb=01;31:*.rpm=01;31:*.jar=01;31:*.war=01;31:*.ear=01;31:*.sar=01;31:*.rar=01;31:*.alz=01;31:*.ace=01;31:*.zoo=01;31:*.cpio=01;31:*.7z=01;31:*.rz=01;31:*.cab=01;31:*.wim=01;31:*.swm=01;31:*.dwm=01;31:*.esd=01;31:*.jpg=01;35:*.jpeg=01;35:*.mjpg=01;35:*.mjpeg=01;35:*.gif=01;35:*.bmp=01;35:*.pbm=01;35:*.pgm=01;35:*.ppm=01;35:*.tga=01;35:*.xbm=01;35:*.xpm=01;35:*.tif=01;35:*.tiff=01;35:*.png=01;35:*.svg=01;35:*.svgz=01;35:*.mng=01;35:*.pcx=01;35:*.mov=01;35:*.mpg=01;35:*.mpeg=01;35:*.m2v=01;35:*.mkv=01;35:*.webm=01;35:*.webp=01;35:*.ogm=01;35:*.mp4=01;35:*.m4v=01;35:*.mp4v=01;35:*.vob=01;35:*.qt=01;35:*.nuv=01;35:*.wmv=01;35:*.asf=01;35:*.rm=01;35:*.rmvb=01;35:*.flc=01;35:*.avi=01;35:*.fli=01;35:*.flv=01;35:*.gl=01;35:*.dl=01;35:*.xcf=01;35:*.xwd=01;35:*.yuv=01;35:*.cgm=01;35:*.emf=01;35:*.ogv=01;35:*.ogx=01;35:*.aac=01;36:*.au=01;36:*.flac=01;36:*.m4a=01;36:*.mid=01;36:*.midi=01;36:*.mka=01;36:*.mp3=01;36:*.mpc=01;36:*.ogg=01;36:*.ra=01;36:*.wav=01;36:*.oga=01;36:*.opus=01;36:*.spx=01;36:*.xspf=01;36:'), ('VSCODE_GIT_IPC_HANDLE', '/run/user/604234/vscode-git-8fb86e4b5d.sock'), ('GNOME_TERMINAL_SERVICE', ':1.59'), ('TERM_PROGRAM', 'vscode'), ('ROS_DOMAIN_ID', '30'), ('AMENT_PREFIX_PATH', '/opt/ros/humble'), ('ORIGINAL_XDG_CURRENT_DESKTOP', 'GNOME'), ('SHELL', '/bin/bash'), ('KRB5CCNAME', 'KEYRING:persistent:604234'), ('MPI_SYSCONFIG', '/etc/openmpi-x86_64'), ('MODULEPATH_ROOT', '/usr/share/modulefiles'), ('NO_AT_BRIDGE', '1'), ('CXX', '/usr/bin/g++'), ('GDMSESSION', 'gnome'), ('APPTAINER_CONTAINER', '/vol/scratch/SoC/COMP3631/comp3631.simg'), ('APPTAINER_BIND', '/run/user/604234,/etc/localtime'), ('LMOD_FAMILY_COMPILER', 'gcc'), ('LMOD_CMD', '/usr/share/lmod/lmod/libexec/lmod'), ('_ModuleTable_Sz_', '4'), ('GAZEBO_RESOURCE_PATH', '/usr/share/gazebo-11:'), ('GAZEBO_MODEL_DATABASE_URI', 'http://models.gazebosim.org'), ('SINGULARITY_CONTAINER', '/vol/scratch/SoC/COMP3631/comp3631.simg'), ('VSCODE_GIT_ASKPASS_EXTRA_ARGS', ''), ('BASH_ENV', '/usr/share/lmod/lmod/init/bash'), ('QT_IM_MODULE', 'ibus'), ('SINGULARITY_BIND', '/run/user/604234,/etc/localtime'), ('_ModuleTable001_', 'X01vZHVsZVRhYmxlXyA9IHsKTVR2ZXJzaW9uID0gMywKY19yZWJ1aWxkVGltZSA9IGZhbHNlLApjX3Nob3J0VGltZSA9IGZhbHNlLApkZXB0aFQgPSB7fSwKZmFtaWx5ID0gewpjb21waWxlciA9ICJnY2MiLAp9LAptVCA9IHsKZ2NjID0gewphY3Rpb25BID0gewpbW3ByZXBlbmRfcGF0aCgiTU9EVUxFUEFUSCIsIi91b2xsaW5hcHBzL3YyLzI0LTI1L3NvYy9zcGFjay9lbDkvZ2NjLzE0LjIuMCIpXV0sCn0sCmZuID0gIi91b2xsaW5hcHBzL3YyL2N1cnJlbnQvc29jL3NwYWNrL2VsOS9Db3JlL2djYy8xNC4yLjAubHVhIiwKZnVsbE5hbWUgPSAiZ2NjLzE0LjIuMCIsCmxvYWRPcmRlciA9IDEsCnByb3BUID0ge30sCnN0YWNrRGVwdGggPSAwLApzdGF0dXMgPSAiYWN0aXZlIiwK'), ('DEBUGINFOD_IMA_CERT_PATH', '/etc/keys/ima:'), ('_ModuleTable002_', 'dXNlck5hbWUgPSAiZ2NjIiwKd1YgPSAiMDAwMDAwMDE0LjAwMDAwMDAwMi4qemZpbmFsIiwKfSwKbXBpID0gewpmbiA9ICIvdXNyL3NoYXJlL21vZHVsZWZpbGVzL21waS9vcGVubXBpLXg4Nl82NCIsCmZ1bGxOYW1lID0gIm1waS9vcGVubXBpLXg4Nl82NCIsCmxvYWRPcmRlciA9IDIsCnByb3BUID0ge30sCnN0YWNrRGVwdGggPSAwLApzdGF0dXMgPSAiYWN0aXZlIiwKdXNlck5hbWUgPSAibXBpIiwKd1YgPSAiKm9wZW5tcGkuKnguMDAwMDAwMDg2LipfLjAwMDAwMDA2NC4qemZpbmFsIiwKfSwKfSwKbXBhdGhBID0gewoiL3VvbGxpbmFwcHMvdjIvMjQtMjUvc29jL3NwYWNrL2VsOS9nY2MvMTQuMi4wIiwgIi9ldGMvc2NsL21vZHVsZWZpbGVzIgosICIvdXNyL3NoYXJlL21v'), ('PWD', '/uolstore/home/users/sc23oy/ros2_ws/build/turtlebot3_gazebo'), ('LOADEDMODULES', 'gcc/14.2.0:mpi/openmpi-x86_64'), ('TURTLEBOT3_MODEL', 'burger'), ('APPTAINER_NAME', 'comp3631.simg'), ('GAZEBO_PLUGIN_PATH', '/usr/lib/x86_64-linux-gnu/gazebo-11/plugins:'), ('_ModuleTable003_', 'ZHVsZWZpbGVzIiwgIi91b2xsaW5hcHBzL3YyL2N1cnJlbnQvdW9sL3NwYWNrL2VsOS9Db3JlIgosICIvdW9sbGluYXBwcy92Mi9jdXJyZW50L3VvbC9vdGhlci9lbDkiCiwgIi91b2xsaW5hcHBzL3YyL2N1cnJlbnQvc29jL3NwYWNrL2VsOS9Db3JlIgosICIvdW9sbGluYXBwcy92Mi9jdXJyZW50L3NvYy9vdGhlciIsICIvdXNyL3NoYXJlL21vZHVsZWZpbGVzL0xpbnV4IgosICIvdXNyL3NoYXJlL21vZHVsZWZpbGVzL0NvcmUiLCAiL3Vzci9zaGFyZS9sbW9kL2xtb2QvbW9kdWxlZmlsZXMvQ29yZSIsCn0sCnN5c3RlbUJhc2VNUEFUSCA9ICIvZXRjL3NjbC9tb2R1bGVmaWxlczovdXNyL3NoYXJlL21vZHVsZWZpbGVzOi91b2xsaW5hcHBzL3YyL2N1cnJlbnQvdW9sL3NwYWNr'), ('XDG_DATA_DIRS', '/uolstore/home/users/sc23oy/.local/share/flatpak/exports/share:/var/lib/flatpak/exports/share:/usr/local/share:/usr/share'), ('PYTHONPATH', '/opt/ros/humble/lib/python3.10/site-packages:/opt/ros/humble/local/lib/python3.10/dist-packages'), ('_ModuleTable004_', 'L2VsOS9Db3JlOi91b2xsaW5hcHBzL3YyL2N1cnJlbnQvdW9sL290aGVyL2VsOTovdW9sbGluYXBwcy92Mi9jdXJyZW50L3NvYy9zcGFjay9lbDkvQ29yZTovdW9sbGluYXBwcy92Mi9jdXJyZW50L3NvYy9vdGhlcjovdXNyL3NoYXJlL21vZHVsZWZpbGVzL0xpbnV4Oi91c3Ivc2hhcmUvbW9kdWxlZmlsZXMvQ29yZTovdXNyL3NoYXJlL2xtb2QvbG1vZC9tb2R1bGVmaWxlcy9Db3JlIiwKfQo='), ('SINGULARITY_NAME', 'comp3631.simg'), ('CC', '/usr/bin/gcc'), ('COLCON', '1'), ('__LMOD_REF_COUNT_MODULEPATH', '/uollinapps/v2/24-25/soc/spack/el9/gcc/14.2.0:1;/etc/scl/modulefiles:2;/usr/share/modulefiles:1;/uollinapps/v2/current/uol/spack/el9/Core:1;/uollinapps/v2/current/uol/other/el9:1;/uollinapps/v2/current/soc/spack/el9/Core:1;/uollinapps/v2/current/soc/other:1;/usr/share/modulefiles/Linux:1;/usr/share/modulefiles/Core:1;/usr/share/lmod/lmod/modulefiles/Core:1'), ('MANPATH', ':/usr/share/man/openmpi-x86_64:/uollinapps/v2/24-25/soc/packages/linux-rhel9-x86_64_v3/gcc-11.4.0/gcc-14.2.0-svuh5yskfnrwh537tvxvt642acswwlju/share/man:/usr/share/lmod/lmod/share/man:/opt/puppetlabs/puppet/share/man'), ('VTE_VERSION', '6402'), ('MPI_SUFFIX', '_openmpi'), ('__LMOD_REF_COUNT_MANPATH', ':3;/usr/share/man/openmpi-x86_64:1;/uollinapps/v2/24-25/soc/packages/linux-rhel9-x86_64_v3/gcc-11.4.0/gcc-14.2.0-svuh5yskfnrwh537tvxvt642acswwlju/share/man:1;/usr/share/lmod/lmod/share/man:1;/opt/puppetlabs/puppet/share/man:1'), ('MODULEPATH', '/uollinapps/v2/24-25/soc/spack/el9/gcc/14.2.0:/etc/scl/modulefiles:/usr/share/modulefiles:/uollinapps/v2/current/uol/spack/el9/Core:/uollinapps/v2/current/uol/other/el9:/uollinapps/v2/current/soc/spack/el9/Core:/uollinapps/v2/current/soc/other:/usr/share/modulefiles/Linux:/usr/share/modulefiles/Core:/usr/share/lmod/lmod/modulefiles/Core'), ('MODULESHOME', '/usr/share/Modules'), ('CMAKE_PREFIX_PATH', '/uollinapps/v2/24-25/soc/packages/linux-rhel9-x86_64_v3/gcc-11.4.0/gcc-14.2.0-svuh5yskfnrwh537tvxvt642acswwlju:/opt/ros/humble')]), 'shell': False}
[1.200427] (-) TimerEvent: {}
[1.300769] (-) TimerEvent: {}
[1.401104] (-) TimerEvent: {}
[1.501444] (-) TimerEvent: {}
[1.601787] (-) TimerEvent: {}
[1.702137] (-) TimerEvent: {}
[1.802524] (-) TimerEvent: {}
[1.902883] (-) TimerEvent: {}
[2.003227] (-) TimerEvent: {}
[2.103562] (-) TimerEvent: {}
[2.203906] (-) TimerEvent: {}
[2.304270] (-) TimerEvent: {}
[2.404804] (-) TimerEvent: {}
[2.505440] (-) TimerEvent: {}
[2.605842] (-) TimerEvent: {}
[2.706213] (-) TimerEvent: {}
[2.806599] (-) TimerEvent: {}
[2.906950] (-) TimerEvent: {}
[3.007309] (-) TimerEvent: {}
[3.107708] (-) TimerEvent: {}
[3.208046] (-) TimerEvent: {}
[3.308403] (-) TimerEvent: {}
[3.408856] (-) TimerEvent: {}
[3.509261] (-) TimerEvent: {}
[3.609596] (-) TimerEvent: {}
[3.709944] (-) TimerEvent: {}
[3.810296] (-) TimerEvent: {}
[3.910640] (-) TimerEvent: {}
[4.010994] (-) TimerEvent: {}
[4.111341] (-) TimerEvent: {}
[4.211698] (-) TimerEvent: {}
[4.312097] (-) TimerEvent: {}
[4.320334] (turtlebot3_fake_node) StdoutLine: {'line': b'-- The C compiler identification is GNU 11.4.0\n'}
[4.321106] (turtlebot3_fake_node) StdoutLine: {'line': b'-- The CXX compiler identification is GNU 11.4.0\n'}
[4.321322] (turtlebot3_fake_node) StdoutLine: {'line': b'-- Detecting C compiler ABI info\n'}
[4.321394] (turtlebot3_fake_node) StdoutLine: {'line': b'-- Detecting C compiler ABI info - done\n'}
[4.321616] (turtlebot3_fake_node) StdoutLine: {'line': b'-- Check for working C compiler: /usr/bin/gcc - skipped\n'}
[4.321847] (turtlebot3_fake_node) StdoutLine: {'line': b'-- Detecting C compile features\n'}
[4.321936] (turtlebot3_fake_node) StdoutLine: {'line': b'-- Detecting C compile features - done\n'}
[4.322002] (turtlebot3_fake_node) StdoutLine: {'line': b'-- Detecting CXX compiler ABI info\n'}
[4.322064] (turtlebot3_fake_node) StdoutLine: {'line': b'-- Detecting CXX compiler ABI info - done\n'}
[4.322133] (turtlebot3_fake_node) StdoutLine: {'line': b'-- Check for working CXX compiler: /usr/bin/g++ - skipped\n'}
[4.322195] (turtlebot3_fake_node) StdoutLine: {'line': b'-- Detecting CXX compile features\n'}
[4.322257] (turtlebot3_fake_node) StdoutLine: {'line': b'-- Detecting CXX compile features - done\n'}
[4.322319] (turtlebot3_fake_node) StdoutLine: {'line': b'-- Found ament_cmake: 1.3.7 (/opt/ros/humble/share/ament_cmake/cmake)\n'}
[4.322382] (turtlebot3_fake_node) StdoutLine: {'line': b'-- Found Python3: /usr/bin/python3.10 (found version "3.10.12") found components: Interpreter \n'}
[4.322449] (turtlebot3_fake_node) StdoutLine: {'line': b'-- Found geometry_msgs: 4.2.3 (/opt/ros/humble/share/geometry_msgs/cmake)\n'}
[4.322513] (turtlebot3_fake_node) StdoutLine: {'line': b'-- Found rosidl_generator_c: 3.1.5 (/opt/ros/humble/share/rosidl_generator_c/cmake)\n'}
[4.322577] (turtlebot3_fake_node) StdoutLine: {'line': b'-- Found rosidl_adapter: 3.1.5 (/opt/ros/humble/share/rosidl_adapter/cmake)\n'}
[4.322656] (turtlebot3_fake_node) StdoutLine: {'line': b'-- Found rosidl_generator_cpp: 3.1.5 (/opt/ros/humble/share/rosidl_generator_cpp/cmake)\n'}
[4.322782] (turtlebot3_fake_node) StdoutLine: {'line': b'-- Using all available rosidl_typesupport_c: rosidl_typesupport_fastrtps_c;rosidl_typesupport_introspection_c\n'}
[4.322860] (turtlebot3_fake_node) StdoutLine: {'line': b'-- Using all available rosidl_typesupport_cpp: rosidl_typesupport_fastrtps_cpp;rosidl_typesupport_introspection_cpp\n'}
[4.323034] (turtlebot3_fake_node) StdoutLine: {'line': b'-- Found nav_msgs: 4.2.3 (/opt/ros/humble/share/nav_msgs/cmake)\n'}
[4.323108] (turtlebot3_fake_node) StdoutLine: {'line': b'-- Found rclcpp: 16.0.8 (/opt/ros/humble/share/rclcpp/cmake)\n'}
[4.323177] (turtlebot3_fake_node) StdoutLine: {'line': b'-- Found rmw_implementation_cmake: 6.1.1 (/opt/ros/humble/share/rmw_implementation_cmake/cmake)\n'}
[4.323246] (turtlebot3_fake_node) StdoutLine: {'line': b'-- Found rmw_fastrtps_cpp: 6.2.6 (/opt/ros/humble/share/rmw_fastrtps_cpp/cmake)\n'}
[4.323315] (turtlebot3_fake_node) StdoutLine: {'line': b'-- Found OpenSSL: /usr/lib/x86_64-linux-gnu/libcrypto.so (found version "3.0.2")  \n'}
[4.323383] (turtlebot3_fake_node) StdoutLine: {'line': b'-- Found FastRTPS: /opt/ros/humble/include  \n'}
[4.323452] (turtlebot3_fake_node) StdoutLine: {'line': b"-- Using RMW implementation 'rmw_fastrtps_cpp' as default\n"}
[4.323520] (turtlebot3_fake_node) StdoutLine: {'line': b'-- Looking for pthread.h\n'}
[4.323588] (turtlebot3_fake_node) StdoutLine: {'line': b'-- Looking for pthread.h - found\n'}
[4.323656] (turtlebot3_fake_node) StdoutLine: {'line': b'-- Performing Test CMAKE_HAVE_LIBC_PTHREAD\n'}
[4.323724] (turtlebot3_fake_node) StdoutLine: {'line': b'-- Performing Test CMAKE_HAVE_LIBC_PTHREAD - Success\n'}
[4.323792] (turtlebot3_fake_node) StdoutLine: {'line': b'-- Found Threads: TRUE  \n'}
[4.323869] (turtlebot3_fake_node) StdoutLine: {'line': b'-- Found sensor_msgs: 4.2.3 (/opt/ros/humble/share/sensor_msgs/cmake)\n'}
[4.323940] (turtlebot3_fake_node) StdoutLine: {'line': b'-- Found tf2: 0.25.5 (/opt/ros/humble/share/tf2/cmake)\n'}
[4.324009] (turtlebot3_fake_node) StdoutLine: {'line': b'-- Found tf2_msgs: 0.25.5 (/opt/ros/humble/share/tf2_msgs/cmake)\n'}
[4.324081] (turtlebot3_gazebo) StdoutLine: {'line': b'-- The C compiler identification is GNU 11.4.0\n'}
[4.324455] (turtlebot3_gazebo) StdoutLine: {'line': b'-- The CXX compiler identification is GNU 11.4.0\n'}
[4.324541] (turtlebot3_gazebo) StdoutLine: {'line': b'-- Detecting C compiler ABI info\n'}
[4.324603] (turtlebot3_gazebo) StdoutLine: {'line': b'-- Detecting C compiler ABI info - done\n'}
[4.324665] (turtlebot3_gazebo) StdoutLine: {'line': b'-- Check for working C compiler: /usr/bin/gcc - skipped\n'}
[4.324726] (turtlebot3_gazebo) StdoutLine: {'line': b'-- Detecting C compile features\n'}
[4.324788] (turtlebot3_gazebo) StdoutLine: {'line': b'-- Detecting C compile features - done\n'}
[4.324849] (turtlebot3_gazebo) StdoutLine: {'line': b'-- Detecting CXX compiler ABI info\n'}
[4.324920] (turtlebot3_gazebo) StdoutLine: {'line': b'-- Detecting CXX compiler ABI info - done\n'}
[4.324981] (turtlebot3_gazebo) StdoutLine: {'line': b'-- Check for working CXX compiler: /usr/bin/g++ - skipped\n'}
[4.325042] (turtlebot3_gazebo) StdoutLine: {'line': b'-- Detecting CXX compile features\n'}
[4.325103] (turtlebot3_gazebo) StdoutLine: {'line': b'-- Detecting CXX compile features - done\n'}
[4.325164] (turtlebot3_gazebo) StdoutLine: {'line': b'-- Found ament_cmake: 1.3.7 (/opt/ros/humble/share/ament_cmake/cmake)\n'}
[4.325227] (turtlebot3_gazebo) StdoutLine: {'line': b'-- Found Python3: /usr/bin/python3.10 (found version "3.10.12") found components: Interpreter \n'}
[4.325291] (turtlebot3_gazebo) StdoutLine: {'line': b'-- Found PkgConfig: /usr/bin/pkg-config (found version "0.29.2") \n'}
[4.325353] (turtlebot3_gazebo) StdoutLine: {'line': b"-- Checking for module 'bullet>=2.82'\n"}
[4.325415] (turtlebot3_gazebo) StdoutLine: {'line': b'--   Found bullet, version 3.05\n'}
[4.325477] (turtlebot3_gazebo) StdoutLine: {'line': b'-- Found fcl: /usr/include (found suitable version "0.7.0", minimum required is "0.5.0") \n'}
[4.325539] (turtlebot3_gazebo) StdoutLine: {'line': b'-- Found assimp: /usr/include (found version "5.2.0") \n'}
[4.325627] (turtlebot3_gazebo) StdoutLine: {'line': b'-- Found DART: /usr/include (Required is at least version "6.6") found components: dart \n'}
[4.325690] (turtlebot3_gazebo) StdoutLine: {'line': b'-- Found Boost: /usr/lib/x86_64-linux-gnu/cmake/Boost-1.74.0/BoostConfig.cmake (found suitable version "1.74.0", minimum required is "1.40.0") found components: thread system filesystem program_options regex iostreams date_time \n'}
[4.325775] (turtlebot3_gazebo) StdoutLine: {'line': b'-- Found Protobuf: /usr/lib/x86_64-linux-gnu/libprotobuf.so (found version "3.12.4") \n'}
[4.325838] (turtlebot3_gazebo) StdoutLine: {'line': b'-- Looking for ignition-math6 -- found version 6.15.1\n'}
[4.325909] (turtlebot3_gazebo) StdoutLine: {'line': b'-- Searching for dependencies of ignition-math6\n'}
[4.325971] (turtlebot3_gazebo) StdoutLine: {'line': b'-- Looking for OGRE...\n'}
[4.326034] (turtlebot3_gazebo) StdoutLine: {'line': b'-- OGRE_PREFIX_WATCH changed.\n'}
[4.326096] (turtlebot3_gazebo) StdoutLine: {'line': b"-- Checking for module 'OGRE'\n"}
[4.326160] (turtlebot3_gazebo) StdoutLine: {'line': b'--   Found OGRE, version 1.9.0\n'}
[4.326223] (turtlebot3_gazebo) StdoutLine: {'line': b'-- Found Ogre Ghadamon (1.9.0)\n'}
[4.326285] (turtlebot3_gazebo) StdoutLine: {'line': b'-- Found OGRE: optimized;/usr/lib/x86_64-linux-gnu/libOgreMain.so;debug;/usr/lib/x86_64-linux-gnu/libOgreMain.so\n'}
[4.326349] (turtlebot3_gazebo) StdoutLine: {'line': b'-- Looking for OGRE_Paging...\n'}
[4.326411] (turtlebot3_gazebo) StdoutLine: {'line': b'-- Found OGRE_Paging: optimized;/usr/lib/x86_64-linux-gnu/libOgrePaging.so;debug;/usr/lib/x86_64-linux-gnu/libOgrePaging.so\n'}
[4.326475] (turtlebot3_gazebo) StdoutLine: {'line': b'-- Looking for OGRE_Terrain...\n'}
[4.326539] (turtlebot3_gazebo) StdoutLine: {'line': b'-- Found OGRE_Terrain: optimized;/usr/lib/x86_64-linux-gnu/libOgreTerrain.so;debug;/usr/lib/x86_64-linux-gnu/libOgreTerrain.so\n'}
[4.326606] (turtlebot3_gazebo) StdoutLine: {'line': b'-- Looking for OGRE_Property...\n'}
[4.326671] (turtlebot3_gazebo) StdoutLine: {'line': b'-- Found OGRE_Property: optimized;/usr/lib/x86_64-linux-gnu/libOgreProperty.so;debug;/usr/lib/x86_64-linux-gnu/libOgreProperty.so\n'}
[4.326734] (turtlebot3_gazebo) StdoutLine: {'line': b'-- Looking for OGRE_RTShaderSystem...\n'}
[4.326800] (turtlebot3_gazebo) StdoutLine: {'line': b'-- Found OGRE_RTShaderSystem: optimized;/usr/lib/x86_64-linux-gnu/libOgreRTShaderSystem.so;debug;/usr/lib/x86_64-linux-gnu/libOgreRTShaderSystem.so\n'}
[4.326989] (turtlebot3_gazebo) StdoutLine: {'line': b'-- Looking for OGRE_Volume...\n'}
[4.327054] (turtlebot3_gazebo) StdoutLine: {'line': b'-- Found OGRE_Volume: optimized;/usr/lib/x86_64-linux-gnu/libOgreVolume.so;debug;/usr/lib/x86_64-linux-gnu/libOgreVolume.so\n'}
[4.327119] (turtlebot3_gazebo) StdoutLine: {'line': b'-- Looking for OGRE_Overlay...\n'}
[4.327182] (turtlebot3_gazebo) StdoutLine: {'line': b'-- Found OGRE_Overlay: optimized;/usr/lib/x86_64-linux-gnu/libOgreOverlay.so;debug;/usr/lib/x86_64-linux-gnu/libOgreOverlay.so\n'}
[4.327245] (turtlebot3_gazebo) StdoutLine: {'line': b'-- Looking for ignition-math6 -- found version 6.15.1\n'}
[4.327309] (turtlebot3_gazebo) StdoutLine: {'line': b'-- Looking for ignition-transport8 -- found version 8.2.1\n'}
[4.327372] (turtlebot3_gazebo) StdoutLine: {'line': b'-- Searching for dependencies of ignition-transport8\n'}
[4.327434] (turtlebot3_gazebo) StdoutLine: {'line': b'-- Found Protobuf: /usr/lib/x86_64-linux-gnu/libprotobuf.so (found suitable version "3.12.4", minimum required is "3") \n'}
[4.327497] (turtlebot3_gazebo) StdoutLine: {'line': b'-- Config-file not installed for ZeroMQ -- checking for pkg-config\n'}
[4.327558] (turtlebot3_gazebo) StdoutLine: {'line': b"-- Checking for module 'libzmq >= 4'\n"}
[4.327619] (turtlebot3_gazebo) StdoutLine: {'line': b'--   Found libzmq , version 4.3.4\n'}
[4.327682] (turtlebot3_gazebo) StdoutLine: {'line': b'-- Found ZeroMQ: TRUE (Required is at least version "4") \n'}
[4.327744] (turtlebot3_gazebo) StdoutLine: {'line': b"-- Checking for module 'uuid'\n"}
[4.327806] (turtlebot3_gazebo) StdoutLine: {'line': b'--   Found uuid, version 2.37.2\n'}
[4.327879] (turtlebot3_gazebo) StdoutLine: {'line': b'-- Found UUID: TRUE  \n'}
[4.328322] (turtlebot3_gazebo) StdoutLine: {'line': b'-- Looking for ignition-msgs5 -- found version 5.8.1\n'}
[4.328411] (turtlebot3_gazebo) StdoutLine: {'line': b'-- Searching for dependencies of ignition-msgs5\n'}
[4.328475] (turtlebot3_gazebo) StdoutLine: {'line': b'-- Looking for ignition-math6 -- found version 6.15.1\n'}
[4.328537] (turtlebot3_gazebo) StdoutLine: {'line': b"-- Checking for module 'tinyxml2'\n"}
[4.328599] (turtlebot3_gazebo) StdoutLine: {'line': b'--   Found tinyxml2, version 9.0.0\n'}
[4.328661] (turtlebot3_gazebo) StdoutLine: {'line': b'-- Looking for ignition-msgs5 -- found version 5.8.1\n'}
[4.328722] (turtlebot3_gazebo) StdoutLine: {'line': b'-- Looking for ignition-common3 -- found version 3.14.0\n'}
[4.328784] (turtlebot3_gazebo) StdoutLine: {'line': b'-- Searching for dependencies of ignition-common3\n'}
[4.328846] (turtlebot3_gazebo) StdoutLine: {'line': b'-- Looking for dlfcn.h - found\n'}
[4.328916] (turtlebot3_gazebo) StdoutLine: {'line': b'-- Looking for libdl - found\n'}
[4.328978] (turtlebot3_gazebo) StdoutLine: {'line': b'-- Found DL: TRUE  \n'}
[4.329040] (turtlebot3_gazebo) StdoutLine: {'line': b'-- Found tinyobjloader: /usr/lib/x86_64-linux-gnu/cmake/tinyobjloader/tinyobjloader-config.cmake (found version "2.0.0") \n'}
[4.329103] (turtlebot3_gazebo) StdoutLine: {'line': b'-- Searching for <ignition-common3> component [graphics]\n'}
[4.329164] (turtlebot3_gazebo) StdoutLine: {'line': b'-- Looking for ignition-common3-graphics -- found version 3.14.0\n'}
[4.329227] (turtlebot3_gazebo) StdoutLine: {'line': b'-- Searching for dependencies of ignition-common3-graphics\n'}
[4.329290] (turtlebot3_gazebo) StdoutLine: {'line': b'-- Looking for ignition-math6 -- found version 6.15.1\n'}
[4.329352] (turtlebot3_gazebo) StdoutLine: {'line': b'-- Looking for ignition-fuel_tools4 -- found version 4.4.0\n'}
[4.329453] (turtlebot3_gazebo) StdoutLine: {'line': b'-- Searching for dependencies of ignition-fuel_tools4\n'}
[4.329515] (turtlebot3_gazebo) StderrLine: {'line': b'\x1b[33mCMake Warning (dev) at /usr/share/cmake-3.22/Modules/FindPackageHandleStandardArgs.cmake:438 (message):\n'}
[4.329601] (turtlebot3_gazebo) StderrLine: {'line': b'  The package name passed to `find_package_handle_standard_args` (PkgConfig)\n'}
[4.329663] (turtlebot3_gazebo) StderrLine: {'line': b'  does not match the name of the calling package (gazebo).  This can lead to\n'}
[4.329724] (turtlebot3_gazebo) StderrLine: {'line': b'  problems in calling code that expects `find_package` result variables\n'}
[4.329784] (turtlebot3_gazebo) StderrLine: {'line': b'  (e.g., `_FOUND`) to follow a certain pattern.\n'}
[4.329845] (turtlebot3_gazebo) StderrLine: {'line': b'Call Stack (most recent call first):\n'}
[4.329916] (turtlebot3_gazebo) StderrLine: {'line': b'  /usr/share/cmake-3.22/Modules/FindPkgConfig.cmake:99 (find_package_handle_standard_args)\n'}
[4.329977] (turtlebot3_gazebo) StderrLine: {'line': b'  /usr/lib/x86_64-linux-gnu/cmake/gazebo/gazebo-config.cmake:72 (include)\n'}
[4.330042] (turtlebot3_gazebo) StderrLine: {'line': b'  CMakeLists.txt:23 (find_package)\n'}
[4.330105] (turtlebot3_gazebo) StderrLine: {'line': b'This warning is for project developers.  Use -Wno-dev to suppress it.\n'}
[4.330166] (turtlebot3_gazebo) StderrLine: {'line': b'\x1b[0m\n'}
[4.357548] (turtlebot3_gazebo) StdoutLine: {'line': b'-- Found CURL: /usr/lib/x86_64-linux-gnu/libcurl.so (found version "7.81.0")  \n'}
[4.377260] (turtlebot3_gazebo) StdoutLine: {'line': b"-- Checking for module 'jsoncpp'\n"}
[4.395502] (turtlebot3_gazebo) StdoutLine: {'line': b'--   Found jsoncpp, version 1.9.5\n'}
[4.412184] (-) TimerEvent: {}
[4.451675] (turtlebot3_gazebo) StdoutLine: {'line': b'-- Found JSONCPP: TRUE  \n'}
[4.461207] (turtlebot3_gazebo) StdoutLine: {'line': b"-- Checking for module 'libzip'\n"}
[4.483707] (turtlebot3_gazebo) StdoutLine: {'line': b'--   Found libzip, version 1.7.3\n'}
[4.512299] (-) TimerEvent: {}
[4.525194] (turtlebot3_fake_node) StdoutLine: {'line': b'-- Found turtlebot3_msgs: 2.2.3 (/opt/ros/humble/share/turtlebot3_msgs/cmake)\n'}
[4.532255] (turtlebot3_gazebo) StdoutLine: {'line': b'-- Found ZIP: TRUE  \n'}
[4.533057] (turtlebot3_gazebo) StdoutLine: {'line': b'-- Looking for ignition-common3 -- found version 3.14.0\n'}
[4.533740] (turtlebot3_gazebo) StdoutLine: {'line': b'-- Looking for ignition-math6 -- found version 6.15.1\n'}
[4.534440] (turtlebot3_gazebo) StdoutLine: {'line': b'-- Looking for ignition-msgs5 -- found version 5.8.1\n'}
[4.551227] (turtlebot3_gazebo) StdoutLine: {'line': b'-- Found gazebo_ros_pkgs: 3.7.0 (/opt/ros/humble/share/gazebo_ros_pkgs/cmake)\n'}
[4.555051] (turtlebot3_gazebo) StdoutLine: {'line': b'-- Found geometry_msgs: 4.2.3 (/opt/ros/humble/share/geometry_msgs/cmake)\n'}
[4.612377] (-) TimerEvent: {}
[4.622964] (turtlebot3_gazebo) StdoutLine: {'line': b'-- Found rosidl_generator_c: 3.1.5 (/opt/ros/humble/share/rosidl_generator_c/cmake)\n'}
[4.634427] (turtlebot3_gazebo) StdoutLine: {'line': b'-- Found rosidl_adapter: 3.1.5 (/opt/ros/humble/share/rosidl_adapter/cmake)\n'}
[4.654817] (turtlebot3_gazebo) StdoutLine: {'line': b'-- Found rosidl_generator_cpp: 3.1.5 (/opt/ros/humble/share/rosidl_generator_cpp/cmake)\n'}
[4.681007] (turtlebot3_gazebo) StdoutLine: {'line': b'-- Using all available rosidl_typesupport_c: rosidl_typesupport_fastrtps_c;rosidl_typesupport_introspection_c\n'}
[4.712471] (-) TimerEvent: {}
[4.720392] (turtlebot3_gazebo) StdoutLine: {'line': b'-- Using all available rosidl_typesupport_cpp: rosidl_typesupport_fastrtps_cpp;rosidl_typesupport_introspection_cpp\n'}
[4.812570] (-) TimerEvent: {}
[4.861070] (turtlebot3_fake_node) StdoutLine: {'line': b'-- Configuring done\n'}
[4.905686] (turtlebot3_gazebo) StdoutLine: {'line': b'-- Found nav_msgs: 4.2.3 (/opt/ros/humble/share/nav_msgs/cmake)\n'}
[4.912713] (-) TimerEvent: {}
[4.994568] (turtlebot3_fake_node) StdoutLine: {'line': b'-- Generating done\n'}
[5.012818] (-) TimerEvent: {}
[5.024453] (turtlebot3_fake_node) StdoutLine: {'line': b'-- Build files have been written to: /uolstore/home/users/sc23oy/ros2_ws/build/turtlebot3_fake_node\n'}
[5.035820] (turtlebot3_gazebo) StdoutLine: {'line': b'-- Found rclcpp: 16.0.8 (/opt/ros/humble/share/rclcpp/cmake)\n'}
[5.039928] (turtlebot3_fake_node) CommandEnded: {'returncode': 0}
[5.041183] (turtlebot3_fake_node) JobProgress: {'identifier': 'turtlebot3_fake_node', 'progress': 'build'}
[5.042854] (turtlebot3_fake_node) Command: {'cmd': ['/usr/bin/cmake', '--build', '/uolstore/home/users/sc23oy/ros2_ws/build/turtlebot3_fake_node', '--', '-j48', '-l48'], 'cwd': '/uolstore/home/users/sc23oy/ros2_ws/build/turtlebot3_fake_node', 'env': OrderedDict([('LESSOPEN', '||/usr/bin/lesspipe.sh %s'), ('LMOD_DIR', '/usr/share/lmod/lmod/libexec'), ('MAIL', '/var/spool/mail/sc23oy'), ('USER', 'sc23oy'), ('__LMOD_REF_COUNT_CMAKE_PREFIX_PATH', '/uollinapps/v2/24-25/soc/packages/linux-rhel9-x86_64_v3/gcc-11.4.0/gcc-14.2.0-svuh5yskfnrwh537tvxvt642acswwlju:1'), ('HOSTNAME', 'feng-linux-07.leeds.ac.uk'), ('XDG_SESSION_TYPE', 'x11'), ('MPI_FORTRAN_MOD_DIR', '/usr/lib64/gfortran/modules/openmpi'), ('GIT_ASKPASS', '/usr/share/code/resources/app/extensions/git/dist/askpass.sh'), ('LMOD_PKG', '/usr/share/lmod/lmod'), ('SHLVL', '3'), ('LD_LIBRARY_PATH', '/usr/lib/x86_64-linux-gnu/gazebo-11/plugins:/opt/ros/humble/opt/rviz_ogre_vendor/lib:/opt/ros/humble/lib/x86_64-linux-gnu:/opt/ros/humble/lib:/.singularity.d/libs:/usr/lib/x86_64-linux-gnu/gazebo-11/plugins:'), ('MPI_INCLUDE', '/usr/include/openmpi-x86_64'), ('HOME', '/uolstore/home/users/sc23oy'), ('CHROME_DESKTOP', 'code-url-handler.desktop'), ('OLDPWD', '/uolstore/home/users/sc23oy/ros2_ws'), ('TERM_PROGRAM_VERSION', '1.86.2'), ('DESKTOP_SESSION', 'gnome'), ('USER_PATH', '/usr/lib64/openmpi/bin:/usr/lib64/qt6/bin:/uollinapps/v2/24-25/soc/packages/linux-rhel9-x86_64_v3/gcc-11.4.0/gcc-14.2.0-svuh5yskfnrwh537tvxvt642acswwlju/bin:/uolstore/home/users/sc23oy/.local/bin:/uolstore/home/users/sc23oy/bin:/usr/local/bin:/usr/local/sbin:/usr/bin:/usr/sbin:/opt/puppetlabs/bin:/bin:/usr/bin:/sbin:/usr/sbin:/usr/local/bin:/usr/local/sbin'), ('__LMOD_REF_COUNT_PKG_CONFIG_PATH', '/usr/lib64/openmpi/lib/pkgconfig:1'), ('GAZEBO_MASTER_URI', 'http://localhost:11345'), ('ROS_PYTHON_VERSION', '3'), ('FPATH', '/usr/share/lmod/lmod/init/ksh_funcs'), ('FC', '/uollinapps/v2/24-25/soc/packages/linux-rhel9-x86_64_v3/gcc-11.4.0/gcc-14.2.0-svuh5yskfnrwh537tvxvt642acswwlju/bin/gfortran'), ('VSCODE_GIT_ASKPASS_MAIN', '/usr/share/code/resources/app/extensions/git/dist/askpass-main.js'), ('PS1', '\\[\x1b]633;A\x07\\][COMP3631] Singularity> \\w $ \\[\x1b]633;B\x07\\]'), ('VSCODE_GIT_ASKPASS_NODE', '/usr/share/code/code'), ('MPI_PYTHON3_SITEARCH', '/usr/lib64/python3.9/site-packages/openmpi'), ('LMOD_FAMILY_COMPILER_VERSION', '14.2.0'), ('_LMFILES_', '/uollinapps/v2/current/soc/spack/el9/Core/gcc/14.2.0.lua:/usr/share/modulefiles/mpi/openmpi-x86_64'), ('DBUS_SESSION_BUS_ADDRESS', 'unix:abstract=/tmp/dbus-8qGMb8aiOx,guid=2ad71e69851b37c21bae78fe69eca169'), ('COLORTERM', 'truecolor'), ('APPTAINER_ENVIRONMENT', '/.singularity.d/env/91-environment.sh'), ('__LMOD_REF_COUNT_PATH', '/usr/lib64/openmpi/bin:1;/usr/lib64/qt6/bin:2;/uollinapps/v2/24-25/soc/packages/linux-rhel9-x86_64_v3/gcc-11.4.0/gcc-14.2.0-svuh5yskfnrwh537tvxvt642acswwlju/bin:1;/uolstore/home/users/sc23oy/.local/bin:1;/uolstore/home/users/sc23oy/bin:1;/usr/local/bin:1;/usr/local/sbin:1;/usr/bin:1;/usr/sbin:1;/opt/puppetlabs/bin:1'), ('LMOD_sys', 'Linux'), ('F77', '/uollinapps/v2/24-25/soc/packages/linux-rhel9-x86_64_v3/gcc-11.4.0/gcc-14.2.0-svuh5yskfnrwh537tvxvt642acswwlju/bin/gfortran'), ('which_declare', 'declare -f'), ('COLCON_PREFIX_PATH', '/uolstore/home/users/sc23oy/ros2_ws/install'), ('ROS_DISTRO', 'humble'), ('SINGULARITY_ENVIRONMENT', '/.singularity.d/env/91-environment.sh'), ('LOGNAME', 'sc23oy'), ('MPI_COMPILER', 'openmpi-x86_64'), ('LMOD_VERSION', '8.7.65'), ('_', '/usr/bin/colcon'), ('ROS_VERSION', '2'), ('MPI_LIB', '/usr/lib64/openmpi/lib'), ('PKG_CONFIG_PATH', '/usr/lib64/openmpi/lib/pkgconfig'), ('XDG_SESSION_CLASS', 'user'), ('USERNAME', 'sc23oy'), ('TERM', 'xterm-256color'), ('GAZEBO_MODEL_PATH', '/usr/share/gazebo-11/models:'), ('MPI_BIN', '/usr/lib64/openmpi/bin'), ('ROS_LOCALHOST_ONLY', '1'), ('HISTCONTROL', 'ignoredups'), ('OGRE_RESOURCE_PATH', '/usr/lib/x86_64-linux-gnu/OGRE-1.9.0'), ('PATH', '/opt/ros/humble/bin:/usr/lib64/qt6/bin:/uolstore/home/users/sc23oy/.local/bin:/uolstore/home/users/sc23oy/bin:/usr/local/sbin:/usr/local/bin:/usr/sbin:/usr/bin:/sbin:/bin'), ('MPI_HOME', '/usr/lib64/openmpi'), ('GDM_LANG', 'en_GB.UTF-8'), ('APPTAINER_COMMAND', 'shell'), ('LMOD_SETTARG_FULL_SUPPORT', 'no'), ('__LMOD_REF_COUNT_LD_LIBRARY_PATH', '/usr/lib64/openmpi/lib:1'), ('XDG_MENU_PREFIX', 'gnome-'), ('GNOME_TERMINAL_SCREEN', '/org/gnome/Terminal/screen/3e198ced_e144_4c1b_ba88_d3f0aa723bad'), ('XDG_RUNTIME_DIR', '/run/user/604234'), ('MPI_MAN', '/usr/share/man/openmpi-x86_64'), ('GDK_BACKEND', 'x11'), ('DISPLAY', ':1'), ('HISTSIZE', '1000'), ('APPTAINER_APPNAME', ''), ('LANG', 'en_US.UTF-8'), ('XDG_CURRENT_DESKTOP', 'GNOME'), ('LMOD_ROOT', '/usr/share/lmod'), ('XMODIFIERS', '@im=ibus'), ('XDG_SESSION_DESKTOP', 'gnome'), ('XAUTHORITY', '/run/gdm/auth-for-sc23oy-AYJ5N3/database'), ('LS_COLORS', 'rs=0:di=01;34:ln=01;36:mh=00:pi=40;33:so=01;35:do=01;35:bd=40;33;01:cd=40;33;01:or=40;31;01:mi=01;37;41:su=37;41:sg=30;43:ca=30;41:tw=30;42:ow=34;42:st=37;44:ex=01;32:*.tar=01;31:*.tgz=01;31:*.arc=01;31:*.arj=01;31:*.taz=01;31:*.lha=01;31:*.lz4=01;31:*.lzh=01;31:*.lzma=01;31:*.tlz=01;31:*.txz=01;31:*.tzo=01;31:*.t7z=01;31:*.zip=01;31:*.z=01;31:*.dz=01;31:*.gz=01;31:*.lrz=01;31:*.lz=01;31:*.lzo=01;31:*.xz=01;31:*.zst=01;31:*.tzst=01;31:*.bz2=01;31:*.bz=01;31:*.tbz=01;31:*.tbz2=01;31:*.tz=01;31:*.deb=01;31:*.rpm=01;31:*.jar=01;31:*.war=01;31:*.ear=01;31:*.sar=01;31:*.rar=01;31:*.alz=01;31:*.ace=01;31:*.zoo=01;31:*.cpio=01;31:*.7z=01;31:*.rz=01;31:*.cab=01;31:*.wim=01;31:*.swm=01;31:*.dwm=01;31:*.esd=01;31:*.jpg=01;35:*.jpeg=01;35:*.mjpg=01;35:*.mjpeg=01;35:*.gif=01;35:*.bmp=01;35:*.pbm=01;35:*.pgm=01;35:*.ppm=01;35:*.tga=01;35:*.xbm=01;35:*.xpm=01;35:*.tif=01;35:*.tiff=01;35:*.png=01;35:*.svg=01;35:*.svgz=01;35:*.mng=01;35:*.pcx=01;35:*.mov=01;35:*.mpg=01;35:*.mpeg=01;35:*.m2v=01;35:*.mkv=01;35:*.webm=01;35:*.webp=01;35:*.ogm=01;35:*.mp4=01;35:*.m4v=01;35:*.mp4v=01;35:*.vob=01;35:*.qt=01;35:*.nuv=01;35:*.wmv=01;35:*.asf=01;35:*.rm=01;35:*.rmvb=01;35:*.flc=01;35:*.avi=01;35:*.fli=01;35:*.flv=01;35:*.gl=01;35:*.dl=01;35:*.xcf=01;35:*.xwd=01;35:*.yuv=01;35:*.cgm=01;35:*.emf=01;35:*.ogv=01;35:*.ogx=01;35:*.aac=01;36:*.au=01;36:*.flac=01;36:*.m4a=01;36:*.mid=01;36:*.midi=01;36:*.mka=01;36:*.mp3=01;36:*.mpc=01;36:*.ogg=01;36:*.ra=01;36:*.wav=01;36:*.oga=01;36:*.opus=01;36:*.spx=01;36:*.xspf=01;36:'), ('VSCODE_GIT_IPC_HANDLE', '/run/user/604234/vscode-git-8fb86e4b5d.sock'), ('GNOME_TERMINAL_SERVICE', ':1.59'), ('TERM_PROGRAM', 'vscode'), ('ROS_DOMAIN_ID', '30'), ('AMENT_PREFIX_PATH', '/opt/ros/humble'), ('ORIGINAL_XDG_CURRENT_DESKTOP', 'GNOME'), ('SHELL', '/bin/bash'), ('KRB5CCNAME', 'KEYRING:persistent:604234'), ('MPI_SYSCONFIG', '/etc/openmpi-x86_64'), ('MODULEPATH_ROOT', '/usr/share/modulefiles'), ('NO_AT_BRIDGE', '1'), ('CXX', '/usr/bin/g++'), ('GDMSESSION', 'gnome'), ('APPTAINER_CONTAINER', '/vol/scratch/SoC/COMP3631/comp3631.simg'), ('APPTAINER_BIND', '/run/user/604234,/etc/localtime'), ('LMOD_FAMILY_COMPILER', 'gcc'), ('LMOD_CMD', '/usr/share/lmod/lmod/libexec/lmod'), ('_ModuleTable_Sz_', '4'), ('GAZEBO_RESOURCE_PATH', '/usr/share/gazebo-11:'), ('GAZEBO_MODEL_DATABASE_URI', 'http://models.gazebosim.org'), ('SINGULARITY_CONTAINER', '/vol/scratch/SoC/COMP3631/comp3631.simg'), ('VSCODE_GIT_ASKPASS_EXTRA_ARGS', ''), ('BASH_ENV', '/usr/share/lmod/lmod/init/bash'), ('QT_IM_MODULE', 'ibus'), ('SINGULARITY_BIND', '/run/user/604234,/etc/localtime'), ('_ModuleTable001_', 'X01vZHVsZVRhYmxlXyA9IHsKTVR2ZXJzaW9uID0gMywKY19yZWJ1aWxkVGltZSA9IGZhbHNlLApjX3Nob3J0VGltZSA9IGZhbHNlLApkZXB0aFQgPSB7fSwKZmFtaWx5ID0gewpjb21waWxlciA9ICJnY2MiLAp9LAptVCA9IHsKZ2NjID0gewphY3Rpb25BID0gewpbW3ByZXBlbmRfcGF0aCgiTU9EVUxFUEFUSCIsIi91b2xsaW5hcHBzL3YyLzI0LTI1L3NvYy9zcGFjay9lbDkvZ2NjLzE0LjIuMCIpXV0sCn0sCmZuID0gIi91b2xsaW5hcHBzL3YyL2N1cnJlbnQvc29jL3NwYWNrL2VsOS9Db3JlL2djYy8xNC4yLjAubHVhIiwKZnVsbE5hbWUgPSAiZ2NjLzE0LjIuMCIsCmxvYWRPcmRlciA9IDEsCnByb3BUID0ge30sCnN0YWNrRGVwdGggPSAwLApzdGF0dXMgPSAiYWN0aXZlIiwK'), ('DEBUGINFOD_IMA_CERT_PATH', '/etc/keys/ima:'), ('_ModuleTable002_', 'dXNlck5hbWUgPSAiZ2NjIiwKd1YgPSAiMDAwMDAwMDE0LjAwMDAwMDAwMi4qemZpbmFsIiwKfSwKbXBpID0gewpmbiA9ICIvdXNyL3NoYXJlL21vZHVsZWZpbGVzL21waS9vcGVubXBpLXg4Nl82NCIsCmZ1bGxOYW1lID0gIm1waS9vcGVubXBpLXg4Nl82NCIsCmxvYWRPcmRlciA9IDIsCnByb3BUID0ge30sCnN0YWNrRGVwdGggPSAwLApzdGF0dXMgPSAiYWN0aXZlIiwKdXNlck5hbWUgPSAibXBpIiwKd1YgPSAiKm9wZW5tcGkuKnguMDAwMDAwMDg2LipfLjAwMDAwMDA2NC4qemZpbmFsIiwKfSwKfSwKbXBhdGhBID0gewoiL3VvbGxpbmFwcHMvdjIvMjQtMjUvc29jL3NwYWNrL2VsOS9nY2MvMTQuMi4wIiwgIi9ldGMvc2NsL21vZHVsZWZpbGVzIgosICIvdXNyL3NoYXJlL21v'), ('PWD', '/uolstore/home/users/sc23oy/ros2_ws/build/turtlebot3_fake_node'), ('LOADEDMODULES', 'gcc/14.2.0:mpi/openmpi-x86_64'), ('TURTLEBOT3_MODEL', 'burger'), ('APPTAINER_NAME', 'comp3631.simg'), ('GAZEBO_PLUGIN_PATH', '/usr/lib/x86_64-linux-gnu/gazebo-11/plugins:'), ('_ModuleTable003_', 'ZHVsZWZpbGVzIiwgIi91b2xsaW5hcHBzL3YyL2N1cnJlbnQvdW9sL3NwYWNrL2VsOS9Db3JlIgosICIvdW9sbGluYXBwcy92Mi9jdXJyZW50L3VvbC9vdGhlci9lbDkiCiwgIi91b2xsaW5hcHBzL3YyL2N1cnJlbnQvc29jL3NwYWNrL2VsOS9Db3JlIgosICIvdW9sbGluYXBwcy92Mi9jdXJyZW50L3NvYy9vdGhlciIsICIvdXNyL3NoYXJlL21vZHVsZWZpbGVzL0xpbnV4IgosICIvdXNyL3NoYXJlL21vZHVsZWZpbGVzL0NvcmUiLCAiL3Vzci9zaGFyZS9sbW9kL2xtb2QvbW9kdWxlZmlsZXMvQ29yZSIsCn0sCnN5c3RlbUJhc2VNUEFUSCA9ICIvZXRjL3NjbC9tb2R1bGVmaWxlczovdXNyL3NoYXJlL21vZHVsZWZpbGVzOi91b2xsaW5hcHBzL3YyL2N1cnJlbnQvdW9sL3NwYWNr'), ('XDG_DATA_DIRS', '/uolstore/home/users/sc23oy/.local/share/flatpak/exports/share:/var/lib/flatpak/exports/share:/usr/local/share:/usr/share'), ('PYTHONPATH', '/opt/ros/humble/lib/python3.10/site-packages:/opt/ros/humble/local/lib/python3.10/dist-packages'), ('_ModuleTable004_', 'L2VsOS9Db3JlOi91b2xsaW5hcHBzL3YyL2N1cnJlbnQvdW9sL290aGVyL2VsOTovdW9sbGluYXBwcy92Mi9jdXJyZW50L3NvYy9zcGFjay9lbDkvQ29yZTovdW9sbGluYXBwcy92Mi9jdXJyZW50L3NvYy9vdGhlcjovdXNyL3NoYXJlL21vZHVsZWZpbGVzL0xpbnV4Oi91c3Ivc2hhcmUvbW9kdWxlZmlsZXMvQ29yZTovdXNyL3NoYXJlL2xtb2QvbG1vZC9tb2R1bGVmaWxlcy9Db3JlIiwKfQo='), ('SINGULARITY_NAME', 'comp3631.simg'), ('CC', '/usr/bin/gcc'), ('COLCON', '1'), ('__LMOD_REF_COUNT_MODULEPATH', '/uollinapps/v2/24-25/soc/spack/el9/gcc/14.2.0:1;/etc/scl/modulefiles:2;/usr/share/modulefiles:1;/uollinapps/v2/current/uol/spack/el9/Core:1;/uollinapps/v2/current/uol/other/el9:1;/uollinapps/v2/current/soc/spack/el9/Core:1;/uollinapps/v2/current/soc/other:1;/usr/share/modulefiles/Linux:1;/usr/share/modulefiles/Core:1;/usr/share/lmod/lmod/modulefiles/Core:1'), ('MANPATH', ':/usr/share/man/openmpi-x86_64:/uollinapps/v2/24-25/soc/packages/linux-rhel9-x86_64_v3/gcc-11.4.0/gcc-14.2.0-svuh5yskfnrwh537tvxvt642acswwlju/share/man:/usr/share/lmod/lmod/share/man:/opt/puppetlabs/puppet/share/man'), ('VTE_VERSION', '6402'), ('MPI_SUFFIX', '_openmpi'), ('__LMOD_REF_COUNT_MANPATH', ':3;/usr/share/man/openmpi-x86_64:1;/uollinapps/v2/24-25/soc/packages/linux-rhel9-x86_64_v3/gcc-11.4.0/gcc-14.2.0-svuh5yskfnrwh537tvxvt642acswwlju/share/man:1;/usr/share/lmod/lmod/share/man:1;/opt/puppetlabs/puppet/share/man:1'), ('MODULEPATH', '/uollinapps/v2/24-25/soc/spack/el9/gcc/14.2.0:/etc/scl/modulefiles:/usr/share/modulefiles:/uollinapps/v2/current/uol/spack/el9/Core:/uollinapps/v2/current/uol/other/el9:/uollinapps/v2/current/soc/spack/el9/Core:/uollinapps/v2/current/soc/other:/usr/share/modulefiles/Linux:/usr/share/modulefiles/Core:/usr/share/lmod/lmod/modulefiles/Core'), ('MODULESHOME', '/usr/share/Modules'), ('CMAKE_PREFIX_PATH', '/uollinapps/v2/24-25/soc/packages/linux-rhel9-x86_64_v3/gcc-11.4.0/gcc-14.2.0-svuh5yskfnrwh537tvxvt642acswwlju:/opt/ros/humble')]), 'shell': False}
[5.112932] (-) TimerEvent: {}
[5.167086] (turtlebot3_gazebo) StdoutLine: {'line': b'-- Found rmw_implementation_cmake: 6.1.1 (/opt/ros/humble/share/rmw_implementation_cmake/cmake)\n'}
[5.176116] (turtlebot3_gazebo) StdoutLine: {'line': b'-- Found rmw_fastrtps_cpp: 6.2.6 (/opt/ros/humble/share/rmw_fastrtps_cpp/cmake)\n'}
[5.196228] (turtlebot3_fake_node) StdoutLine: {'line': b'[ 50%] \x1b[32mBuilding CXX object CMakeFiles/turtlebot3_fake_node.dir/src/turtlebot3_fake_node.cpp.o\x1b[0m\n'}
[5.213038] (-) TimerEvent: {}
[5.313437] (-) TimerEvent: {}
[5.413776] (-) TimerEvent: {}
[5.420941] (turtlebot3_gazebo) StdoutLine: {'line': b'-- Found OpenSSL: /usr/lib/x86_64-linux-gnu/libcrypto.so (found version "3.0.2")  \n'}
[5.488314] (turtlebot3_gazebo) StdoutLine: {'line': b'-- Found FastRTPS: /opt/ros/humble/include  \n'}
[5.513858] (-) TimerEvent: {}
[5.614161] (-) TimerEvent: {}
[5.619364] (turtlebot3_gazebo) StdoutLine: {'line': b"-- Using RMW implementation 'rmw_fastrtps_cpp' as default\n"}
[5.651879] (turtlebot3_gazebo) StdoutLine: {'line': b'-- Found Threads: TRUE  \n'}
[5.714247] (-) TimerEvent: {}
[5.753286] (lab1) Command: {'cmd': ['/usr/bin/python3', 'setup.py', 'egg_info', '--egg-base', '../../build/lab1', 'build', '--build-base', '/uolstore/home/users/sc23oy/ros2_ws/build/lab1/build', 'install', '--record', '/uolstore/home/users/sc23oy/ros2_ws/build/lab1/install.log', '--single-version-externally-managed'], 'cwd': '/uolstore/home/users/sc23oy/ros2_ws/src/lab1', 'env': {'LESSOPEN': '||/usr/bin/lesspipe.sh %s', 'LMOD_DIR': '/usr/share/lmod/lmod/libexec', 'MAIL': '/var/spool/mail/sc23oy', 'USER': 'sc23oy', '__LMOD_REF_COUNT_CMAKE_PREFIX_PATH': '/uollinapps/v2/24-25/soc/packages/linux-rhel9-x86_64_v3/gcc-11.4.0/gcc-14.2.0-svuh5yskfnrwh537tvxvt642acswwlju:1', 'HOSTNAME': 'feng-linux-07.leeds.ac.uk', 'XDG_SESSION_TYPE': 'x11', 'MPI_FORTRAN_MOD_DIR': '/usr/lib64/gfortran/modules/openmpi', 'GIT_ASKPASS': '/usr/share/code/resources/app/extensions/git/dist/askpass.sh', 'LMOD_PKG': '/usr/share/lmod/lmod', 'SHLVL': '3', 'LD_LIBRARY_PATH': '/usr/lib/x86_64-linux-gnu/gazebo-11/plugins:/opt/ros/humble/opt/rviz_ogre_vendor/lib:/opt/ros/humble/lib/x86_64-linux-gnu:/opt/ros/humble/lib:/.singularity.d/libs:/usr/lib/x86_64-linux-gnu/gazebo-11/plugins:', 'MPI_INCLUDE': '/usr/include/openmpi-x86_64', 'HOME': '/uolstore/home/users/sc23oy', 'CHROME_DESKTOP': 'code-url-handler.desktop', 'OLDPWD': '/uolstore/home/users/sc23oy/ros2_ws', 'TERM_PROGRAM_VERSION': '1.86.2', 'DESKTOP_SESSION': 'gnome', 'USER_PATH': '/usr/lib64/openmpi/bin:/usr/lib64/qt6/bin:/uollinapps/v2/24-25/soc/packages/linux-rhel9-x86_64_v3/gcc-11.4.0/gcc-14.2.0-svuh5yskfnrwh537tvxvt642acswwlju/bin:/uolstore/home/users/sc23oy/.local/bin:/uolstore/home/users/sc23oy/bin:/usr/local/bin:/usr/local/sbin:/usr/bin:/usr/sbin:/opt/puppetlabs/bin:/bin:/usr/bin:/sbin:/usr/sbin:/usr/local/bin:/usr/local/sbin', '__LMOD_REF_COUNT_PKG_CONFIG_PATH': '/usr/lib64/openmpi/lib/pkgconfig:1', 'GAZEBO_MASTER_URI': 'http://localhost:11345', 'ROS_PYTHON_VERSION': '3', 'FPATH': '/usr/share/lmod/lmod/init/ksh_funcs', 'FC': '/uollinapps/v2/24-25/soc/packages/linux-rhel9-x86_64_v3/gcc-11.4.0/gcc-14.2.0-svuh5yskfnrwh537tvxvt642acswwlju/bin/gfortran', 'VSCODE_GIT_ASKPASS_MAIN': '/usr/share/code/resources/app/extensions/git/dist/askpass-main.js', 'PS1': '\\[\x1b]633;A\x07\\][COMP3631] Singularity> \\w $ \\[\x1b]633;B\x07\\]', 'VSCODE_GIT_ASKPASS_NODE': '/usr/share/code/code', 'MPI_PYTHON3_SITEARCH': '/usr/lib64/python3.9/site-packages/openmpi', 'LMOD_FAMILY_COMPILER_VERSION': '14.2.0', '_LMFILES_': '/uollinapps/v2/current/soc/spack/el9/Core/gcc/14.2.0.lua:/usr/share/modulefiles/mpi/openmpi-x86_64', 'DBUS_SESSION_BUS_ADDRESS': 'unix:abstract=/tmp/dbus-8qGMb8aiOx,guid=2ad71e69851b37c21bae78fe69eca169', 'COLORTERM': 'truecolor', 'APPTAINER_ENVIRONMENT': '/.singularity.d/env/91-environment.sh', '__LMOD_REF_COUNT_PATH': '/usr/lib64/openmpi/bin:1;/usr/lib64/qt6/bin:2;/uollinapps/v2/24-25/soc/packages/linux-rhel9-x86_64_v3/gcc-11.4.0/gcc-14.2.0-svuh5yskfnrwh537tvxvt642acswwlju/bin:1;/uolstore/home/users/sc23oy/.local/bin:1;/uolstore/home/users/sc23oy/bin:1;/usr/local/bin:1;/usr/local/sbin:1;/usr/bin:1;/usr/sbin:1;/opt/puppetlabs/bin:1', 'LMOD_sys': 'Linux', 'F77': '/uollinapps/v2/24-25/soc/packages/linux-rhel9-x86_64_v3/gcc-11.4.0/gcc-14.2.0-svuh5yskfnrwh537tvxvt642acswwlju/bin/gfortran', 'which_declare': 'declare -f', 'COLCON_PREFIX_PATH': '/uolstore/home/users/sc23oy/ros2_ws/install', 'ROS_DISTRO': 'humble', 'SINGULARITY_ENVIRONMENT': '/.singularity.d/env/91-environment.sh', 'LOGNAME': 'sc23oy', 'MPI_COMPILER': 'openmpi-x86_64', 'LMOD_VERSION': '8.7.65', '_': '/usr/bin/colcon', 'ROS_VERSION': '2', 'MPI_LIB': '/usr/lib64/openmpi/lib', 'PKG_CONFIG_PATH': '/usr/lib64/openmpi/lib/pkgconfig', 'XDG_SESSION_CLASS': 'user', 'USERNAME': 'sc23oy', 'TERM': 'xterm-256color', 'GAZEBO_MODEL_PATH': '/usr/share/gazebo-11/models:', 'MPI_BIN': '/usr/lib64/openmpi/bin', 'ROS_LOCALHOST_ONLY': '1', 'HISTCONTROL': 'ignoredups', 'OGRE_RESOURCE_PATH': '/usr/lib/x86_64-linux-gnu/OGRE-1.9.0', 'PATH': '/opt/ros/humble/bin:/usr/lib64/qt6/bin:/uolstore/home/users/sc23oy/.local/bin:/uolstore/home/users/sc23oy/bin:/usr/local/sbin:/usr/local/bin:/usr/sbin:/usr/bin:/sbin:/bin', 'MPI_HOME': '/usr/lib64/openmpi', 'GDM_LANG': 'en_GB.UTF-8', 'APPTAINER_COMMAND': 'shell', 'LMOD_SETTARG_FULL_SUPPORT': 'no', '__LMOD_REF_COUNT_LD_LIBRARY_PATH': '/usr/lib64/openmpi/lib:1', 'XDG_MENU_PREFIX': 'gnome-', 'GNOME_TERMINAL_SCREEN': '/org/gnome/Terminal/screen/3e198ced_e144_4c1b_ba88_d3f0aa723bad', 'XDG_RUNTIME_DIR': '/run/user/604234', 'MPI_MAN': '/usr/share/man/openmpi-x86_64', 'GDK_BACKEND': 'x11', 'DISPLAY': ':1', 'HISTSIZE': '1000', 'APPTAINER_APPNAME': '', 'LANG': 'en_US.UTF-8', 'XDG_CURRENT_DESKTOP': 'GNOME', 'LMOD_ROOT': '/usr/share/lmod', 'XMODIFIERS': '@im=ibus', 'XDG_SESSION_DESKTOP': 'gnome', 'XAUTHORITY': '/run/gdm/auth-for-sc23oy-AYJ5N3/database', 'LS_COLORS': 'rs=0:di=01;34:ln=01;36:mh=00:pi=40;33:so=01;35:do=01;35:bd=40;33;01:cd=40;33;01:or=40;31;01:mi=01;37;41:su=37;41:sg=30;43:ca=30;41:tw=30;42:ow=34;42:st=37;44:ex=01;32:*.tar=01;31:*.tgz=01;31:*.arc=01;31:*.arj=01;31:*.taz=01;31:*.lha=01;31:*.lz4=01;31:*.lzh=01;31:*.lzma=01;31:*.tlz=01;31:*.txz=01;31:*.tzo=01;31:*.t7z=01;31:*.zip=01;31:*.z=01;31:*.dz=01;31:*.gz=01;31:*.lrz=01;31:*.lz=01;31:*.lzo=01;31:*.xz=01;31:*.zst=01;31:*.tzst=01;31:*.bz2=01;31:*.bz=01;31:*.tbz=01;31:*.tbz2=01;31:*.tz=01;31:*.deb=01;31:*.rpm=01;31:*.jar=01;31:*.war=01;31:*.ear=01;31:*.sar=01;31:*.rar=01;31:*.alz=01;31:*.ace=01;31:*.zoo=01;31:*.cpio=01;31:*.7z=01;31:*.rz=01;31:*.cab=01;31:*.wim=01;31:*.swm=01;31:*.dwm=01;31:*.esd=01;31:*.jpg=01;35:*.jpeg=01;35:*.mjpg=01;35:*.mjpeg=01;35:*.gif=01;35:*.bmp=01;35:*.pbm=01;35:*.pgm=01;35:*.ppm=01;35:*.tga=01;35:*.xbm=01;35:*.xpm=01;35:*.tif=01;35:*.tiff=01;35:*.png=01;35:*.svg=01;35:*.svgz=01;35:*.mng=01;35:*.pcx=01;35:*.mov=01;35:*.mpg=01;35:*.mpeg=01;35:*.m2v=01;35:*.mkv=01;35:*.webm=01;35:*.webp=01;35:*.ogm=01;35:*.mp4=01;35:*.m4v=01;35:*.mp4v=01;35:*.vob=01;35:*.qt=01;35:*.nuv=01;35:*.wmv=01;35:*.asf=01;35:*.rm=01;35:*.rmvb=01;35:*.flc=01;35:*.avi=01;35:*.fli=01;35:*.flv=01;35:*.gl=01;35:*.dl=01;35:*.xcf=01;35:*.xwd=01;35:*.yuv=01;35:*.cgm=01;35:*.emf=01;35:*.ogv=01;35:*.ogx=01;35:*.aac=01;36:*.au=01;36:*.flac=01;36:*.m4a=01;36:*.mid=01;36:*.midi=01;36:*.mka=01;36:*.mp3=01;36:*.mpc=01;36:*.ogg=01;36:*.ra=01;36:*.wav=01;36:*.oga=01;36:*.opus=01;36:*.spx=01;36:*.xspf=01;36:', 'VSCODE_GIT_IPC_HANDLE': '/run/user/604234/vscode-git-8fb86e4b5d.sock', 'GNOME_TERMINAL_SERVICE': ':1.59', 'TERM_PROGRAM': 'vscode', 'ROS_DOMAIN_ID': '30', 'AMENT_PREFIX_PATH': '/opt/ros/humble', 'ORIGINAL_XDG_CURRENT_DESKTOP': 'GNOME', 'SHELL': '/bin/bash', 'KRB5CCNAME': 'KEYRING:persistent:604234', 'MPI_SYSCONFIG': '/etc/openmpi-x86_64', 'MODULEPATH_ROOT': '/usr/share/modulefiles', 'NO_AT_BRIDGE': '1', 'CXX': '/usr/bin/g++', 'GDMSESSION': 'gnome', 'APPTAINER_CONTAINER': '/vol/scratch/SoC/COMP3631/comp3631.simg', 'APPTAINER_BIND': '/run/user/604234,/etc/localtime', 'LMOD_FAMILY_COMPILER': 'gcc', 'LMOD_CMD': '/usr/share/lmod/lmod/libexec/lmod', '_ModuleTable_Sz_': '4', 'GAZEBO_RESOURCE_PATH': '/usr/share/gazebo-11:', 'GAZEBO_MODEL_DATABASE_URI': 'http://models.gazebosim.org', 'SINGULARITY_CONTAINER': '/vol/scratch/SoC/COMP3631/comp3631.simg', 'VSCODE_GIT_ASKPASS_EXTRA_ARGS': '', 'BASH_ENV': '/usr/share/lmod/lmod/init/bash', 'QT_IM_MODULE': 'ibus', 'SINGULARITY_BIND': '/run/user/604234,/etc/localtime', '_ModuleTable001_': 'X01vZHVsZVRhYmxlXyA9IHsKTVR2ZXJzaW9uID0gMywKY19yZWJ1aWxkVGltZSA9IGZhbHNlLApjX3Nob3J0VGltZSA9IGZhbHNlLApkZXB0aFQgPSB7fSwKZmFtaWx5ID0gewpjb21waWxlciA9ICJnY2MiLAp9LAptVCA9IHsKZ2NjID0gewphY3Rpb25BID0gewpbW3ByZXBlbmRfcGF0aCgiTU9EVUxFUEFUSCIsIi91b2xsaW5hcHBzL3YyLzI0LTI1L3NvYy9zcGFjay9lbDkvZ2NjLzE0LjIuMCIpXV0sCn0sCmZuID0gIi91b2xsaW5hcHBzL3YyL2N1cnJlbnQvc29jL3NwYWNrL2VsOS9Db3JlL2djYy8xNC4yLjAubHVhIiwKZnVsbE5hbWUgPSAiZ2NjLzE0LjIuMCIsCmxvYWRPcmRlciA9IDEsCnByb3BUID0ge30sCnN0YWNrRGVwdGggPSAwLApzdGF0dXMgPSAiYWN0aXZlIiwK', 'DEBUGINFOD_IMA_CERT_PATH': '/etc/keys/ima:', '_ModuleTable002_': 'dXNlck5hbWUgPSAiZ2NjIiwKd1YgPSAiMDAwMDAwMDE0LjAwMDAwMDAwMi4qemZpbmFsIiwKfSwKbXBpID0gewpmbiA9ICIvdXNyL3NoYXJlL21vZHVsZWZpbGVzL21waS9vcGVubXBpLXg4Nl82NCIsCmZ1bGxOYW1lID0gIm1waS9vcGVubXBpLXg4Nl82NCIsCmxvYWRPcmRlciA9IDIsCnByb3BUID0ge30sCnN0YWNrRGVwdGggPSAwLApzdGF0dXMgPSAiYWN0aXZlIiwKdXNlck5hbWUgPSAibXBpIiwKd1YgPSAiKm9wZW5tcGkuKnguMDAwMDAwMDg2LipfLjAwMDAwMDA2NC4qemZpbmFsIiwKfSwKfSwKbXBhdGhBID0gewoiL3VvbGxpbmFwcHMvdjIvMjQtMjUvc29jL3NwYWNrL2VsOS9nY2MvMTQuMi4wIiwgIi9ldGMvc2NsL21vZHVsZWZpbGVzIgosICIvdXNyL3NoYXJlL21v', 'PWD': '/uolstore/home/users/sc23oy/ros2_ws/build/lab1', 'LOADEDMODULES': 'gcc/14.2.0:mpi/openmpi-x86_64', 'TURTLEBOT3_MODEL': 'burger', 'APPTAINER_NAME': 'comp3631.simg', 'GAZEBO_PLUGIN_PATH': '/usr/lib/x86_64-linux-gnu/gazebo-11/plugins:', '_ModuleTable003_': 'ZHVsZWZpbGVzIiwgIi91b2xsaW5hcHBzL3YyL2N1cnJlbnQvdW9sL3NwYWNrL2VsOS9Db3JlIgosICIvdW9sbGluYXBwcy92Mi9jdXJyZW50L3VvbC9vdGhlci9lbDkiCiwgIi91b2xsaW5hcHBzL3YyL2N1cnJlbnQvc29jL3NwYWNrL2VsOS9Db3JlIgosICIvdW9sbGluYXBwcy92Mi9jdXJyZW50L3NvYy9vdGhlciIsICIvdXNyL3NoYXJlL21vZHVsZWZpbGVzL0xpbnV4IgosICIvdXNyL3NoYXJlL21vZHVsZWZpbGVzL0NvcmUiLCAiL3Vzci9zaGFyZS9sbW9kL2xtb2QvbW9kdWxlZmlsZXMvQ29yZSIsCn0sCnN5c3RlbUJhc2VNUEFUSCA9ICIvZXRjL3NjbC9tb2R1bGVmaWxlczovdXNyL3NoYXJlL21vZHVsZWZpbGVzOi91b2xsaW5hcHBzL3YyL2N1cnJlbnQvdW9sL3NwYWNr', 'XDG_DATA_DIRS': '/uolstore/home/users/sc23oy/.local/share/flatpak/exports/share:/var/lib/flatpak/exports/share:/usr/local/share:/usr/share', 'PYTHONPATH': '/uolstore/home/users/sc23oy/ros2_ws/build/lab1/prefix_override:/uolstore/home/users/sc23oy/ros2_ws/install/lab1/lib/python3.10/site-packages:/opt/ros/humble/lib/python3.10/site-packages:/opt/ros/humble/local/lib/python3.10/dist-packages', '_ModuleTable004_': 'L2VsOS9Db3JlOi91b2xsaW5hcHBzL3YyL2N1cnJlbnQvdW9sL290aGVyL2VsOTovdW9sbGluYXBwcy92Mi9jdXJyZW50L3NvYy9zcGFjay9lbDkvQ29yZTovdW9sbGluYXBwcy92Mi9jdXJyZW50L3NvYy9vdGhlcjovdXNyL3NoYXJlL21vZHVsZWZpbGVzL0xpbnV4Oi91c3Ivc2hhcmUvbW9kdWxlZmlsZXMvQ29yZTovdXNyL3NoYXJlL2xtb2QvbG1vZC9tb2R1bGVmaWxlcy9Db3JlIiwKfQo=', 'SINGULARITY_NAME': 'comp3631.simg', 'CC': '/usr/bin/gcc', 'COLCON': '1', '__LMOD_REF_COUNT_MODULEPATH': '/uollinapps/v2/24-25/soc/spack/el9/gcc/14.2.0:1;/etc/scl/modulefiles:2;/usr/share/modulefiles:1;/uollinapps/v2/current/uol/spack/el9/Core:1;/uollinapps/v2/current/uol/other/el9:1;/uollinapps/v2/current/soc/spack/el9/Core:1;/uollinapps/v2/current/soc/other:1;/usr/share/modulefiles/Linux:1;/usr/share/modulefiles/Core:1;/usr/share/lmod/lmod/modulefiles/Core:1', 'MANPATH': ':/usr/share/man/openmpi-x86_64:/uollinapps/v2/24-25/soc/packages/linux-rhel9-x86_64_v3/gcc-11.4.0/gcc-14.2.0-svuh5yskfnrwh537tvxvt642acswwlju/share/man:/usr/share/lmod/lmod/share/man:/opt/puppetlabs/puppet/share/man', 'VTE_VERSION': '6402', 'MPI_SUFFIX': '_openmpi', '__LMOD_REF_COUNT_MANPATH': ':3;/usr/share/man/openmpi-x86_64:1;/uollinapps/v2/24-25/soc/packages/linux-rhel9-x86_64_v3/gcc-11.4.0/gcc-14.2.0-svuh5yskfnrwh537tvxvt642acswwlju/share/man:1;/usr/share/lmod/lmod/share/man:1;/opt/puppetlabs/puppet/share/man:1', 'MODULEPATH': '/uollinapps/v2/24-25/soc/spack/el9/gcc/14.2.0:/etc/scl/modulefiles:/usr/share/modulefiles:/uollinapps/v2/current/uol/spack/el9/Core:/uollinapps/v2/current/uol/other/el9:/uollinapps/v2/current/soc/spack/el9/Core:/uollinapps/v2/current/soc/other:/usr/share/modulefiles/Linux:/usr/share/modulefiles/Core:/usr/share/lmod/lmod/modulefiles/Core', 'MODULESHOME': '/usr/share/Modules', 'CMAKE_PREFIX_PATH': '/uollinapps/v2/24-25/soc/packages/linux-rhel9-x86_64_v3/gcc-11.4.0/gcc-14.2.0-svuh5yskfnrwh537tvxvt642acswwlju'}, 'shell': False}
[5.770049] (lab2) Command: {'cmd': ['/usr/bin/python3', 'setup.py', 'egg_info', '--egg-base', '../../build/lab2', 'build', '--build-base', '/uolstore/home/users/sc23oy/ros2_ws/build/lab2/build', 'install', '--record', '/uolstore/home/users/sc23oy/ros2_ws/build/lab2/install.log', '--single-version-externally-managed'], 'cwd': '/uolstore/home/users/sc23oy/ros2_ws/src/lab2', 'env': {'LESSOPEN': '||/usr/bin/lesspipe.sh %s', 'LMOD_DIR': '/usr/share/lmod/lmod/libexec', 'MAIL': '/var/spool/mail/sc23oy', 'USER': 'sc23oy', '__LMOD_REF_COUNT_CMAKE_PREFIX_PATH': '/uollinapps/v2/24-25/soc/packages/linux-rhel9-x86_64_v3/gcc-11.4.0/gcc-14.2.0-svuh5yskfnrwh537tvxvt642acswwlju:1', 'HOSTNAME': 'feng-linux-07.leeds.ac.uk', 'XDG_SESSION_TYPE': 'x11', 'MPI_FORTRAN_MOD_DIR': '/usr/lib64/gfortran/modules/openmpi', 'GIT_ASKPASS': '/usr/share/code/resources/app/extensions/git/dist/askpass.sh', 'LMOD_PKG': '/usr/share/lmod/lmod', 'SHLVL': '3', 'LD_LIBRARY_PATH': '/usr/lib/x86_64-linux-gnu/gazebo-11/plugins:/opt/ros/humble/opt/rviz_ogre_vendor/lib:/opt/ros/humble/lib/x86_64-linux-gnu:/opt/ros/humble/lib:/.singularity.d/libs:/usr/lib/x86_64-linux-gnu/gazebo-11/plugins:', 'MPI_INCLUDE': '/usr/include/openmpi-x86_64', 'HOME': '/uolstore/home/users/sc23oy', 'CHROME_DESKTOP': 'code-url-handler.desktop', 'OLDPWD': '/uolstore/home/users/sc23oy/ros2_ws', 'TERM_PROGRAM_VERSION': '1.86.2', 'DESKTOP_SESSION': 'gnome', 'USER_PATH': '/usr/lib64/openmpi/bin:/usr/lib64/qt6/bin:/uollinapps/v2/24-25/soc/packages/linux-rhel9-x86_64_v3/gcc-11.4.0/gcc-14.2.0-svuh5yskfnrwh537tvxvt642acswwlju/bin:/uolstore/home/users/sc23oy/.local/bin:/uolstore/home/users/sc23oy/bin:/usr/local/bin:/usr/local/sbin:/usr/bin:/usr/sbin:/opt/puppetlabs/bin:/bin:/usr/bin:/sbin:/usr/sbin:/usr/local/bin:/usr/local/sbin', '__LMOD_REF_COUNT_PKG_CONFIG_PATH': '/usr/lib64/openmpi/lib/pkgconfig:1', 'GAZEBO_MASTER_URI': 'http://localhost:11345', 'ROS_PYTHON_VERSION': '3', 'FPATH': '/usr/share/lmod/lmod/init/ksh_funcs', 'FC': '/uollinapps/v2/24-25/soc/packages/linux-rhel9-x86_64_v3/gcc-11.4.0/gcc-14.2.0-svuh5yskfnrwh537tvxvt642acswwlju/bin/gfortran', 'VSCODE_GIT_ASKPASS_MAIN': '/usr/share/code/resources/app/extensions/git/dist/askpass-main.js', 'PS1': '\\[\x1b]633;A\x07\\][COMP3631] Singularity> \\w $ \\[\x1b]633;B\x07\\]', 'VSCODE_GIT_ASKPASS_NODE': '/usr/share/code/code', 'MPI_PYTHON3_SITEARCH': '/usr/lib64/python3.9/site-packages/openmpi', 'LMOD_FAMILY_COMPILER_VERSION': '14.2.0', '_LMFILES_': '/uollinapps/v2/current/soc/spack/el9/Core/gcc/14.2.0.lua:/usr/share/modulefiles/mpi/openmpi-x86_64', 'DBUS_SESSION_BUS_ADDRESS': 'unix:abstract=/tmp/dbus-8qGMb8aiOx,guid=2ad71e69851b37c21bae78fe69eca169', 'COLORTERM': 'truecolor', 'APPTAINER_ENVIRONMENT': '/.singularity.d/env/91-environment.sh', '__LMOD_REF_COUNT_PATH': '/usr/lib64/openmpi/bin:1;/usr/lib64/qt6/bin:2;/uollinapps/v2/24-25/soc/packages/linux-rhel9-x86_64_v3/gcc-11.4.0/gcc-14.2.0-svuh5yskfnrwh537tvxvt642acswwlju/bin:1;/uolstore/home/users/sc23oy/.local/bin:1;/uolstore/home/users/sc23oy/bin:1;/usr/local/bin:1;/usr/local/sbin:1;/usr/bin:1;/usr/sbin:1;/opt/puppetlabs/bin:1', 'LMOD_sys': 'Linux', 'F77': '/uollinapps/v2/24-25/soc/packages/linux-rhel9-x86_64_v3/gcc-11.4.0/gcc-14.2.0-svuh5yskfnrwh537tvxvt642acswwlju/bin/gfortran', 'which_declare': 'declare -f', 'COLCON_PREFIX_PATH': '/uolstore/home/users/sc23oy/ros2_ws/install', 'ROS_DISTRO': 'humble', 'SINGULARITY_ENVIRONMENT': '/.singularity.d/env/91-environment.sh', 'LOGNAME': 'sc23oy', 'MPI_COMPILER': 'openmpi-x86_64', 'LMOD_VERSION': '8.7.65', '_': '/usr/bin/colcon', 'ROS_VERSION': '2', 'MPI_LIB': '/usr/lib64/openmpi/lib', 'PKG_CONFIG_PATH': '/usr/lib64/openmpi/lib/pkgconfig', 'XDG_SESSION_CLASS': 'user', 'USERNAME': 'sc23oy', 'TERM': 'xterm-256color', 'GAZEBO_MODEL_PATH': '/usr/share/gazebo-11/models:', 'MPI_BIN': '/usr/lib64/openmpi/bin', 'ROS_LOCALHOST_ONLY': '1', 'HISTCONTROL': 'ignoredups', 'OGRE_RESOURCE_PATH': '/usr/lib/x86_64-linux-gnu/OGRE-1.9.0', 'PATH': '/opt/ros/humble/bin:/usr/lib64/qt6/bin:/uolstore/home/users/sc23oy/.local/bin:/uolstore/home/users/sc23oy/bin:/usr/local/sbin:/usr/local/bin:/usr/sbin:/usr/bin:/sbin:/bin', 'MPI_HOME': '/usr/lib64/openmpi', 'GDM_LANG': 'en_GB.UTF-8', 'APPTAINER_COMMAND': 'shell', 'LMOD_SETTARG_FULL_SUPPORT': 'no', '__LMOD_REF_COUNT_LD_LIBRARY_PATH': '/usr/lib64/openmpi/lib:1', 'XDG_MENU_PREFIX': 'gnome-', 'GNOME_TERMINAL_SCREEN': '/org/gnome/Terminal/screen/3e198ced_e144_4c1b_ba88_d3f0aa723bad', 'XDG_RUNTIME_DIR': '/run/user/604234', 'MPI_MAN': '/usr/share/man/openmpi-x86_64', 'GDK_BACKEND': 'x11', 'DISPLAY': ':1', 'HISTSIZE': '1000', 'APPTAINER_APPNAME': '', 'LANG': 'en_US.UTF-8', 'XDG_CURRENT_DESKTOP': 'GNOME', 'LMOD_ROOT': '/usr/share/lmod', 'XMODIFIERS': '@im=ibus', 'XDG_SESSION_DESKTOP': 'gnome', 'XAUTHORITY': '/run/gdm/auth-for-sc23oy-AYJ5N3/database', 'LS_COLORS': 'rs=0:di=01;34:ln=01;36:mh=00:pi=40;33:so=01;35:do=01;35:bd=40;33;01:cd=40;33;01:or=40;31;01:mi=01;37;41:su=37;41:sg=30;43:ca=30;41:tw=30;42:ow=34;42:st=37;44:ex=01;32:*.tar=01;31:*.tgz=01;31:*.arc=01;31:*.arj=01;31:*.taz=01;31:*.lha=01;31:*.lz4=01;31:*.lzh=01;31:*.lzma=01;31:*.tlz=01;31:*.txz=01;31:*.tzo=01;31:*.t7z=01;31:*.zip=01;31:*.z=01;31:*.dz=01;31:*.gz=01;31:*.lrz=01;31:*.lz=01;31:*.lzo=01;31:*.xz=01;31:*.zst=01;31:*.tzst=01;31:*.bz2=01;31:*.bz=01;31:*.tbz=01;31:*.tbz2=01;31:*.tz=01;31:*.deb=01;31:*.rpm=01;31:*.jar=01;31:*.war=01;31:*.ear=01;31:*.sar=01;31:*.rar=01;31:*.alz=01;31:*.ace=01;31:*.zoo=01;31:*.cpio=01;31:*.7z=01;31:*.rz=01;31:*.cab=01;31:*.wim=01;31:*.swm=01;31:*.dwm=01;31:*.esd=01;31:*.jpg=01;35:*.jpeg=01;35:*.mjpg=01;35:*.mjpeg=01;35:*.gif=01;35:*.bmp=01;35:*.pbm=01;35:*.pgm=01;35:*.ppm=01;35:*.tga=01;35:*.xbm=01;35:*.xpm=01;35:*.tif=01;35:*.tiff=01;35:*.png=01;35:*.svg=01;35:*.svgz=01;35:*.mng=01;35:*.pcx=01;35:*.mov=01;35:*.mpg=01;35:*.mpeg=01;35:*.m2v=01;35:*.mkv=01;35:*.webm=01;35:*.webp=01;35:*.ogm=01;35:*.mp4=01;35:*.m4v=01;35:*.mp4v=01;35:*.vob=01;35:*.qt=01;35:*.nuv=01;35:*.wmv=01;35:*.asf=01;35:*.rm=01;35:*.rmvb=01;35:*.flc=01;35:*.avi=01;35:*.fli=01;35:*.flv=01;35:*.gl=01;35:*.dl=01;35:*.xcf=01;35:*.xwd=01;35:*.yuv=01;35:*.cgm=01;35:*.emf=01;35:*.ogv=01;35:*.ogx=01;35:*.aac=01;36:*.au=01;36:*.flac=01;36:*.m4a=01;36:*.mid=01;36:*.midi=01;36:*.mka=01;36:*.mp3=01;36:*.mpc=01;36:*.ogg=01;36:*.ra=01;36:*.wav=01;36:*.oga=01;36:*.opus=01;36:*.spx=01;36:*.xspf=01;36:', 'VSCODE_GIT_IPC_HANDLE': '/run/user/604234/vscode-git-8fb86e4b5d.sock', 'GNOME_TERMINAL_SERVICE': ':1.59', 'TERM_PROGRAM': 'vscode', 'ROS_DOMAIN_ID': '30', 'AMENT_PREFIX_PATH': '/opt/ros/humble', 'ORIGINAL_XDG_CURRENT_DESKTOP': 'GNOME', 'SHELL': '/bin/bash', 'KRB5CCNAME': 'KEYRING:persistent:604234', 'MPI_SYSCONFIG': '/etc/openmpi-x86_64', 'MODULEPATH_ROOT': '/usr/share/modulefiles', 'NO_AT_BRIDGE': '1', 'CXX': '/usr/bin/g++', 'GDMSESSION': 'gnome', 'APPTAINER_CONTAINER': '/vol/scratch/SoC/COMP3631/comp3631.simg', 'APPTAINER_BIND': '/run/user/604234,/etc/localtime', 'LMOD_FAMILY_COMPILER': 'gcc', 'LMOD_CMD': '/usr/share/lmod/lmod/libexec/lmod', '_ModuleTable_Sz_': '4', 'GAZEBO_RESOURCE_PATH': '/usr/share/gazebo-11:', 'GAZEBO_MODEL_DATABASE_URI': 'http://models.gazebosim.org', 'SINGULARITY_CONTAINER': '/vol/scratch/SoC/COMP3631/comp3631.simg', 'VSCODE_GIT_ASKPASS_EXTRA_ARGS': '', 'BASH_ENV': '/usr/share/lmod/lmod/init/bash', 'QT_IM_MODULE': 'ibus', 'SINGULARITY_BIND': '/run/user/604234,/etc/localtime', '_ModuleTable001_': 'X01vZHVsZVRhYmxlXyA9IHsKTVR2ZXJzaW9uID0gMywKY19yZWJ1aWxkVGltZSA9IGZhbHNlLApjX3Nob3J0VGltZSA9IGZhbHNlLApkZXB0aFQgPSB7fSwKZmFtaWx5ID0gewpjb21waWxlciA9ICJnY2MiLAp9LAptVCA9IHsKZ2NjID0gewphY3Rpb25BID0gewpbW3ByZXBlbmRfcGF0aCgiTU9EVUxFUEFUSCIsIi91b2xsaW5hcHBzL3YyLzI0LTI1L3NvYy9zcGFjay9lbDkvZ2NjLzE0LjIuMCIpXV0sCn0sCmZuID0gIi91b2xsaW5hcHBzL3YyL2N1cnJlbnQvc29jL3NwYWNrL2VsOS9Db3JlL2djYy8xNC4yLjAubHVhIiwKZnVsbE5hbWUgPSAiZ2NjLzE0LjIuMCIsCmxvYWRPcmRlciA9IDEsCnByb3BUID0ge30sCnN0YWNrRGVwdGggPSAwLApzdGF0dXMgPSAiYWN0aXZlIiwK', 'DEBUGINFOD_IMA_CERT_PATH': '/etc/keys/ima:', '_ModuleTable002_': 'dXNlck5hbWUgPSAiZ2NjIiwKd1YgPSAiMDAwMDAwMDE0LjAwMDAwMDAwMi4qemZpbmFsIiwKfSwKbXBpID0gewpmbiA9ICIvdXNyL3NoYXJlL21vZHVsZWZpbGVzL21waS9vcGVubXBpLXg4Nl82NCIsCmZ1bGxOYW1lID0gIm1waS9vcGVubXBpLXg4Nl82NCIsCmxvYWRPcmRlciA9IDIsCnByb3BUID0ge30sCnN0YWNrRGVwdGggPSAwLApzdGF0dXMgPSAiYWN0aXZlIiwKdXNlck5hbWUgPSAibXBpIiwKd1YgPSAiKm9wZW5tcGkuKnguMDAwMDAwMDg2LipfLjAwMDAwMDA2NC4qemZpbmFsIiwKfSwKfSwKbXBhdGhBID0gewoiL3VvbGxpbmFwcHMvdjIvMjQtMjUvc29jL3NwYWNrL2VsOS9nY2MvMTQuMi4wIiwgIi9ldGMvc2NsL21vZHVsZWZpbGVzIgosICIvdXNyL3NoYXJlL21v', 'PWD': '/uolstore/home/users/sc23oy/ros2_ws/build/lab2', 'LOADEDMODULES': 'gcc/14.2.0:mpi/openmpi-x86_64', 'TURTLEBOT3_MODEL': 'burger', 'APPTAINER_NAME': 'comp3631.simg', 'GAZEBO_PLUGIN_PATH': '/usr/lib/x86_64-linux-gnu/gazebo-11/plugins:', '_ModuleTable003_': 'ZHVsZWZpbGVzIiwgIi91b2xsaW5hcHBzL3YyL2N1cnJlbnQvdW9sL3NwYWNrL2VsOS9Db3JlIgosICIvdW9sbGluYXBwcy92Mi9jdXJyZW50L3VvbC9vdGhlci9lbDkiCiwgIi91b2xsaW5hcHBzL3YyL2N1cnJlbnQvc29jL3NwYWNrL2VsOS9Db3JlIgosICIvdW9sbGluYXBwcy92Mi9jdXJyZW50L3NvYy9vdGhlciIsICIvdXNyL3NoYXJlL21vZHVsZWZpbGVzL0xpbnV4IgosICIvdXNyL3NoYXJlL21vZHVsZWZpbGVzL0NvcmUiLCAiL3Vzci9zaGFyZS9sbW9kL2xtb2QvbW9kdWxlZmlsZXMvQ29yZSIsCn0sCnN5c3RlbUJhc2VNUEFUSCA9ICIvZXRjL3NjbC9tb2R1bGVmaWxlczovdXNyL3NoYXJlL21vZHVsZWZpbGVzOi91b2xsaW5hcHBzL3YyL2N1cnJlbnQvdW9sL3NwYWNr', 'XDG_DATA_DIRS': '/uolstore/home/users/sc23oy/.local/share/flatpak/exports/share:/var/lib/flatpak/exports/share:/usr/local/share:/usr/share', 'PYTHONPATH': '/uolstore/home/users/sc23oy/ros2_ws/build/lab2/prefix_override:/uolstore/home/users/sc23oy/ros2_ws/install/lab2/lib/python3.10/site-packages:/opt/ros/humble/lib/python3.10/site-packages:/opt/ros/humble/local/lib/python3.10/dist-packages', '_ModuleTable004_': 'L2VsOS9Db3JlOi91b2xsaW5hcHBzL3YyL2N1cnJlbnQvdW9sL290aGVyL2VsOTovdW9sbGluYXBwcy92Mi9jdXJyZW50L3NvYy9zcGFjay9lbDkvQ29yZTovdW9sbGluYXBwcy92Mi9jdXJyZW50L3NvYy9vdGhlcjovdXNyL3NoYXJlL21vZHVsZWZpbGVzL0xpbnV4Oi91c3Ivc2hhcmUvbW9kdWxlZmlsZXMvQ29yZTovdXNyL3NoYXJlL2xtb2QvbG1vZC9tb2R1bGVmaWxlcy9Db3JlIiwKfQo=', 'SINGULARITY_NAME': 'comp3631.simg', 'CC': '/usr/bin/gcc', 'COLCON': '1', '__LMOD_REF_COUNT_MODULEPATH': '/uollinapps/v2/24-25/soc/spack/el9/gcc/14.2.0:1;/etc/scl/modulefiles:2;/usr/share/modulefiles:1;/uollinapps/v2/current/uol/spack/el9/Core:1;/uollinapps/v2/current/uol/other/el9:1;/uollinapps/v2/current/soc/spack/el9/Core:1;/uollinapps/v2/current/soc/other:1;/usr/share/modulefiles/Linux:1;/usr/share/modulefiles/Core:1;/usr/share/lmod/lmod/modulefiles/Core:1', 'MANPATH': ':/usr/share/man/openmpi-x86_64:/uollinapps/v2/24-25/soc/packages/linux-rhel9-x86_64_v3/gcc-11.4.0/gcc-14.2.0-svuh5yskfnrwh537tvxvt642acswwlju/share/man:/usr/share/lmod/lmod/share/man:/opt/puppetlabs/puppet/share/man', 'VTE_VERSION': '6402', 'MPI_SUFFIX': '_openmpi', '__LMOD_REF_COUNT_MANPATH': ':3;/usr/share/man/openmpi-x86_64:1;/uollinapps/v2/24-25/soc/packages/linux-rhel9-x86_64_v3/gcc-11.4.0/gcc-14.2.0-svuh5yskfnrwh537tvxvt642acswwlju/share/man:1;/usr/share/lmod/lmod/share/man:1;/opt/puppetlabs/puppet/share/man:1', 'MODULEPATH': '/uollinapps/v2/24-25/soc/spack/el9/gcc/14.2.0:/etc/scl/modulefiles:/usr/share/modulefiles:/uollinapps/v2/current/uol/spack/el9/Core:/uollinapps/v2/current/uol/other/el9:/uollinapps/v2/current/soc/spack/el9/Core:/uollinapps/v2/current/soc/other:/usr/share/modulefiles/Linux:/usr/share/modulefiles/Core:/usr/share/lmod/lmod/modulefiles/Core', 'MODULESHOME': '/usr/share/Modules', 'CMAKE_PREFIX_PATH': '/uollinapps/v2/24-25/soc/packages/linux-rhel9-x86_64_v3/gcc-11.4.0/gcc-14.2.0-svuh5yskfnrwh537tvxvt642acswwlju'}, 'shell': False}
[5.781993] (lab3) Command: {'cmd': ['/usr/bin/python3', 'setup.py', 'egg_info', '--egg-base', '../../build/lab3', 'build', '--build-base', '/uolstore/home/users/sc23oy/ros2_ws/build/lab3/build', 'install', '--record', '/uolstore/home/users/sc23oy/ros2_ws/build/lab3/install.log', '--single-version-externally-managed'], 'cwd': '/uolstore/home/users/sc23oy/ros2_ws/src/lab3', 'env': {'LESSOPEN': '||/usr/bin/lesspipe.sh %s', 'LMOD_DIR': '/usr/share/lmod/lmod/libexec', 'MAIL': '/var/spool/mail/sc23oy', 'USER': 'sc23oy', '__LMOD_REF_COUNT_CMAKE_PREFIX_PATH': '/uollinapps/v2/24-25/soc/packages/linux-rhel9-x86_64_v3/gcc-11.4.0/gcc-14.2.0-svuh5yskfnrwh537tvxvt642acswwlju:1', 'HOSTNAME': 'feng-linux-07.leeds.ac.uk', 'XDG_SESSION_TYPE': 'x11', 'MPI_FORTRAN_MOD_DIR': '/usr/lib64/gfortran/modules/openmpi', 'GIT_ASKPASS': '/usr/share/code/resources/app/extensions/git/dist/askpass.sh', 'LMOD_PKG': '/usr/share/lmod/lmod', 'SHLVL': '3', 'LD_LIBRARY_PATH': '/usr/lib/x86_64-linux-gnu/gazebo-11/plugins:/opt/ros/humble/opt/rviz_ogre_vendor/lib:/opt/ros/humble/lib/x86_64-linux-gnu:/opt/ros/humble/lib:/.singularity.d/libs:/usr/lib/x86_64-linux-gnu/gazebo-11/plugins:', 'MPI_INCLUDE': '/usr/include/openmpi-x86_64', 'HOME': '/uolstore/home/users/sc23oy', 'CHROME_DESKTOP': 'code-url-handler.desktop', 'OLDPWD': '/uolstore/home/users/sc23oy/ros2_ws', 'TERM_PROGRAM_VERSION': '1.86.2', 'DESKTOP_SESSION': 'gnome', 'USER_PATH': '/usr/lib64/openmpi/bin:/usr/lib64/qt6/bin:/uollinapps/v2/24-25/soc/packages/linux-rhel9-x86_64_v3/gcc-11.4.0/gcc-14.2.0-svuh5yskfnrwh537tvxvt642acswwlju/bin:/uolstore/home/users/sc23oy/.local/bin:/uolstore/home/users/sc23oy/bin:/usr/local/bin:/usr/local/sbin:/usr/bin:/usr/sbin:/opt/puppetlabs/bin:/bin:/usr/bin:/sbin:/usr/sbin:/usr/local/bin:/usr/local/sbin', '__LMOD_REF_COUNT_PKG_CONFIG_PATH': '/usr/lib64/openmpi/lib/pkgconfig:1', 'GAZEBO_MASTER_URI': 'http://localhost:11345', 'ROS_PYTHON_VERSION': '3', 'FPATH': '/usr/share/lmod/lmod/init/ksh_funcs', 'FC': '/uollinapps/v2/24-25/soc/packages/linux-rhel9-x86_64_v3/gcc-11.4.0/gcc-14.2.0-svuh5yskfnrwh537tvxvt642acswwlju/bin/gfortran', 'VSCODE_GIT_ASKPASS_MAIN': '/usr/share/code/resources/app/extensions/git/dist/askpass-main.js', 'PS1': '\\[\x1b]633;A\x07\\][COMP3631] Singularity> \\w $ \\[\x1b]633;B\x07\\]', 'VSCODE_GIT_ASKPASS_NODE': '/usr/share/code/code', 'MPI_PYTHON3_SITEARCH': '/usr/lib64/python3.9/site-packages/openmpi', 'LMOD_FAMILY_COMPILER_VERSION': '14.2.0', '_LMFILES_': '/uollinapps/v2/current/soc/spack/el9/Core/gcc/14.2.0.lua:/usr/share/modulefiles/mpi/openmpi-x86_64', 'DBUS_SESSION_BUS_ADDRESS': 'unix:abstract=/tmp/dbus-8qGMb8aiOx,guid=2ad71e69851b37c21bae78fe69eca169', 'COLORTERM': 'truecolor', 'APPTAINER_ENVIRONMENT': '/.singularity.d/env/91-environment.sh', '__LMOD_REF_COUNT_PATH': '/usr/lib64/openmpi/bin:1;/usr/lib64/qt6/bin:2;/uollinapps/v2/24-25/soc/packages/linux-rhel9-x86_64_v3/gcc-11.4.0/gcc-14.2.0-svuh5yskfnrwh537tvxvt642acswwlju/bin:1;/uolstore/home/users/sc23oy/.local/bin:1;/uolstore/home/users/sc23oy/bin:1;/usr/local/bin:1;/usr/local/sbin:1;/usr/bin:1;/usr/sbin:1;/opt/puppetlabs/bin:1', 'LMOD_sys': 'Linux', 'F77': '/uollinapps/v2/24-25/soc/packages/linux-rhel9-x86_64_v3/gcc-11.4.0/gcc-14.2.0-svuh5yskfnrwh537tvxvt642acswwlju/bin/gfortran', 'which_declare': 'declare -f', 'COLCON_PREFIX_PATH': '/uolstore/home/users/sc23oy/ros2_ws/install', 'ROS_DISTRO': 'humble', 'SINGULARITY_ENVIRONMENT': '/.singularity.d/env/91-environment.sh', 'LOGNAME': 'sc23oy', 'MPI_COMPILER': 'openmpi-x86_64', 'LMOD_VERSION': '8.7.65', '_': '/usr/bin/colcon', 'ROS_VERSION': '2', 'MPI_LIB': '/usr/lib64/openmpi/lib', 'PKG_CONFIG_PATH': '/usr/lib64/openmpi/lib/pkgconfig', 'XDG_SESSION_CLASS': 'user', 'USERNAME': 'sc23oy', 'TERM': 'xterm-256color', 'GAZEBO_MODEL_PATH': '/usr/share/gazebo-11/models:', 'MPI_BIN': '/usr/lib64/openmpi/bin', 'ROS_LOCALHOST_ONLY': '1', 'HISTCONTROL': 'ignoredups', 'OGRE_RESOURCE_PATH': '/usr/lib/x86_64-linux-gnu/OGRE-1.9.0', 'PATH': '/opt/ros/humble/bin:/usr/lib64/qt6/bin:/uolstore/home/users/sc23oy/.local/bin:/uolstore/home/users/sc23oy/bin:/usr/local/sbin:/usr/local/bin:/usr/sbin:/usr/bin:/sbin:/bin', 'MPI_HOME': '/usr/lib64/openmpi', 'GDM_LANG': 'en_GB.UTF-8', 'APPTAINER_COMMAND': 'shell', 'LMOD_SETTARG_FULL_SUPPORT': 'no', '__LMOD_REF_COUNT_LD_LIBRARY_PATH': '/usr/lib64/openmpi/lib:1', 'XDG_MENU_PREFIX': 'gnome-', 'GNOME_TERMINAL_SCREEN': '/org/gnome/Terminal/screen/3e198ced_e144_4c1b_ba88_d3f0aa723bad', 'XDG_RUNTIME_DIR': '/run/user/604234', 'MPI_MAN': '/usr/share/man/openmpi-x86_64', 'GDK_BACKEND': 'x11', 'DISPLAY': ':1', 'HISTSIZE': '1000', 'APPTAINER_APPNAME': '', 'LANG': 'en_US.UTF-8', 'XDG_CURRENT_DESKTOP': 'GNOME', 'LMOD_ROOT': '/usr/share/lmod', 'XMODIFIERS': '@im=ibus', 'XDG_SESSION_DESKTOP': 'gnome', 'XAUTHORITY': '/run/gdm/auth-for-sc23oy-AYJ5N3/database', 'LS_COLORS': 'rs=0:di=01;34:ln=01;36:mh=00:pi=40;33:so=01;35:do=01;35:bd=40;33;01:cd=40;33;01:or=40;31;01:mi=01;37;41:su=37;41:sg=30;43:ca=30;41:tw=30;42:ow=34;42:st=37;44:ex=01;32:*.tar=01;31:*.tgz=01;31:*.arc=01;31:*.arj=01;31:*.taz=01;31:*.lha=01;31:*.lz4=01;31:*.lzh=01;31:*.lzma=01;31:*.tlz=01;31:*.txz=01;31:*.tzo=01;31:*.t7z=01;31:*.zip=01;31:*.z=01;31:*.dz=01;31:*.gz=01;31:*.lrz=01;31:*.lz=01;31:*.lzo=01;31:*.xz=01;31:*.zst=01;31:*.tzst=01;31:*.bz2=01;31:*.bz=01;31:*.tbz=01;31:*.tbz2=01;31:*.tz=01;31:*.deb=01;31:*.rpm=01;31:*.jar=01;31:*.war=01;31:*.ear=01;31:*.sar=01;31:*.rar=01;31:*.alz=01;31:*.ace=01;31:*.zoo=01;31:*.cpio=01;31:*.7z=01;31:*.rz=01;31:*.cab=01;31:*.wim=01;31:*.swm=01;31:*.dwm=01;31:*.esd=01;31:*.jpg=01;35:*.jpeg=01;35:*.mjpg=01;35:*.mjpeg=01;35:*.gif=01;35:*.bmp=01;35:*.pbm=01;35:*.pgm=01;35:*.ppm=01;35:*.tga=01;35:*.xbm=01;35:*.xpm=01;35:*.tif=01;35:*.tiff=01;35:*.png=01;35:*.svg=01;35:*.svgz=01;35:*.mng=01;35:*.pcx=01;35:*.mov=01;35:*.mpg=01;35:*.mpeg=01;35:*.m2v=01;35:*.mkv=01;35:*.webm=01;35:*.webp=01;35:*.ogm=01;35:*.mp4=01;35:*.m4v=01;35:*.mp4v=01;35:*.vob=01;35:*.qt=01;35:*.nuv=01;35:*.wmv=01;35:*.asf=01;35:*.rm=01;35:*.rmvb=01;35:*.flc=01;35:*.avi=01;35:*.fli=01;35:*.flv=01;35:*.gl=01;35:*.dl=01;35:*.xcf=01;35:*.xwd=01;35:*.yuv=01;35:*.cgm=01;35:*.emf=01;35:*.ogv=01;35:*.ogx=01;35:*.aac=01;36:*.au=01;36:*.flac=01;36:*.m4a=01;36:*.mid=01;36:*.midi=01;36:*.mka=01;36:*.mp3=01;36:*.mpc=01;36:*.ogg=01;36:*.ra=01;36:*.wav=01;36:*.oga=01;36:*.opus=01;36:*.spx=01;36:*.xspf=01;36:', 'VSCODE_GIT_IPC_HANDLE': '/run/user/604234/vscode-git-8fb86e4b5d.sock', 'GNOME_TERMINAL_SERVICE': ':1.59', 'TERM_PROGRAM': 'vscode', 'ROS_DOMAIN_ID': '30', 'AMENT_PREFIX_PATH': '/opt/ros/humble', 'ORIGINAL_XDG_CURRENT_DESKTOP': 'GNOME', 'SHELL': '/bin/bash', 'KRB5CCNAME': 'KEYRING:persistent:604234', 'MPI_SYSCONFIG': '/etc/openmpi-x86_64', 'MODULEPATH_ROOT': '/usr/share/modulefiles', 'NO_AT_BRIDGE': '1', 'CXX': '/usr/bin/g++', 'GDMSESSION': 'gnome', 'APPTAINER_CONTAINER': '/vol/scratch/SoC/COMP3631/comp3631.simg', 'APPTAINER_BIND': '/run/user/604234,/etc/localtime', 'LMOD_FAMILY_COMPILER': 'gcc', 'LMOD_CMD': '/usr/share/lmod/lmod/libexec/lmod', '_ModuleTable_Sz_': '4', 'GAZEBO_RESOURCE_PATH': '/usr/share/gazebo-11:', 'GAZEBO_MODEL_DATABASE_URI': 'http://models.gazebosim.org', 'SINGULARITY_CONTAINER': '/vol/scratch/SoC/COMP3631/comp3631.simg', 'VSCODE_GIT_ASKPASS_EXTRA_ARGS': '', 'BASH_ENV': '/usr/share/lmod/lmod/init/bash', 'QT_IM_MODULE': 'ibus', 'SINGULARITY_BIND': '/run/user/604234,/etc/localtime', '_ModuleTable001_': 'X01vZHVsZVRhYmxlXyA9IHsKTVR2ZXJzaW9uID0gMywKY19yZWJ1aWxkVGltZSA9IGZhbHNlLApjX3Nob3J0VGltZSA9IGZhbHNlLApkZXB0aFQgPSB7fSwKZmFtaWx5ID0gewpjb21waWxlciA9ICJnY2MiLAp9LAptVCA9IHsKZ2NjID0gewphY3Rpb25BID0gewpbW3ByZXBlbmRfcGF0aCgiTU9EVUxFUEFUSCIsIi91b2xsaW5hcHBzL3YyLzI0LTI1L3NvYy9zcGFjay9lbDkvZ2NjLzE0LjIuMCIpXV0sCn0sCmZuID0gIi91b2xsaW5hcHBzL3YyL2N1cnJlbnQvc29jL3NwYWNrL2VsOS9Db3JlL2djYy8xNC4yLjAubHVhIiwKZnVsbE5hbWUgPSAiZ2NjLzE0LjIuMCIsCmxvYWRPcmRlciA9IDEsCnByb3BUID0ge30sCnN0YWNrRGVwdGggPSAwLApzdGF0dXMgPSAiYWN0aXZlIiwK', 'DEBUGINFOD_IMA_CERT_PATH': '/etc/keys/ima:', '_ModuleTable002_': 'dXNlck5hbWUgPSAiZ2NjIiwKd1YgPSAiMDAwMDAwMDE0LjAwMDAwMDAwMi4qemZpbmFsIiwKfSwKbXBpID0gewpmbiA9ICIvdXNyL3NoYXJlL21vZHVsZWZpbGVzL21waS9vcGVubXBpLXg4Nl82NCIsCmZ1bGxOYW1lID0gIm1waS9vcGVubXBpLXg4Nl82NCIsCmxvYWRPcmRlciA9IDIsCnByb3BUID0ge30sCnN0YWNrRGVwdGggPSAwLApzdGF0dXMgPSAiYWN0aXZlIiwKdXNlck5hbWUgPSAibXBpIiwKd1YgPSAiKm9wZW5tcGkuKnguMDAwMDAwMDg2LipfLjAwMDAwMDA2NC4qemZpbmFsIiwKfSwKfSwKbXBhdGhBID0gewoiL3VvbGxpbmFwcHMvdjIvMjQtMjUvc29jL3NwYWNrL2VsOS9nY2MvMTQuMi4wIiwgIi9ldGMvc2NsL21vZHVsZWZpbGVzIgosICIvdXNyL3NoYXJlL21v', 'PWD': '/uolstore/home/users/sc23oy/ros2_ws/build/lab3', 'LOADEDMODULES': 'gcc/14.2.0:mpi/openmpi-x86_64', 'TURTLEBOT3_MODEL': 'burger', 'APPTAINER_NAME': 'comp3631.simg', 'GAZEBO_PLUGIN_PATH': '/usr/lib/x86_64-linux-gnu/gazebo-11/plugins:', '_ModuleTable003_': 'ZHVsZWZpbGVzIiwgIi91b2xsaW5hcHBzL3YyL2N1cnJlbnQvdW9sL3NwYWNrL2VsOS9Db3JlIgosICIvdW9sbGluYXBwcy92Mi9jdXJyZW50L3VvbC9vdGhlci9lbDkiCiwgIi91b2xsaW5hcHBzL3YyL2N1cnJlbnQvc29jL3NwYWNrL2VsOS9Db3JlIgosICIvdW9sbGluYXBwcy92Mi9jdXJyZW50L3NvYy9vdGhlciIsICIvdXNyL3NoYXJlL21vZHVsZWZpbGVzL0xpbnV4IgosICIvdXNyL3NoYXJlL21vZHVsZWZpbGVzL0NvcmUiLCAiL3Vzci9zaGFyZS9sbW9kL2xtb2QvbW9kdWxlZmlsZXMvQ29yZSIsCn0sCnN5c3RlbUJhc2VNUEFUSCA9ICIvZXRjL3NjbC9tb2R1bGVmaWxlczovdXNyL3NoYXJlL21vZHVsZWZpbGVzOi91b2xsaW5hcHBzL3YyL2N1cnJlbnQvdW9sL3NwYWNr', 'XDG_DATA_DIRS': '/uolstore/home/users/sc23oy/.local/share/flatpak/exports/share:/var/lib/flatpak/exports/share:/usr/local/share:/usr/share', 'PYTHONPATH': '/uolstore/home/users/sc23oy/ros2_ws/build/lab3/prefix_override:/uolstore/home/users/sc23oy/ros2_ws/install/lab3/lib/python3.10/site-packages:/opt/ros/humble/lib/python3.10/site-packages:/opt/ros/humble/local/lib/python3.10/dist-packages', '_ModuleTable004_': 'L2VsOS9Db3JlOi91b2xsaW5hcHBzL3YyL2N1cnJlbnQvdW9sL290aGVyL2VsOTovdW9sbGluYXBwcy92Mi9jdXJyZW50L3NvYy9zcGFjay9lbDkvQ29yZTovdW9sbGluYXBwcy92Mi9jdXJyZW50L3NvYy9vdGhlcjovdXNyL3NoYXJlL21vZHVsZWZpbGVzL0xpbnV4Oi91c3Ivc2hhcmUvbW9kdWxlZmlsZXMvQ29yZTovdXNyL3NoYXJlL2xtb2QvbG1vZC9tb2R1bGVmaWxlcy9Db3JlIiwKfQo=', 'SINGULARITY_NAME': 'comp3631.simg', 'CC': '/usr/bin/gcc', 'COLCON': '1', '__LMOD_REF_COUNT_MODULEPATH': '/uollinapps/v2/24-25/soc/spack/el9/gcc/14.2.0:1;/etc/scl/modulefiles:2;/usr/share/modulefiles:1;/uollinapps/v2/current/uol/spack/el9/Core:1;/uollinapps/v2/current/uol/other/el9:1;/uollinapps/v2/current/soc/spack/el9/Core:1;/uollinapps/v2/current/soc/other:1;/usr/share/modulefiles/Linux:1;/usr/share/modulefiles/Core:1;/usr/share/lmod/lmod/modulefiles/Core:1', 'MANPATH': ':/usr/share/man/openmpi-x86_64:/uollinapps/v2/24-25/soc/packages/linux-rhel9-x86_64_v3/gcc-11.4.0/gcc-14.2.0-svuh5yskfnrwh537tvxvt642acswwlju/share/man:/usr/share/lmod/lmod/share/man:/opt/puppetlabs/puppet/share/man', 'VTE_VERSION': '6402', 'MPI_SUFFIX': '_openmpi', '__LMOD_REF_COUNT_MANPATH': ':3;/usr/share/man/openmpi-x86_64:1;/uollinapps/v2/24-25/soc/packages/linux-rhel9-x86_64_v3/gcc-11.4.0/gcc-14.2.0-svuh5yskfnrwh537tvxvt642acswwlju/share/man:1;/usr/share/lmod/lmod/share/man:1;/opt/puppetlabs/puppet/share/man:1', 'MODULEPATH': '/uollinapps/v2/24-25/soc/spack/el9/gcc/14.2.0:/etc/scl/modulefiles:/usr/share/modulefiles:/uollinapps/v2/current/uol/spack/el9/Core:/uollinapps/v2/current/uol/other/el9:/uollinapps/v2/current/soc/spack/el9/Core:/uollinapps/v2/current/soc/other:/usr/share/modulefiles/Linux:/usr/share/modulefiles/Core:/usr/share/lmod/lmod/modulefiles/Core', 'MODULESHOME': '/usr/share/Modules', 'CMAKE_PREFIX_PATH': '/uollinapps/v2/24-25/soc/packages/linux-rhel9-x86_64_v3/gcc-11.4.0/gcc-14.2.0-svuh5yskfnrwh537tvxvt642acswwlju'}, 'shell': False}
[5.796678] (ros2_project_sc23oy) Command: {'cmd': ['/usr/bin/python3', 'setup.py', 'egg_info', '--egg-base', '../../build/ros2_project_sc23oy', 'build', '--build-base', '/uolstore/home/users/sc23oy/ros2_ws/build/ros2_project_sc23oy/build', 'install', '--record', '/uolstore/home/users/sc23oy/ros2_ws/build/ros2_project_sc23oy/install.log', '--single-version-externally-managed'], 'cwd': '/uolstore/home/users/sc23oy/ros2_ws/src/ros2_project_sc23oy', 'env': {'LESSOPEN': '||/usr/bin/lesspipe.sh %s', 'LMOD_DIR': '/usr/share/lmod/lmod/libexec', 'MAIL': '/var/spool/mail/sc23oy', 'USER': 'sc23oy', '__LMOD_REF_COUNT_CMAKE_PREFIX_PATH': '/uollinapps/v2/24-25/soc/packages/linux-rhel9-x86_64_v3/gcc-11.4.0/gcc-14.2.0-svuh5yskfnrwh537tvxvt642acswwlju:1', 'HOSTNAME': 'feng-linux-07.leeds.ac.uk', 'XDG_SESSION_TYPE': 'x11', 'MPI_FORTRAN_MOD_DIR': '/usr/lib64/gfortran/modules/openmpi', 'GIT_ASKPASS': '/usr/share/code/resources/app/extensions/git/dist/askpass.sh', 'LMOD_PKG': '/usr/share/lmod/lmod', 'SHLVL': '3', 'LD_LIBRARY_PATH': '/usr/lib/x86_64-linux-gnu/gazebo-11/plugins:/opt/ros/humble/opt/rviz_ogre_vendor/lib:/opt/ros/humble/lib/x86_64-linux-gnu:/opt/ros/humble/lib:/.singularity.d/libs:/usr/lib/x86_64-linux-gnu/gazebo-11/plugins:', 'MPI_INCLUDE': '/usr/include/openmpi-x86_64', 'HOME': '/uolstore/home/users/sc23oy', 'CHROME_DESKTOP': 'code-url-handler.desktop', 'OLDPWD': '/uolstore/home/users/sc23oy/ros2_ws', 'TERM_PROGRAM_VERSION': '1.86.2', 'DESKTOP_SESSION': 'gnome', 'USER_PATH': '/usr/lib64/openmpi/bin:/usr/lib64/qt6/bin:/uollinapps/v2/24-25/soc/packages/linux-rhel9-x86_64_v3/gcc-11.4.0/gcc-14.2.0-svuh5yskfnrwh537tvxvt642acswwlju/bin:/uolstore/home/users/sc23oy/.local/bin:/uolstore/home/users/sc23oy/bin:/usr/local/bin:/usr/local/sbin:/usr/bin:/usr/sbin:/opt/puppetlabs/bin:/bin:/usr/bin:/sbin:/usr/sbin:/usr/local/bin:/usr/local/sbin', '__LMOD_REF_COUNT_PKG_CONFIG_PATH': '/usr/lib64/openmpi/lib/pkgconfig:1', 'GAZEBO_MASTER_URI': 'http://localhost:11345', 'ROS_PYTHON_VERSION': '3', 'FPATH': '/usr/share/lmod/lmod/init/ksh_funcs', 'FC': '/uollinapps/v2/24-25/soc/packages/linux-rhel9-x86_64_v3/gcc-11.4.0/gcc-14.2.0-svuh5yskfnrwh537tvxvt642acswwlju/bin/gfortran', 'VSCODE_GIT_ASKPASS_MAIN': '/usr/share/code/resources/app/extensions/git/dist/askpass-main.js', 'PS1': '\\[\x1b]633;A\x07\\][COMP3631] Singularity> \\w $ \\[\x1b]633;B\x07\\]', 'VSCODE_GIT_ASKPASS_NODE': '/usr/share/code/code', 'MPI_PYTHON3_SITEARCH': '/usr/lib64/python3.9/site-packages/openmpi', 'LMOD_FAMILY_COMPILER_VERSION': '14.2.0', '_LMFILES_': '/uollinapps/v2/current/soc/spack/el9/Core/gcc/14.2.0.lua:/usr/share/modulefiles/mpi/openmpi-x86_64', 'DBUS_SESSION_BUS_ADDRESS': 'unix:abstract=/tmp/dbus-8qGMb8aiOx,guid=2ad71e69851b37c21bae78fe69eca169', 'COLORTERM': 'truecolor', 'APPTAINER_ENVIRONMENT': '/.singularity.d/env/91-environment.sh', '__LMOD_REF_COUNT_PATH': '/usr/lib64/openmpi/bin:1;/usr/lib64/qt6/bin:2;/uollinapps/v2/24-25/soc/packages/linux-rhel9-x86_64_v3/gcc-11.4.0/gcc-14.2.0-svuh5yskfnrwh537tvxvt642acswwlju/bin:1;/uolstore/home/users/sc23oy/.local/bin:1;/uolstore/home/users/sc23oy/bin:1;/usr/local/bin:1;/usr/local/sbin:1;/usr/bin:1;/usr/sbin:1;/opt/puppetlabs/bin:1', 'LMOD_sys': 'Linux', 'F77': '/uollinapps/v2/24-25/soc/packages/linux-rhel9-x86_64_v3/gcc-11.4.0/gcc-14.2.0-svuh5yskfnrwh537tvxvt642acswwlju/bin/gfortran', 'which_declare': 'declare -f', 'COLCON_PREFIX_PATH': '/uolstore/home/users/sc23oy/ros2_ws/install', 'ROS_DISTRO': 'humble', 'SINGULARITY_ENVIRONMENT': '/.singularity.d/env/91-environment.sh', 'LOGNAME': 'sc23oy', 'MPI_COMPILER': 'openmpi-x86_64', 'LMOD_VERSION': '8.7.65', '_': '/usr/bin/colcon', 'ROS_VERSION': '2', 'MPI_LIB': '/usr/lib64/openmpi/lib', 'PKG_CONFIG_PATH': '/usr/lib64/openmpi/lib/pkgconfig', 'XDG_SESSION_CLASS': 'user', 'USERNAME': 'sc23oy', 'TERM': 'xterm-256color', 'GAZEBO_MODEL_PATH': '/usr/share/gazebo-11/models:', 'MPI_BIN': '/usr/lib64/openmpi/bin', 'ROS_LOCALHOST_ONLY': '1', 'HISTCONTROL': 'ignoredups', 'OGRE_RESOURCE_PATH': '/usr/lib/x86_64-linux-gnu/OGRE-1.9.0', 'PATH': '/opt/ros/humble/bin:/usr/lib64/qt6/bin:/uolstore/home/users/sc23oy/.local/bin:/uolstore/home/users/sc23oy/bin:/usr/local/sbin:/usr/local/bin:/usr/sbin:/usr/bin:/sbin:/bin', 'MPI_HOME': '/usr/lib64/openmpi', 'GDM_LANG': 'en_GB.UTF-8', 'APPTAINER_COMMAND': 'shell', 'LMOD_SETTARG_FULL_SUPPORT': 'no', '__LMOD_REF_COUNT_LD_LIBRARY_PATH': '/usr/lib64/openmpi/lib:1', 'XDG_MENU_PREFIX': 'gnome-', 'GNOME_TERMINAL_SCREEN': '/org/gnome/Terminal/screen/3e198ced_e144_4c1b_ba88_d3f0aa723bad', 'XDG_RUNTIME_DIR': '/run/user/604234', 'MPI_MAN': '/usr/share/man/openmpi-x86_64', 'GDK_BACKEND': 'x11', 'DISPLAY': ':1', 'HISTSIZE': '1000', 'APPTAINER_APPNAME': '', 'LANG': 'en_US.UTF-8', 'XDG_CURRENT_DESKTOP': 'GNOME', 'LMOD_ROOT': '/usr/share/lmod', 'XMODIFIERS': '@im=ibus', 'XDG_SESSION_DESKTOP': 'gnome', 'XAUTHORITY': '/run/gdm/auth-for-sc23oy-AYJ5N3/database', 'LS_COLORS': 'rs=0:di=01;34:ln=01;36:mh=00:pi=40;33:so=01;35:do=01;35:bd=40;33;01:cd=40;33;01:or=40;31;01:mi=01;37;41:su=37;41:sg=30;43:ca=30;41:tw=30;42:ow=34;42:st=37;44:ex=01;32:*.tar=01;31:*.tgz=01;31:*.arc=01;31:*.arj=01;31:*.taz=01;31:*.lha=01;31:*.lz4=01;31:*.lzh=01;31:*.lzma=01;31:*.tlz=01;31:*.txz=01;31:*.tzo=01;31:*.t7z=01;31:*.zip=01;31:*.z=01;31:*.dz=01;31:*.gz=01;31:*.lrz=01;31:*.lz=01;31:*.lzo=01;31:*.xz=01;31:*.zst=01;31:*.tzst=01;31:*.bz2=01;31:*.bz=01;31:*.tbz=01;31:*.tbz2=01;31:*.tz=01;31:*.deb=01;31:*.rpm=01;31:*.jar=01;31:*.war=01;31:*.ear=01;31:*.sar=01;31:*.rar=01;31:*.alz=01;31:*.ace=01;31:*.zoo=01;31:*.cpio=01;31:*.7z=01;31:*.rz=01;31:*.cab=01;31:*.wim=01;31:*.swm=01;31:*.dwm=01;31:*.esd=01;31:*.jpg=01;35:*.jpeg=01;35:*.mjpg=01;35:*.mjpeg=01;35:*.gif=01;35:*.bmp=01;35:*.pbm=01;35:*.pgm=01;35:*.ppm=01;35:*.tga=01;35:*.xbm=01;35:*.xpm=01;35:*.tif=01;35:*.tiff=01;35:*.png=01;35:*.svg=01;35:*.svgz=01;35:*.mng=01;35:*.pcx=01;35:*.mov=01;35:*.mpg=01;35:*.mpeg=01;35:*.m2v=01;35:*.mkv=01;35:*.webm=01;35:*.webp=01;35:*.ogm=01;35:*.mp4=01;35:*.m4v=01;35:*.mp4v=01;35:*.vob=01;35:*.qt=01;35:*.nuv=01;35:*.wmv=01;35:*.asf=01;35:*.rm=01;35:*.rmvb=01;35:*.flc=01;35:*.avi=01;35:*.fli=01;35:*.flv=01;35:*.gl=01;35:*.dl=01;35:*.xcf=01;35:*.xwd=01;35:*.yuv=01;35:*.cgm=01;35:*.emf=01;35:*.ogv=01;35:*.ogx=01;35:*.aac=01;36:*.au=01;36:*.flac=01;36:*.m4a=01;36:*.mid=01;36:*.midi=01;36:*.mka=01;36:*.mp3=01;36:*.mpc=01;36:*.ogg=01;36:*.ra=01;36:*.wav=01;36:*.oga=01;36:*.opus=01;36:*.spx=01;36:*.xspf=01;36:', 'VSCODE_GIT_IPC_HANDLE': '/run/user/604234/vscode-git-8fb86e4b5d.sock', 'GNOME_TERMINAL_SERVICE': ':1.59', 'TERM_PROGRAM': 'vscode', 'ROS_DOMAIN_ID': '30', 'AMENT_PREFIX_PATH': '/opt/ros/humble', 'ORIGINAL_XDG_CURRENT_DESKTOP': 'GNOME', 'SHELL': '/bin/bash', 'KRB5CCNAME': 'KEYRING:persistent:604234', 'MPI_SYSCONFIG': '/etc/openmpi-x86_64', 'MODULEPATH_ROOT': '/usr/share/modulefiles', 'NO_AT_BRIDGE': '1', 'CXX': '/usr/bin/g++', 'GDMSESSION': 'gnome', 'APPTAINER_CONTAINER': '/vol/scratch/SoC/COMP3631/comp3631.simg', 'APPTAINER_BIND': '/run/user/604234,/etc/localtime', 'LMOD_FAMILY_COMPILER': 'gcc', 'LMOD_CMD': '/usr/share/lmod/lmod/libexec/lmod', '_ModuleTable_Sz_': '4', 'GAZEBO_RESOURCE_PATH': '/usr/share/gazebo-11:', 'GAZEBO_MODEL_DATABASE_URI': 'http://models.gazebosim.org', 'SINGULARITY_CONTAINER': '/vol/scratch/SoC/COMP3631/comp3631.simg', 'VSCODE_GIT_ASKPASS_EXTRA_ARGS': '', 'BASH_ENV': '/usr/share/lmod/lmod/init/bash', 'QT_IM_MODULE': 'ibus', 'SINGULARITY_BIND': '/run/user/604234,/etc/localtime', '_ModuleTable001_': 'X01vZHVsZVRhYmxlXyA9IHsKTVR2ZXJzaW9uID0gMywKY19yZWJ1aWxkVGltZSA9IGZhbHNlLApjX3Nob3J0VGltZSA9IGZhbHNlLApkZXB0aFQgPSB7fSwKZmFtaWx5ID0gewpjb21waWxlciA9ICJnY2MiLAp9LAptVCA9IHsKZ2NjID0gewphY3Rpb25BID0gewpbW3ByZXBlbmRfcGF0aCgiTU9EVUxFUEFUSCIsIi91b2xsaW5hcHBzL3YyLzI0LTI1L3NvYy9zcGFjay9lbDkvZ2NjLzE0LjIuMCIpXV0sCn0sCmZuID0gIi91b2xsaW5hcHBzL3YyL2N1cnJlbnQvc29jL3NwYWNrL2VsOS9Db3JlL2djYy8xNC4yLjAubHVhIiwKZnVsbE5hbWUgPSAiZ2NjLzE0LjIuMCIsCmxvYWRPcmRlciA9IDEsCnByb3BUID0ge30sCnN0YWNrRGVwdGggPSAwLApzdGF0dXMgPSAiYWN0aXZlIiwK', 'DEBUGINFOD_IMA_CERT_PATH': '/etc/keys/ima:', '_ModuleTable002_': 'dXNlck5hbWUgPSAiZ2NjIiwKd1YgPSAiMDAwMDAwMDE0LjAwMDAwMDAwMi4qemZpbmFsIiwKfSwKbXBpID0gewpmbiA9ICIvdXNyL3NoYXJlL21vZHVsZWZpbGVzL21waS9vcGVubXBpLXg4Nl82NCIsCmZ1bGxOYW1lID0gIm1waS9vcGVubXBpLXg4Nl82NCIsCmxvYWRPcmRlciA9IDIsCnByb3BUID0ge30sCnN0YWNrRGVwdGggPSAwLApzdGF0dXMgPSAiYWN0aXZlIiwKdXNlck5hbWUgPSAibXBpIiwKd1YgPSAiKm9wZW5tcGkuKnguMDAwMDAwMDg2LipfLjAwMDAwMDA2NC4qemZpbmFsIiwKfSwKfSwKbXBhdGhBID0gewoiL3VvbGxpbmFwcHMvdjIvMjQtMjUvc29jL3NwYWNrL2VsOS9nY2MvMTQuMi4wIiwgIi9ldGMvc2NsL21vZHVsZWZpbGVzIgosICIvdXNyL3NoYXJlL21v', 'PWD': '/uolstore/home/users/sc23oy/ros2_ws/build/ros2_project_sc23oy', 'LOADEDMODULES': 'gcc/14.2.0:mpi/openmpi-x86_64', 'TURTLEBOT3_MODEL': 'burger', 'APPTAINER_NAME': 'comp3631.simg', 'GAZEBO_PLUGIN_PATH': '/usr/lib/x86_64-linux-gnu/gazebo-11/plugins:', '_ModuleTable003_': 'ZHVsZWZpbGVzIiwgIi91b2xsaW5hcHBzL3YyL2N1cnJlbnQvdW9sL3NwYWNrL2VsOS9Db3JlIgosICIvdW9sbGluYXBwcy92Mi9jdXJyZW50L3VvbC9vdGhlci9lbDkiCiwgIi91b2xsaW5hcHBzL3YyL2N1cnJlbnQvc29jL3NwYWNrL2VsOS9Db3JlIgosICIvdW9sbGluYXBwcy92Mi9jdXJyZW50L3NvYy9vdGhlciIsICIvdXNyL3NoYXJlL21vZHVsZWZpbGVzL0xpbnV4IgosICIvdXNyL3NoYXJlL21vZHVsZWZpbGVzL0NvcmUiLCAiL3Vzci9zaGFyZS9sbW9kL2xtb2QvbW9kdWxlZmlsZXMvQ29yZSIsCn0sCnN5c3RlbUJhc2VNUEFUSCA9ICIvZXRjL3NjbC9tb2R1bGVmaWxlczovdXNyL3NoYXJlL21vZHVsZWZpbGVzOi91b2xsaW5hcHBzL3YyL2N1cnJlbnQvdW9sL3NwYWNr', 'XDG_DATA_DIRS': '/uolstore/home/users/sc23oy/.local/share/flatpak/exports/share:/var/lib/flatpak/exports/share:/usr/local/share:/usr/share', 'PYTHONPATH': '/uolstore/home/users/sc23oy/ros2_ws/build/ros2_project_sc23oy/prefix_override:/uolstore/home/users/sc23oy/ros2_ws/install/ros2_project_sc23oy/lib/python3.10/site-packages:/opt/ros/humble/lib/python3.10/site-packages:/opt/ros/humble/local/lib/python3.10/dist-packages', '_ModuleTable004_': 'L2VsOS9Db3JlOi91b2xsaW5hcHBzL3YyL2N1cnJlbnQvdW9sL290aGVyL2VsOTovdW9sbGluYXBwcy92Mi9jdXJyZW50L3NvYy9zcGFjay9lbDkvQ29yZTovdW9sbGluYXBwcy92Mi9jdXJyZW50L3NvYy9vdGhlcjovdXNyL3NoYXJlL21vZHVsZWZpbGVzL0xpbnV4Oi91c3Ivc2hhcmUvbW9kdWxlZmlsZXMvQ29yZTovdXNyL3NoYXJlL2xtb2QvbG1vZC9tb2R1bGVmaWxlcy9Db3JlIiwKfQo=', 'SINGULARITY_NAME': 'comp3631.simg', 'CC': '/usr/bin/gcc', 'COLCON': '1', '__LMOD_REF_COUNT_MODULEPATH': '/uollinapps/v2/24-25/soc/spack/el9/gcc/14.2.0:1;/etc/scl/modulefiles:2;/usr/share/modulefiles:1;/uollinapps/v2/current/uol/spack/el9/Core:1;/uollinapps/v2/current/uol/other/el9:1;/uollinapps/v2/current/soc/spack/el9/Core:1;/uollinapps/v2/current/soc/other:1;/usr/share/modulefiles/Linux:1;/usr/share/modulefiles/Core:1;/usr/share/lmod/lmod/modulefiles/Core:1', 'MANPATH': ':/usr/share/man/openmpi-x86_64:/uollinapps/v2/24-25/soc/packages/linux-rhel9-x86_64_v3/gcc-11.4.0/gcc-14.2.0-svuh5yskfnrwh537tvxvt642acswwlju/share/man:/usr/share/lmod/lmod/share/man:/opt/puppetlabs/puppet/share/man', 'VTE_VERSION': '6402', 'MPI_SUFFIX': '_openmpi', '__LMOD_REF_COUNT_MANPATH': ':3;/usr/share/man/openmpi-x86_64:1;/uollinapps/v2/24-25/soc/packages/linux-rhel9-x86_64_v3/gcc-11.4.0/gcc-14.2.0-svuh5yskfnrwh537tvxvt642acswwlju/share/man:1;/usr/share/lmod/lmod/share/man:1;/opt/puppetlabs/puppet/share/man:1', 'MODULEPATH': '/uollinapps/v2/24-25/soc/spack/el9/gcc/14.2.0:/etc/scl/modulefiles:/usr/share/modulefiles:/uollinapps/v2/current/uol/spack/el9/Core:/uollinapps/v2/current/uol/other/el9:/uollinapps/v2/current/soc/spack/el9/Core:/uollinapps/v2/current/soc/other:/usr/share/modulefiles/Linux:/usr/share/modulefiles/Core:/usr/share/lmod/lmod/modulefiles/Core', 'MODULESHOME': '/usr/share/Modules', 'CMAKE_PREFIX_PATH': '/uollinapps/v2/24-25/soc/packages/linux-rhel9-x86_64_v3/gcc-11.4.0/gcc-14.2.0-svuh5yskfnrwh537tvxvt642acswwlju'}, 'shell': False}
[5.806440] (lab5) Command: {'cmd': ['/usr/bin/python3', 'setup.py', 'egg_info', '--egg-base', '../../build/lab5', 'build', '--build-base', '/uolstore/home/users/sc23oy/ros2_ws/build/lab5/build', 'install', '--record', '/uolstore/home/users/sc23oy/ros2_ws/build/lab5/install.log', '--single-version-externally-managed'], 'cwd': '/uolstore/home/users/sc23oy/ros2_ws/src/lab5', 'env': {'LESSOPEN': '||/usr/bin/lesspipe.sh %s', 'LMOD_DIR': '/usr/share/lmod/lmod/libexec', 'MAIL': '/var/spool/mail/sc23oy', 'USER': 'sc23oy', '__LMOD_REF_COUNT_CMAKE_PREFIX_PATH': '/uollinapps/v2/24-25/soc/packages/linux-rhel9-x86_64_v3/gcc-11.4.0/gcc-14.2.0-svuh5yskfnrwh537tvxvt642acswwlju:1', 'HOSTNAME': 'feng-linux-07.leeds.ac.uk', 'XDG_SESSION_TYPE': 'x11', 'MPI_FORTRAN_MOD_DIR': '/usr/lib64/gfortran/modules/openmpi', 'GIT_ASKPASS': '/usr/share/code/resources/app/extensions/git/dist/askpass.sh', 'LMOD_PKG': '/usr/share/lmod/lmod', 'SHLVL': '3', 'LD_LIBRARY_PATH': '/usr/lib/x86_64-linux-gnu/gazebo-11/plugins:/opt/ros/humble/opt/rviz_ogre_vendor/lib:/opt/ros/humble/lib/x86_64-linux-gnu:/opt/ros/humble/lib:/.singularity.d/libs:/usr/lib/x86_64-linux-gnu/gazebo-11/plugins:', 'MPI_INCLUDE': '/usr/include/openmpi-x86_64', 'HOME': '/uolstore/home/users/sc23oy', 'CHROME_DESKTOP': 'code-url-handler.desktop', 'OLDPWD': '/uolstore/home/users/sc23oy/ros2_ws', 'TERM_PROGRAM_VERSION': '1.86.2', 'DESKTOP_SESSION': 'gnome', 'USER_PATH': '/usr/lib64/openmpi/bin:/usr/lib64/qt6/bin:/uollinapps/v2/24-25/soc/packages/linux-rhel9-x86_64_v3/gcc-11.4.0/gcc-14.2.0-svuh5yskfnrwh537tvxvt642acswwlju/bin:/uolstore/home/users/sc23oy/.local/bin:/uolstore/home/users/sc23oy/bin:/usr/local/bin:/usr/local/sbin:/usr/bin:/usr/sbin:/opt/puppetlabs/bin:/bin:/usr/bin:/sbin:/usr/sbin:/usr/local/bin:/usr/local/sbin', '__LMOD_REF_COUNT_PKG_CONFIG_PATH': '/usr/lib64/openmpi/lib/pkgconfig:1', 'GAZEBO_MASTER_URI': 'http://localhost:11345', 'ROS_PYTHON_VERSION': '3', 'FPATH': '/usr/share/lmod/lmod/init/ksh_funcs', 'FC': '/uollinapps/v2/24-25/soc/packages/linux-rhel9-x86_64_v3/gcc-11.4.0/gcc-14.2.0-svuh5yskfnrwh537tvxvt642acswwlju/bin/gfortran', 'VSCODE_GIT_ASKPASS_MAIN': '/usr/share/code/resources/app/extensions/git/dist/askpass-main.js', 'PS1': '\\[\x1b]633;A\x07\\][COMP3631] Singularity> \\w $ \\[\x1b]633;B\x07\\]', 'VSCODE_GIT_ASKPASS_NODE': '/usr/share/code/code', 'MPI_PYTHON3_SITEARCH': '/usr/lib64/python3.9/site-packages/openmpi', 'LMOD_FAMILY_COMPILER_VERSION': '14.2.0', '_LMFILES_': '/uollinapps/v2/current/soc/spack/el9/Core/gcc/14.2.0.lua:/usr/share/modulefiles/mpi/openmpi-x86_64', 'DBUS_SESSION_BUS_ADDRESS': 'unix:abstract=/tmp/dbus-8qGMb8aiOx,guid=2ad71e69851b37c21bae78fe69eca169', 'COLORTERM': 'truecolor', 'APPTAINER_ENVIRONMENT': '/.singularity.d/env/91-environment.sh', '__LMOD_REF_COUNT_PATH': '/usr/lib64/openmpi/bin:1;/usr/lib64/qt6/bin:2;/uollinapps/v2/24-25/soc/packages/linux-rhel9-x86_64_v3/gcc-11.4.0/gcc-14.2.0-svuh5yskfnrwh537tvxvt642acswwlju/bin:1;/uolstore/home/users/sc23oy/.local/bin:1;/uolstore/home/users/sc23oy/bin:1;/usr/local/bin:1;/usr/local/sbin:1;/usr/bin:1;/usr/sbin:1;/opt/puppetlabs/bin:1', 'LMOD_sys': 'Linux', 'F77': '/uollinapps/v2/24-25/soc/packages/linux-rhel9-x86_64_v3/gcc-11.4.0/gcc-14.2.0-svuh5yskfnrwh537tvxvt642acswwlju/bin/gfortran', 'which_declare': 'declare -f', 'COLCON_PREFIX_PATH': '/uolstore/home/users/sc23oy/ros2_ws/install', 'ROS_DISTRO': 'humble', 'SINGULARITY_ENVIRONMENT': '/.singularity.d/env/91-environment.sh', 'LOGNAME': 'sc23oy', 'MPI_COMPILER': 'openmpi-x86_64', 'LMOD_VERSION': '8.7.65', '_': '/usr/bin/colcon', 'ROS_VERSION': '2', 'MPI_LIB': '/usr/lib64/openmpi/lib', 'PKG_CONFIG_PATH': '/usr/lib64/openmpi/lib/pkgconfig', 'XDG_SESSION_CLASS': 'user', 'USERNAME': 'sc23oy', 'TERM': 'xterm-256color', 'GAZEBO_MODEL_PATH': '/usr/share/gazebo-11/models:', 'MPI_BIN': '/usr/lib64/openmpi/bin', 'ROS_LOCALHOST_ONLY': '1', 'HISTCONTROL': 'ignoredups', 'OGRE_RESOURCE_PATH': '/usr/lib/x86_64-linux-gnu/OGRE-1.9.0', 'PATH': '/opt/ros/humble/bin:/usr/lib64/qt6/bin:/uolstore/home/users/sc23oy/.local/bin:/uolstore/home/users/sc23oy/bin:/usr/local/sbin:/usr/local/bin:/usr/sbin:/usr/bin:/sbin:/bin', 'MPI_HOME': '/usr/lib64/openmpi', 'GDM_LANG': 'en_GB.UTF-8', 'APPTAINER_COMMAND': 'shell', 'LMOD_SETTARG_FULL_SUPPORT': 'no', '__LMOD_REF_COUNT_LD_LIBRARY_PATH': '/usr/lib64/openmpi/lib:1', 'XDG_MENU_PREFIX': 'gnome-', 'GNOME_TERMINAL_SCREEN': '/org/gnome/Terminal/screen/3e198ced_e144_4c1b_ba88_d3f0aa723bad', 'XDG_RUNTIME_DIR': '/run/user/604234', 'MPI_MAN': '/usr/share/man/openmpi-x86_64', 'GDK_BACKEND': 'x11', 'DISPLAY': ':1', 'HISTSIZE': '1000', 'APPTAINER_APPNAME': '', 'LANG': 'en_US.UTF-8', 'XDG_CURRENT_DESKTOP': 'GNOME', 'LMOD_ROOT': '/usr/share/lmod', 'XMODIFIERS': '@im=ibus', 'XDG_SESSION_DESKTOP': 'gnome', 'XAUTHORITY': '/run/gdm/auth-for-sc23oy-AYJ5N3/database', 'LS_COLORS': 'rs=0:di=01;34:ln=01;36:mh=00:pi=40;33:so=01;35:do=01;35:bd=40;33;01:cd=40;33;01:or=40;31;01:mi=01;37;41:su=37;41:sg=30;43:ca=30;41:tw=30;42:ow=34;42:st=37;44:ex=01;32:*.tar=01;31:*.tgz=01;31:*.arc=01;31:*.arj=01;31:*.taz=01;31:*.lha=01;31:*.lz4=01;31:*.lzh=01;31:*.lzma=01;31:*.tlz=01;31:*.txz=01;31:*.tzo=01;31:*.t7z=01;31:*.zip=01;31:*.z=01;31:*.dz=01;31:*.gz=01;31:*.lrz=01;31:*.lz=01;31:*.lzo=01;31:*.xz=01;31:*.zst=01;31:*.tzst=01;31:*.bz2=01;31:*.bz=01;31:*.tbz=01;31:*.tbz2=01;31:*.tz=01;31:*.deb=01;31:*.rpm=01;31:*.jar=01;31:*.war=01;31:*.ear=01;31:*.sar=01;31:*.rar=01;31:*.alz=01;31:*.ace=01;31:*.zoo=01;31:*.cpio=01;31:*.7z=01;31:*.rz=01;31:*.cab=01;31:*.wim=01;31:*.swm=01;31:*.dwm=01;31:*.esd=01;31:*.jpg=01;35:*.jpeg=01;35:*.mjpg=01;35:*.mjpeg=01;35:*.gif=01;35:*.bmp=01;35:*.pbm=01;35:*.pgm=01;35:*.ppm=01;35:*.tga=01;35:*.xbm=01;35:*.xpm=01;35:*.tif=01;35:*.tiff=01;35:*.png=01;35:*.svg=01;35:*.svgz=01;35:*.mng=01;35:*.pcx=01;35:*.mov=01;35:*.mpg=01;35:*.mpeg=01;35:*.m2v=01;35:*.mkv=01;35:*.webm=01;35:*.webp=01;35:*.ogm=01;35:*.mp4=01;35:*.m4v=01;35:*.mp4v=01;35:*.vob=01;35:*.qt=01;35:*.nuv=01;35:*.wmv=01;35:*.asf=01;35:*.rm=01;35:*.rmvb=01;35:*.flc=01;35:*.avi=01;35:*.fli=01;35:*.flv=01;35:*.gl=01;35:*.dl=01;35:*.xcf=01;35:*.xwd=01;35:*.yuv=01;35:*.cgm=01;35:*.emf=01;35:*.ogv=01;35:*.ogx=01;35:*.aac=01;36:*.au=01;36:*.flac=01;36:*.m4a=01;36:*.mid=01;36:*.midi=01;36:*.mka=01;36:*.mp3=01;36:*.mpc=01;36:*.ogg=01;36:*.ra=01;36:*.wav=01;36:*.oga=01;36:*.opus=01;36:*.spx=01;36:*.xspf=01;36:', 'VSCODE_GIT_IPC_HANDLE': '/run/user/604234/vscode-git-8fb86e4b5d.sock', 'GNOME_TERMINAL_SERVICE': ':1.59', 'TERM_PROGRAM': 'vscode', 'ROS_DOMAIN_ID': '30', 'AMENT_PREFIX_PATH': '/opt/ros/humble', 'ORIGINAL_XDG_CURRENT_DESKTOP': 'GNOME', 'SHELL': '/bin/bash', 'KRB5CCNAME': 'KEYRING:persistent:604234', 'MPI_SYSCONFIG': '/etc/openmpi-x86_64', 'MODULEPATH_ROOT': '/usr/share/modulefiles', 'NO_AT_BRIDGE': '1', 'CXX': '/usr/bin/g++', 'GDMSESSION': 'gnome', 'APPTAINER_CONTAINER': '/vol/scratch/SoC/COMP3631/comp3631.simg', 'APPTAINER_BIND': '/run/user/604234,/etc/localtime', 'LMOD_FAMILY_COMPILER': 'gcc', 'LMOD_CMD': '/usr/share/lmod/lmod/libexec/lmod', '_ModuleTable_Sz_': '4', 'GAZEBO_RESOURCE_PATH': '/usr/share/gazebo-11:', 'GAZEBO_MODEL_DATABASE_URI': 'http://models.gazebosim.org', 'SINGULARITY_CONTAINER': '/vol/scratch/SoC/COMP3631/comp3631.simg', 'VSCODE_GIT_ASKPASS_EXTRA_ARGS': '', 'BASH_ENV': '/usr/share/lmod/lmod/init/bash', 'QT_IM_MODULE': 'ibus', 'SINGULARITY_BIND': '/run/user/604234,/etc/localtime', '_ModuleTable001_': 'X01vZHVsZVRhYmxlXyA9IHsKTVR2ZXJzaW9uID0gMywKY19yZWJ1aWxkVGltZSA9IGZhbHNlLApjX3Nob3J0VGltZSA9IGZhbHNlLApkZXB0aFQgPSB7fSwKZmFtaWx5ID0gewpjb21waWxlciA9ICJnY2MiLAp9LAptVCA9IHsKZ2NjID0gewphY3Rpb25BID0gewpbW3ByZXBlbmRfcGF0aCgiTU9EVUxFUEFUSCIsIi91b2xsaW5hcHBzL3YyLzI0LTI1L3NvYy9zcGFjay9lbDkvZ2NjLzE0LjIuMCIpXV0sCn0sCmZuID0gIi91b2xsaW5hcHBzL3YyL2N1cnJlbnQvc29jL3NwYWNrL2VsOS9Db3JlL2djYy8xNC4yLjAubHVhIiwKZnVsbE5hbWUgPSAiZ2NjLzE0LjIuMCIsCmxvYWRPcmRlciA9IDEsCnByb3BUID0ge30sCnN0YWNrRGVwdGggPSAwLApzdGF0dXMgPSAiYWN0aXZlIiwK', 'DEBUGINFOD_IMA_CERT_PATH': '/etc/keys/ima:', '_ModuleTable002_': 'dXNlck5hbWUgPSAiZ2NjIiwKd1YgPSAiMDAwMDAwMDE0LjAwMDAwMDAwMi4qemZpbmFsIiwKfSwKbXBpID0gewpmbiA9ICIvdXNyL3NoYXJlL21vZHVsZWZpbGVzL21waS9vcGVubXBpLXg4Nl82NCIsCmZ1bGxOYW1lID0gIm1waS9vcGVubXBpLXg4Nl82NCIsCmxvYWRPcmRlciA9IDIsCnByb3BUID0ge30sCnN0YWNrRGVwdGggPSAwLApzdGF0dXMgPSAiYWN0aXZlIiwKdXNlck5hbWUgPSAibXBpIiwKd1YgPSAiKm9wZW5tcGkuKnguMDAwMDAwMDg2LipfLjAwMDAwMDA2NC4qemZpbmFsIiwKfSwKfSwKbXBhdGhBID0gewoiL3VvbGxpbmFwcHMvdjIvMjQtMjUvc29jL3NwYWNrL2VsOS9nY2MvMTQuMi4wIiwgIi9ldGMvc2NsL21vZHVsZWZpbGVzIgosICIvdXNyL3NoYXJlL21v', 'PWD': '/uolstore/home/users/sc23oy/ros2_ws/build/lab5', 'LOADEDMODULES': 'gcc/14.2.0:mpi/openmpi-x86_64', 'TURTLEBOT3_MODEL': 'burger', 'APPTAINER_NAME': 'comp3631.simg', 'GAZEBO_PLUGIN_PATH': '/usr/lib/x86_64-linux-gnu/gazebo-11/plugins:', '_ModuleTable003_': 'ZHVsZWZpbGVzIiwgIi91b2xsaW5hcHBzL3YyL2N1cnJlbnQvdW9sL3NwYWNrL2VsOS9Db3JlIgosICIvdW9sbGluYXBwcy92Mi9jdXJyZW50L3VvbC9vdGhlci9lbDkiCiwgIi91b2xsaW5hcHBzL3YyL2N1cnJlbnQvc29jL3NwYWNrL2VsOS9Db3JlIgosICIvdW9sbGluYXBwcy92Mi9jdXJyZW50L3NvYy9vdGhlciIsICIvdXNyL3NoYXJlL21vZHVsZWZpbGVzL0xpbnV4IgosICIvdXNyL3NoYXJlL21vZHVsZWZpbGVzL0NvcmUiLCAiL3Vzci9zaGFyZS9sbW9kL2xtb2QvbW9kdWxlZmlsZXMvQ29yZSIsCn0sCnN5c3RlbUJhc2VNUEFUSCA9ICIvZXRjL3NjbC9tb2R1bGVmaWxlczovdXNyL3NoYXJlL21vZHVsZWZpbGVzOi91b2xsaW5hcHBzL3YyL2N1cnJlbnQvdW9sL3NwYWNr', 'XDG_DATA_DIRS': '/uolstore/home/users/sc23oy/.local/share/flatpak/exports/share:/var/lib/flatpak/exports/share:/usr/local/share:/usr/share', 'PYTHONPATH': '/uolstore/home/users/sc23oy/ros2_ws/build/lab5/prefix_override:/uolstore/home/users/sc23oy/ros2_ws/install/lab5/lib/python3.10/site-packages:/opt/ros/humble/lib/python3.10/site-packages:/opt/ros/humble/local/lib/python3.10/dist-packages', '_ModuleTable004_': 'L2VsOS9Db3JlOi91b2xsaW5hcHBzL3YyL2N1cnJlbnQvdW9sL290aGVyL2VsOTovdW9sbGluYXBwcy92Mi9jdXJyZW50L3NvYy9zcGFjay9lbDkvQ29yZTovdW9sbGluYXBwcy92Mi9jdXJyZW50L3NvYy9vdGhlcjovdXNyL3NoYXJlL21vZHVsZWZpbGVzL0xpbnV4Oi91c3Ivc2hhcmUvbW9kdWxlZmlsZXMvQ29yZTovdXNyL3NoYXJlL2xtb2QvbG1vZC9tb2R1bGVmaWxlcy9Db3JlIiwKfQo=', 'SINGULARITY_NAME': 'comp3631.simg', 'CC': '/usr/bin/gcc', 'COLCON': '1', '__LMOD_REF_COUNT_MODULEPATH': '/uollinapps/v2/24-25/soc/spack/el9/gcc/14.2.0:1;/etc/scl/modulefiles:2;/usr/share/modulefiles:1;/uollinapps/v2/current/uol/spack/el9/Core:1;/uollinapps/v2/current/uol/other/el9:1;/uollinapps/v2/current/soc/spack/el9/Core:1;/uollinapps/v2/current/soc/other:1;/usr/share/modulefiles/Linux:1;/usr/share/modulefiles/Core:1;/usr/share/lmod/lmod/modulefiles/Core:1', 'MANPATH': ':/usr/share/man/openmpi-x86_64:/uollinapps/v2/24-25/soc/packages/linux-rhel9-x86_64_v3/gcc-11.4.0/gcc-14.2.0-svuh5yskfnrwh537tvxvt642acswwlju/share/man:/usr/share/lmod/lmod/share/man:/opt/puppetlabs/puppet/share/man', 'VTE_VERSION': '6402', 'MPI_SUFFIX': '_openmpi', '__LMOD_REF_COUNT_MANPATH': ':3;/usr/share/man/openmpi-x86_64:1;/uollinapps/v2/24-25/soc/packages/linux-rhel9-x86_64_v3/gcc-11.4.0/gcc-14.2.0-svuh5yskfnrwh537tvxvt642acswwlju/share/man:1;/usr/share/lmod/lmod/share/man:1;/opt/puppetlabs/puppet/share/man:1', 'MODULEPATH': '/uollinapps/v2/24-25/soc/spack/el9/gcc/14.2.0:/etc/scl/modulefiles:/usr/share/modulefiles:/uollinapps/v2/current/uol/spack/el9/Core:/uollinapps/v2/current/uol/other/el9:/uollinapps/v2/current/soc/spack/el9/Core:/uollinapps/v2/current/soc/other:/usr/share/modulefiles/Linux:/usr/share/modulefiles/Core:/usr/share/lmod/lmod/modulefiles/Core', 'MODULESHOME': '/usr/share/Modules', 'CMAKE_PREFIX_PATH': '/uollinapps/v2/24-25/soc/packages/linux-rhel9-x86_64_v3/gcc-11.4.0/gcc-14.2.0-svuh5yskfnrwh537tvxvt642acswwlju'}, 'shell': False}
[5.814588] (-) TimerEvent: {}
[5.815046] (lab4) Command: {'cmd': ['/usr/bin/python3', 'setup.py', 'egg_info', '--egg-base', '../../build/lab4', 'build', '--build-base', '/uolstore/home/users/sc23oy/ros2_ws/build/lab4/build', 'install', '--record', '/uolstore/home/users/sc23oy/ros2_ws/build/lab4/install.log', '--single-version-externally-managed'], 'cwd': '/uolstore/home/users/sc23oy/ros2_ws/src/lab4', 'env': {'LESSOPEN': '||/usr/bin/lesspipe.sh %s', 'LMOD_DIR': '/usr/share/lmod/lmod/libexec', 'MAIL': '/var/spool/mail/sc23oy', 'USER': 'sc23oy', '__LMOD_REF_COUNT_CMAKE_PREFIX_PATH': '/uollinapps/v2/24-25/soc/packages/linux-rhel9-x86_64_v3/gcc-11.4.0/gcc-14.2.0-svuh5yskfnrwh537tvxvt642acswwlju:1', 'HOSTNAME': 'feng-linux-07.leeds.ac.uk', 'XDG_SESSION_TYPE': 'x11', 'MPI_FORTRAN_MOD_DIR': '/usr/lib64/gfortran/modules/openmpi', 'GIT_ASKPASS': '/usr/share/code/resources/app/extensions/git/dist/askpass.sh', 'LMOD_PKG': '/usr/share/lmod/lmod', 'SHLVL': '3', 'LD_LIBRARY_PATH': '/usr/lib/x86_64-linux-gnu/gazebo-11/plugins:/opt/ros/humble/opt/rviz_ogre_vendor/lib:/opt/ros/humble/lib/x86_64-linux-gnu:/opt/ros/humble/lib:/.singularity.d/libs:/usr/lib/x86_64-linux-gnu/gazebo-11/plugins:', 'MPI_INCLUDE': '/usr/include/openmpi-x86_64', 'HOME': '/uolstore/home/users/sc23oy', 'CHROME_DESKTOP': 'code-url-handler.desktop', 'OLDPWD': '/uolstore/home/users/sc23oy/ros2_ws', 'TERM_PROGRAM_VERSION': '1.86.2', 'DESKTOP_SESSION': 'gnome', 'USER_PATH': '/usr/lib64/openmpi/bin:/usr/lib64/qt6/bin:/uollinapps/v2/24-25/soc/packages/linux-rhel9-x86_64_v3/gcc-11.4.0/gcc-14.2.0-svuh5yskfnrwh537tvxvt642acswwlju/bin:/uolstore/home/users/sc23oy/.local/bin:/uolstore/home/users/sc23oy/bin:/usr/local/bin:/usr/local/sbin:/usr/bin:/usr/sbin:/opt/puppetlabs/bin:/bin:/usr/bin:/sbin:/usr/sbin:/usr/local/bin:/usr/local/sbin', '__LMOD_REF_COUNT_PKG_CONFIG_PATH': '/usr/lib64/openmpi/lib/pkgconfig:1', 'GAZEBO_MASTER_URI': 'http://localhost:11345', 'ROS_PYTHON_VERSION': '3', 'FPATH': '/usr/share/lmod/lmod/init/ksh_funcs', 'FC': '/uollinapps/v2/24-25/soc/packages/linux-rhel9-x86_64_v3/gcc-11.4.0/gcc-14.2.0-svuh5yskfnrwh537tvxvt642acswwlju/bin/gfortran', 'VSCODE_GIT_ASKPASS_MAIN': '/usr/share/code/resources/app/extensions/git/dist/askpass-main.js', 'PS1': '\\[\x1b]633;A\x07\\][COMP3631] Singularity> \\w $ \\[\x1b]633;B\x07\\]', 'VSCODE_GIT_ASKPASS_NODE': '/usr/share/code/code', 'MPI_PYTHON3_SITEARCH': '/usr/lib64/python3.9/site-packages/openmpi', 'LMOD_FAMILY_COMPILER_VERSION': '14.2.0', '_LMFILES_': '/uollinapps/v2/current/soc/spack/el9/Core/gcc/14.2.0.lua:/usr/share/modulefiles/mpi/openmpi-x86_64', 'DBUS_SESSION_BUS_ADDRESS': 'unix:abstract=/tmp/dbus-8qGMb8aiOx,guid=2ad71e69851b37c21bae78fe69eca169', 'COLORTERM': 'truecolor', 'APPTAINER_ENVIRONMENT': '/.singularity.d/env/91-environment.sh', '__LMOD_REF_COUNT_PATH': '/usr/lib64/openmpi/bin:1;/usr/lib64/qt6/bin:2;/uollinapps/v2/24-25/soc/packages/linux-rhel9-x86_64_v3/gcc-11.4.0/gcc-14.2.0-svuh5yskfnrwh537tvxvt642acswwlju/bin:1;/uolstore/home/users/sc23oy/.local/bin:1;/uolstore/home/users/sc23oy/bin:1;/usr/local/bin:1;/usr/local/sbin:1;/usr/bin:1;/usr/sbin:1;/opt/puppetlabs/bin:1', 'LMOD_sys': 'Linux', 'F77': '/uollinapps/v2/24-25/soc/packages/linux-rhel9-x86_64_v3/gcc-11.4.0/gcc-14.2.0-svuh5yskfnrwh537tvxvt642acswwlju/bin/gfortran', 'which_declare': 'declare -f', 'COLCON_PREFIX_PATH': '/uolstore/home/users/sc23oy/ros2_ws/install', 'ROS_DISTRO': 'humble', 'SINGULARITY_ENVIRONMENT': '/.singularity.d/env/91-environment.sh', 'LOGNAME': 'sc23oy', 'MPI_COMPILER': 'openmpi-x86_64', 'LMOD_VERSION': '8.7.65', '_': '/usr/bin/colcon', 'ROS_VERSION': '2', 'MPI_LIB': '/usr/lib64/openmpi/lib', 'PKG_CONFIG_PATH': '/usr/lib64/openmpi/lib/pkgconfig', 'XDG_SESSION_CLASS': 'user', 'USERNAME': 'sc23oy', 'TERM': 'xterm-256color', 'GAZEBO_MODEL_PATH': '/usr/share/gazebo-11/models:', 'MPI_BIN': '/usr/lib64/openmpi/bin', 'ROS_LOCALHOST_ONLY': '1', 'HISTCONTROL': 'ignoredups', 'OGRE_RESOURCE_PATH': '/usr/lib/x86_64-linux-gnu/OGRE-1.9.0', 'PATH': '/opt/ros/humble/bin:/usr/lib64/qt6/bin:/uolstore/home/users/sc23oy/.local/bin:/uolstore/home/users/sc23oy/bin:/usr/local/sbin:/usr/local/bin:/usr/sbin:/usr/bin:/sbin:/bin', 'MPI_HOME': '/usr/lib64/openmpi', 'GDM_LANG': 'en_GB.UTF-8', 'APPTAINER_COMMAND': 'shell', 'LMOD_SETTARG_FULL_SUPPORT': 'no', '__LMOD_REF_COUNT_LD_LIBRARY_PATH': '/usr/lib64/openmpi/lib:1', 'XDG_MENU_PREFIX': 'gnome-', 'GNOME_TERMINAL_SCREEN': '/org/gnome/Terminal/screen/3e198ced_e144_4c1b_ba88_d3f0aa723bad', 'XDG_RUNTIME_DIR': '/run/user/604234', 'MPI_MAN': '/usr/share/man/openmpi-x86_64', 'GDK_BACKEND': 'x11', 'DISPLAY': ':1', 'HISTSIZE': '1000', 'APPTAINER_APPNAME': '', 'LANG': 'en_US.UTF-8', 'XDG_CURRENT_DESKTOP': 'GNOME', 'LMOD_ROOT': '/usr/share/lmod', 'XMODIFIERS': '@im=ibus', 'XDG_SESSION_DESKTOP': 'gnome', 'XAUTHORITY': '/run/gdm/auth-for-sc23oy-AYJ5N3/database', 'LS_COLORS': 'rs=0:di=01;34:ln=01;36:mh=00:pi=40;33:so=01;35:do=01;35:bd=40;33;01:cd=40;33;01:or=40;31;01:mi=01;37;41:su=37;41:sg=30;43:ca=30;41:tw=30;42:ow=34;42:st=37;44:ex=01;32:*.tar=01;31:*.tgz=01;31:*.arc=01;31:*.arj=01;31:*.taz=01;31:*.lha=01;31:*.lz4=01;31:*.lzh=01;31:*.lzma=01;31:*.tlz=01;31:*.txz=01;31:*.tzo=01;31:*.t7z=01;31:*.zip=01;31:*.z=01;31:*.dz=01;31:*.gz=01;31:*.lrz=01;31:*.lz=01;31:*.lzo=01;31:*.xz=01;31:*.zst=01;31:*.tzst=01;31:*.bz2=01;31:*.bz=01;31:*.tbz=01;31:*.tbz2=01;31:*.tz=01;31:*.deb=01;31:*.rpm=01;31:*.jar=01;31:*.war=01;31:*.ear=01;31:*.sar=01;31:*.rar=01;31:*.alz=01;31:*.ace=01;31:*.zoo=01;31:*.cpio=01;31:*.7z=01;31:*.rz=01;31:*.cab=01;31:*.wim=01;31:*.swm=01;31:*.dwm=01;31:*.esd=01;31:*.jpg=01;35:*.jpeg=01;35:*.mjpg=01;35:*.mjpeg=01;35:*.gif=01;35:*.bmp=01;35:*.pbm=01;35:*.pgm=01;35:*.ppm=01;35:*.tga=01;35:*.xbm=01;35:*.xpm=01;35:*.tif=01;35:*.tiff=01;35:*.png=01;35:*.svg=01;35:*.svgz=01;35:*.mng=01;35:*.pcx=01;35:*.mov=01;35:*.mpg=01;35:*.mpeg=01;35:*.m2v=01;35:*.mkv=01;35:*.webm=01;35:*.webp=01;35:*.ogm=01;35:*.mp4=01;35:*.m4v=01;35:*.mp4v=01;35:*.vob=01;35:*.qt=01;35:*.nuv=01;35:*.wmv=01;35:*.asf=01;35:*.rm=01;35:*.rmvb=01;35:*.flc=01;35:*.avi=01;35:*.fli=01;35:*.flv=01;35:*.gl=01;35:*.dl=01;35:*.xcf=01;35:*.xwd=01;35:*.yuv=01;35:*.cgm=01;35:*.emf=01;35:*.ogv=01;35:*.ogx=01;35:*.aac=01;36:*.au=01;36:*.flac=01;36:*.m4a=01;36:*.mid=01;36:*.midi=01;36:*.mka=01;36:*.mp3=01;36:*.mpc=01;36:*.ogg=01;36:*.ra=01;36:*.wav=01;36:*.oga=01;36:*.opus=01;36:*.spx=01;36:*.xspf=01;36:', 'VSCODE_GIT_IPC_HANDLE': '/run/user/604234/vscode-git-8fb86e4b5d.sock', 'GNOME_TERMINAL_SERVICE': ':1.59', 'TERM_PROGRAM': 'vscode', 'ROS_DOMAIN_ID': '30', 'AMENT_PREFIX_PATH': '/opt/ros/humble', 'ORIGINAL_XDG_CURRENT_DESKTOP': 'GNOME', 'SHELL': '/bin/bash', 'KRB5CCNAME': 'KEYRING:persistent:604234', 'MPI_SYSCONFIG': '/etc/openmpi-x86_64', 'MODULEPATH_ROOT': '/usr/share/modulefiles', 'NO_AT_BRIDGE': '1', 'CXX': '/usr/bin/g++', 'GDMSESSION': 'gnome', 'APPTAINER_CONTAINER': '/vol/scratch/SoC/COMP3631/comp3631.simg', 'APPTAINER_BIND': '/run/user/604234,/etc/localtime', 'LMOD_FAMILY_COMPILER': 'gcc', 'LMOD_CMD': '/usr/share/lmod/lmod/libexec/lmod', '_ModuleTable_Sz_': '4', 'GAZEBO_RESOURCE_PATH': '/usr/share/gazebo-11:', 'GAZEBO_MODEL_DATABASE_URI': 'http://models.gazebosim.org', 'SINGULARITY_CONTAINER': '/vol/scratch/SoC/COMP3631/comp3631.simg', 'VSCODE_GIT_ASKPASS_EXTRA_ARGS': '', 'BASH_ENV': '/usr/share/lmod/lmod/init/bash', 'QT_IM_MODULE': 'ibus', 'SINGULARITY_BIND': '/run/user/604234,/etc/localtime', '_ModuleTable001_': 'X01vZHVsZVRhYmxlXyA9IHsKTVR2ZXJzaW9uID0gMywKY19yZWJ1aWxkVGltZSA9IGZhbHNlLApjX3Nob3J0VGltZSA9IGZhbHNlLApkZXB0aFQgPSB7fSwKZmFtaWx5ID0gewpjb21waWxlciA9ICJnY2MiLAp9LAptVCA9IHsKZ2NjID0gewphY3Rpb25BID0gewpbW3ByZXBlbmRfcGF0aCgiTU9EVUxFUEFUSCIsIi91b2xsaW5hcHBzL3YyLzI0LTI1L3NvYy9zcGFjay9lbDkvZ2NjLzE0LjIuMCIpXV0sCn0sCmZuID0gIi91b2xsaW5hcHBzL3YyL2N1cnJlbnQvc29jL3NwYWNrL2VsOS9Db3JlL2djYy8xNC4yLjAubHVhIiwKZnVsbE5hbWUgPSAiZ2NjLzE0LjIuMCIsCmxvYWRPcmRlciA9IDEsCnByb3BUID0ge30sCnN0YWNrRGVwdGggPSAwLApzdGF0dXMgPSAiYWN0aXZlIiwK', 'DEBUGINFOD_IMA_CERT_PATH': '/etc/keys/ima:', '_ModuleTable002_': 'dXNlck5hbWUgPSAiZ2NjIiwKd1YgPSAiMDAwMDAwMDE0LjAwMDAwMDAwMi4qemZpbmFsIiwKfSwKbXBpID0gewpmbiA9ICIvdXNyL3NoYXJlL21vZHVsZWZpbGVzL21waS9vcGVubXBpLXg4Nl82NCIsCmZ1bGxOYW1lID0gIm1waS9vcGVubXBpLXg4Nl82NCIsCmxvYWRPcmRlciA9IDIsCnByb3BUID0ge30sCnN0YWNrRGVwdGggPSAwLApzdGF0dXMgPSAiYWN0aXZlIiwKdXNlck5hbWUgPSAibXBpIiwKd1YgPSAiKm9wZW5tcGkuKnguMDAwMDAwMDg2LipfLjAwMDAwMDA2NC4qemZpbmFsIiwKfSwKfSwKbXBhdGhBID0gewoiL3VvbGxpbmFwcHMvdjIvMjQtMjUvc29jL3NwYWNrL2VsOS9nY2MvMTQuMi4wIiwgIi9ldGMvc2NsL21vZHVsZWZpbGVzIgosICIvdXNyL3NoYXJlL21v', 'PWD': '/uolstore/home/users/sc23oy/ros2_ws/build/lab4', 'LOADEDMODULES': 'gcc/14.2.0:mpi/openmpi-x86_64', 'TURTLEBOT3_MODEL': 'burger', 'APPTAINER_NAME': 'comp3631.simg', 'GAZEBO_PLUGIN_PATH': '/usr/lib/x86_64-linux-gnu/gazebo-11/plugins:', '_ModuleTable003_': 'ZHVsZWZpbGVzIiwgIi91b2xsaW5hcHBzL3YyL2N1cnJlbnQvdW9sL3NwYWNrL2VsOS9Db3JlIgosICIvdW9sbGluYXBwcy92Mi9jdXJyZW50L3VvbC9vdGhlci9lbDkiCiwgIi91b2xsaW5hcHBzL3YyL2N1cnJlbnQvc29jL3NwYWNrL2VsOS9Db3JlIgosICIvdW9sbGluYXBwcy92Mi9jdXJyZW50L3NvYy9vdGhlciIsICIvdXNyL3NoYXJlL21vZHVsZWZpbGVzL0xpbnV4IgosICIvdXNyL3NoYXJlL21vZHVsZWZpbGVzL0NvcmUiLCAiL3Vzci9zaGFyZS9sbW9kL2xtb2QvbW9kdWxlZmlsZXMvQ29yZSIsCn0sCnN5c3RlbUJhc2VNUEFUSCA9ICIvZXRjL3NjbC9tb2R1bGVmaWxlczovdXNyL3NoYXJlL21vZHVsZWZpbGVzOi91b2xsaW5hcHBzL3YyL2N1cnJlbnQvdW9sL3NwYWNr', 'XDG_DATA_DIRS': '/uolstore/home/users/sc23oy/.local/share/flatpak/exports/share:/var/lib/flatpak/exports/share:/usr/local/share:/usr/share', 'PYTHONPATH': '/uolstore/home/users/sc23oy/ros2_ws/build/lab4/prefix_override:/uolstore/home/users/sc23oy/ros2_ws/install/lab4/lib/python3.10/site-packages:/opt/ros/humble/lib/python3.10/site-packages:/opt/ros/humble/local/lib/python3.10/dist-packages', '_ModuleTable004_': 'L2VsOS9Db3JlOi91b2xsaW5hcHBzL3YyL2N1cnJlbnQvdW9sL290aGVyL2VsOTovdW9sbGluYXBwcy92Mi9jdXJyZW50L3NvYy9zcGFjay9lbDkvQ29yZTovdW9sbGluYXBwcy92Mi9jdXJyZW50L3NvYy9vdGhlcjovdXNyL3NoYXJlL21vZHVsZWZpbGVzL0xpbnV4Oi91c3Ivc2hhcmUvbW9kdWxlZmlsZXMvQ29yZTovdXNyL3NoYXJlL2xtb2QvbG1vZC9tb2R1bGVmaWxlcy9Db3JlIiwKfQo=', 'SINGULARITY_NAME': 'comp3631.simg', 'CC': '/usr/bin/gcc', 'COLCON': '1', '__LMOD_REF_COUNT_MODULEPATH': '/uollinapps/v2/24-25/soc/spack/el9/gcc/14.2.0:1;/etc/scl/modulefiles:2;/usr/share/modulefiles:1;/uollinapps/v2/current/uol/spack/el9/Core:1;/uollinapps/v2/current/uol/other/el9:1;/uollinapps/v2/current/soc/spack/el9/Core:1;/uollinapps/v2/current/soc/other:1;/usr/share/modulefiles/Linux:1;/usr/share/modulefiles/Core:1;/usr/share/lmod/lmod/modulefiles/Core:1', 'MANPATH': ':/usr/share/man/openmpi-x86_64:/uollinapps/v2/24-25/soc/packages/linux-rhel9-x86_64_v3/gcc-11.4.0/gcc-14.2.0-svuh5yskfnrwh537tvxvt642acswwlju/share/man:/usr/share/lmod/lmod/share/man:/opt/puppetlabs/puppet/share/man', 'VTE_VERSION': '6402', 'MPI_SUFFIX': '_openmpi', '__LMOD_REF_COUNT_MANPATH': ':3;/usr/share/man/openmpi-x86_64:1;/uollinapps/v2/24-25/soc/packages/linux-rhel9-x86_64_v3/gcc-11.4.0/gcc-14.2.0-svuh5yskfnrwh537tvxvt642acswwlju/share/man:1;/usr/share/lmod/lmod/share/man:1;/opt/puppetlabs/puppet/share/man:1', 'MODULEPATH': '/uollinapps/v2/24-25/soc/spack/el9/gcc/14.2.0:/etc/scl/modulefiles:/usr/share/modulefiles:/uollinapps/v2/current/uol/spack/el9/Core:/uollinapps/v2/current/uol/other/el9:/uollinapps/v2/current/soc/spack/el9/Core:/uollinapps/v2/current/soc/other:/usr/share/modulefiles/Linux:/usr/share/modulefiles/Core:/usr/share/lmod/lmod/modulefiles/Core', 'MODULESHOME': '/usr/share/Modules', 'CMAKE_PREFIX_PATH': '/uollinapps/v2/24-25/soc/packages/linux-rhel9-x86_64_v3/gcc-11.4.0/gcc-14.2.0-svuh5yskfnrwh537tvxvt642acswwlju'}, 'shell': False}
[5.867395] (turtlebot3_gazebo) StdoutLine: {'line': b'-- Found sensor_msgs: 4.2.3 (/opt/ros/humble/share/sensor_msgs/cmake)\n'}
[5.914706] (-) TimerEvent: {}
[6.002073] (turtlebot3_gazebo) StdoutLine: {'line': b'-- Found tf2: 0.25.5 (/opt/ros/humble/share/tf2/cmake)\n'}
[6.014790] (-) TimerEvent: {}
[6.115134] (-) TimerEvent: {}
[6.215506] (-) TimerEvent: {}
[6.285743] (turtlebot3_gazebo) StdoutLine: {'line': b'-- Configuring done\n'}
[6.305990] (lab1) StdoutLine: {'line': b'running egg_info\n'}
[6.306600] (lab1) StdoutLine: {'line': b'creating ../../build/lab1/lab1.egg-info\n'}
[6.307597] (lab1) StdoutLine: {'line': b'writing ../../build/lab1/lab1.egg-info/PKG-INFO\n'}
[6.308837] (lab2) StdoutLine: {'line': b'running egg_info\n'}
[6.309546] (lab2) StdoutLine: {'line': b'creating ../../build/lab2/lab2.egg-info\n'}
[6.310718] (lab2) StdoutLine: {'line': b'writing ../../build/lab2/lab2.egg-info/PKG-INFO\n'}
[6.311199] (lab1) StdoutLine: {'line': b'writing dependency_links to ../../build/lab1/lab1.egg-info/dependency_links.txt\n'}
[6.313046] (lab1) StdoutLine: {'line': b'writing entry points to ../../build/lab1/lab1.egg-info/entry_points.txt\n'}
[6.314359] (lab2) StdoutLine: {'line': b'writing dependency_links to ../../build/lab2/lab2.egg-info/dependency_links.txt\n'}
[6.315054] (lab1) StdoutLine: {'line': b'writing requirements to ../../build/lab1/lab1.egg-info/requires.txt\n'}
[6.315553] (-) TimerEvent: {}
[6.316377] (lab1) StdoutLine: {'line': b'writing top-level names to ../../build/lab1/lab1.egg-info/top_level.txt\n'}
[6.316524] (lab2) StdoutLine: {'line': b'writing entry points to ../../build/lab2/lab2.egg-info/entry_points.txt\n'}
[6.318338] (lab1) StdoutLine: {'line': b"writing manifest file '../../build/lab1/lab1.egg-info/SOURCES.txt'\n"}
[6.318463] (lab2) StdoutLine: {'line': b'writing requirements to ../../build/lab2/lab2.egg-info/requires.txt\n'}
[6.319840] (lab2) StdoutLine: {'line': b'writing top-level names to ../../build/lab2/lab2.egg-info/top_level.txt\n'}
[6.321784] (lab2) StdoutLine: {'line': b"writing manifest file '../../build/lab2/lab2.egg-info/SOURCES.txt'\n"}
[6.324686] (lab1) StdoutLine: {'line': b"reading manifest file '../../build/lab1/lab1.egg-info/SOURCES.txt'\n"}
[6.327122] (lab1) StdoutLine: {'line': b"writing manifest file '../../build/lab1/lab1.egg-info/SOURCES.txt'\n"}
[6.328211] (lab1) StdoutLine: {'line': b'running build\n'}
[6.328354] (lab1) StdoutLine: {'line': b'running build_py\n'}
[6.329291] (lab1) StdoutLine: {'line': b'creating /uolstore/home/users/sc23oy/ros2_ws/build/lab1/build\n'}
[6.329889] (lab1) StdoutLine: {'line': b'creating /uolstore/home/users/sc23oy/ros2_ws/build/lab1/build/lib\n'}
[6.330015] (lab2) StdoutLine: {'line': b"reading manifest file '../../build/lab2/lab2.egg-info/SOURCES.txt'\n"}
[6.330854] (lab1) StdoutLine: {'line': b'creating /uolstore/home/users/sc23oy/ros2_ws/build/lab1/build/lib/lab1\n'}
[6.332139] (lab1) StdoutLine: {'line': b'copying lab1/__init__.py -> /uolstore/home/users/sc23oy/ros2_ws/build/lab1/build/lib/lab1\n'}
[6.332620] (lab2) StdoutLine: {'line': b"writing manifest file '../../build/lab2/lab2.egg-info/SOURCES.txt'\n"}
[6.333975] (lab2) StdoutLine: {'line': b'running build\n'}
[6.334058] (lab2) StdoutLine: {'line': b'running build_py\n'}
[6.334638] (lab3) StdoutLine: {'line': b'running egg_info\n'}
[6.334865] (lab1) StdoutLine: {'line': b'copying lab1/hello.py -> /uolstore/home/users/sc23oy/ros2_ws/build/lab1/build/lib/lab1\n'}
[6.334946] (lab2) StdoutLine: {'line': b'creating /uolstore/home/users/sc23oy/ros2_ws/build/lab2/build\n'}
[6.335258] (lab3) StdoutLine: {'line': b'creating ../../build/lab3/lab3.egg-info\n'}
[6.335475] (lab2) StdoutLine: {'line': b'creating /uolstore/home/users/sc23oy/ros2_ws/build/lab2/build/lib\n'}
[6.336455] (lab2) StdoutLine: {'line': b'creating /uolstore/home/users/sc23oy/ros2_ws/build/lab2/build/lib/lab2\n'}
[6.336599] (lab3) StdoutLine: {'line': b'writing ../../build/lab3/lab3.egg-info/PKG-INFO\n'}
[6.338139] (lab2) StdoutLine: {'line': b'copying lab2/__init__.py -> /uolstore/home/users/sc23oy/ros2_ws/build/lab2/build/lib/lab2\n'}
[6.338343] (lab1) StdoutLine: {'line': b'running install\n'}
[6.338657] (lab1) StdoutLine: {'line': b'running install_lib\n'}
[6.341629] (lab4) StdoutLine: {'line': b'running egg_info\n'}
[6.341787] (lab3) StdoutLine: {'line': b'writing dependency_links to ../../build/lab3/lab3.egg-info/dependency_links.txt\n'}
[6.341866] (lab2) StdoutLine: {'line': b'copying lab2/listener.py -> /uolstore/home/users/sc23oy/ros2_ws/build/lab2/build/lib/lab2\n'}
[6.342116] (lab1) StdoutLine: {'line': b'creating /uolstore/home/users/sc23oy/ros2_ws/install/lab1/lib/python3.10/site-packages/lab1\n'}
[6.342208] (lab4) StdoutLine: {'line': b'creating ../../build/lab4/lab4.egg-info\n'}
[6.343416] (lab4) StdoutLine: {'line': b'writing ../../build/lab4/lab4.egg-info/PKG-INFO\n'}
[6.343502] (lab1) StdoutLine: {'line': b'copying /uolstore/home/users/sc23oy/ros2_ws/build/lab1/build/lib/lab1/__init__.py -> /uolstore/home/users/sc23oy/ros2_ws/install/lab1/lib/python3.10/site-packages/lab1\n'}
[6.346551] (lab3) StdoutLine: {'line': b'writing entry points to ../../build/lab3/lab3.egg-info/entry_points.txt\n'}
[6.347440] (lab1) StdoutLine: {'line': b'copying /uolstore/home/users/sc23oy/ros2_ws/build/lab1/build/lib/lab1/hello.py -> /uolstore/home/users/sc23oy/ros2_ws/install/lab1/lib/python3.10/site-packages/lab1\n'}
[6.347653] (lab2) StdoutLine: {'line': b'copying lab2/talker.py -> /uolstore/home/users/sc23oy/ros2_ws/build/lab2/build/lib/lab2\n'}
[6.348993] (lab4) StdoutLine: {'line': b'writing dependency_links to ../../build/lab4/lab4.egg-info/dependency_links.txt\n'}
[6.349084] (lab3) StdoutLine: {'line': b'writing requirements to ../../build/lab3/lab3.egg-info/requires.txt\n'}
[6.349289] (ros2_project_sc23oy) StdoutLine: {'line': b'running egg_info\n'}
[6.350350] (ros2_project_sc23oy) StdoutLine: {'line': b'creating ../../build/ros2_project_sc23oy/ros2_project_sc23oy.egg-info\n'}
[6.351471] (lab3) StdoutLine: {'line': b'writing top-level names to ../../build/lab3/lab3.egg-info/top_level.txt\n'}
[6.351621] (ros2_project_sc23oy) StdoutLine: {'line': b'writing ../../build/ros2_project_sc23oy/ros2_project_sc23oy.egg-info/PKG-INFO\n'}
[6.352030] (lab4) StdoutLine: {'line': b'writing entry points to ../../build/lab4/lab4.egg-info/entry_points.txt\n'}
[6.352692] (lab2) StdoutLine: {'line': b'copying lab2/numeric_listener.py -> /uolstore/home/users/sc23oy/ros2_ws/build/lab2/build/lib/lab2\n'}
[6.354741] (lab4) StdoutLine: {'line': b'writing requirements to ../../build/lab4/lab4.egg-info/requires.txt\n'}
[6.354918] (lab3) StdoutLine: {'line': b"writing manifest file '../../build/lab3/lab3.egg-info/SOURCES.txt'\n"}
[6.356037] (lab1) StdoutLine: {'line': b'byte-compiling /uolstore/home/users/sc23oy/ros2_ws/install/lab1/lib/python3.10/site-packages/lab1/__init__.py to __init__.cpython-310.pyc\n'}
[6.357068] (ros2_project_sc23oy) StdoutLine: {'line': b'writing dependency_links to ../../build/ros2_project_sc23oy/ros2_project_sc23oy.egg-info/dependency_links.txt\n'}
[6.357398] (lab4) StdoutLine: {'line': b'writing top-level names to ../../build/lab4/lab4.egg-info/top_level.txt\n'}
[6.357790] (lab2) StdoutLine: {'line': b'copying lab2/numeric_talker.py -> /uolstore/home/users/sc23oy/ros2_ws/build/lab2/build/lib/lab2\n'}
[6.359384] (ros2_project_sc23oy) StdoutLine: {'line': b'writing entry points to ../../build/ros2_project_sc23oy/ros2_project_sc23oy.egg-info/entry_points.txt\n'}
[6.361290] (ros2_project_sc23oy) StdoutLine: {'line': b'writing requirements to ../../build/ros2_project_sc23oy/ros2_project_sc23oy.egg-info/requires.txt\n'}
[6.361658] (lab4) StdoutLine: {'line': b"writing manifest file '../../build/lab4/lab4.egg-info/SOURCES.txt'\n"}
[6.362305] (lab5) StdoutLine: {'line': b'running egg_info\n'}
[6.362534] (lab1) StdoutLine: {'line': b'byte-compiling /uolstore/home/users/sc23oy/ros2_ws/install/lab1/lib/python3.10/site-packages/lab1/hello.py to hello.cpython-310.pyc\n'}
[6.362876] (lab2) StdoutLine: {'line': b'running install\n'}
[6.362989] (lab5) StdoutLine: {'line': b'creating ../../build/lab5/lab5.egg-info\n'}
[6.363229] (ros2_project_sc23oy) StdoutLine: {'line': b'writing top-level names to ../../build/ros2_project_sc23oy/ros2_project_sc23oy.egg-info/top_level.txt\n'}
[6.363355] (lab2) StdoutLine: {'line': b'running install_lib\n'}
[6.364042] (lab3) StdoutLine: {'line': b"reading manifest file '../../build/lab3/lab3.egg-info/SOURCES.txt'\n"}
[6.364187] (lab5) StdoutLine: {'line': b'writing ../../build/lab5/lab5.egg-info/PKG-INFO\n'}
[6.365733] (ros2_project_sc23oy) StdoutLine: {'line': b"writing manifest file '../../build/ros2_project_sc23oy/ros2_project_sc23oy.egg-info/SOURCES.txt'\n"}
[6.367099] (lab2) StdoutLine: {'line': b'creating /uolstore/home/users/sc23oy/ros2_ws/install/lab2/lib/python3.10/site-packages/lab2\n'}
[6.367836] (lab3) StdoutLine: {'line': b"writing manifest file '../../build/lab3/lab3.egg-info/SOURCES.txt'\n"}
[6.367999] (lab1) StdoutLine: {'line': b'running install_data\n'}
[6.368893] (lab2) StdoutLine: {'line': b'copying /uolstore/home/users/sc23oy/ros2_ws/build/lab2/build/lib/lab2/__init__.py -> /uolstore/home/users/sc23oy/ros2_ws/install/lab2/lib/python3.10/site-packages/lab2\n'}
[6.369468] (lab1) StdoutLine: {'line': b'creating /uolstore/home/users/sc23oy/ros2_ws/install/lab1/share/ament_index\n'}
[6.369617] (lab3) StdoutLine: {'line': b'running build\n'}
[6.369772] (lab3) StdoutLine: {'line': b'running build_py\n'}
[6.369877] (lab4) StdoutLine: {'line': b"reading manifest file '../../build/lab4/lab4.egg-info/SOURCES.txt'\n"}
[6.370116] (lab5) StdoutLine: {'line': b'writing dependency_links to ../../build/lab5/lab5.egg-info/dependency_links.txt\n'}
[6.370286] (lab1) StdoutLine: {'line': b'creating /uolstore/home/users/sc23oy/ros2_ws/install/lab1/share/ament_index/resource_index\n'}
[6.371146] (lab3) StdoutLine: {'line': b'creating /uolstore/home/users/sc23oy/ros2_ws/build/lab3/build\n'}
[6.371381] (lab1) StdoutLine: {'line': b'creating /uolstore/home/users/sc23oy/ros2_ws/install/lab1/share/ament_index/resource_index/packages\n'}
[6.371805] (lab3) StdoutLine: {'line': b'creating /uolstore/home/users/sc23oy/ros2_ws/build/lab3/build/lib\n'}
[6.372754] (lab3) StdoutLine: {'line': b'creating /uolstore/home/users/sc23oy/ros2_ws/build/lab3/build/lib/lab3\n'}
[6.373018] (lab5) StdoutLine: {'line': b'writing entry points to ../../build/lab5/lab5.egg-info/entry_points.txt\n'}
[6.373147] (lab1) StdoutLine: {'line': b'copying resource/lab1 -> /uolstore/home/users/sc23oy/ros2_ws/install/lab1/share/ament_index/resource_index/packages\n'}
[6.373277] (lab2) StdoutLine: {'line': b'copying /uolstore/home/users/sc23oy/ros2_ws/build/lab2/build/lib/lab2/listener.py -> /uolstore/home/users/sc23oy/ros2_ws/install/lab2/lib/python3.10/site-packages/lab2\n'}
[6.373666] (lab4) StdoutLine: {'line': b"writing manifest file '../../build/lab4/lab4.egg-info/SOURCES.txt'\n"}
[6.374722] (lab3) StdoutLine: {'line': b'copying lab3/__init__.py -> /uolstore/home/users/sc23oy/ros2_ws/build/lab3/build/lib/lab3\n'}
[6.376128] (lab4) StdoutLine: {'line': b'running build\n'}
[6.376283] (lab4) StdoutLine: {'line': b'running build_py\n'}
[6.376390] (lab5) StdoutLine: {'line': b'writing requirements to ../../build/lab5/lab5.egg-info/requires.txt\n'}
[6.376539] (ros2_project_sc23oy) StdoutLine: {'line': b"reading manifest file '../../build/ros2_project_sc23oy/ros2_project_sc23oy.egg-info/SOURCES.txt'\n"}
[6.377705] (lab4) StdoutLine: {'line': b'creating /uolstore/home/users/sc23oy/ros2_ws/build/lab4/build\n'}
[6.377843] (lab1) StdoutLine: {'line': b'copying package.xml -> /uolstore/home/users/sc23oy/ros2_ws/install/lab1/share/lab1\n'}
[6.378112] (lab5) StdoutLine: {'line': b'writing top-level names to ../../build/lab5/lab5.egg-info/top_level.txt\n'}
[6.378400] (lab4) StdoutLine: {'line': b'creating /uolstore/home/users/sc23oy/ros2_ws/build/lab4/build/lib\n'}
[6.379439] (lab4) StdoutLine: {'line': b'creating /uolstore/home/users/sc23oy/ros2_ws/build/lab4/build/lib/lab4\n'}
[6.380626] (lab2) StdoutLine: {'line': b'copying /uolstore/home/users/sc23oy/ros2_ws/build/lab2/build/lib/lab2/talker.py -> /uolstore/home/users/sc23oy/ros2_ws/install/lab2/lib/python3.10/site-packages/lab2\n'}
[6.381017] (ros2_project_sc23oy) StdoutLine: {'line': b"writing manifest file '../../build/ros2_project_sc23oy/ros2_project_sc23oy.egg-info/SOURCES.txt'\n"}
[6.381262] (lab4) StdoutLine: {'line': b'copying lab4/__init__.py -> /uolstore/home/users/sc23oy/ros2_ws/build/lab4/build/lib/lab4\n'}
[6.381897] (lab5) StdoutLine: {'line': b"writing manifest file '../../build/lab5/lab5.egg-info/SOURCES.txt'\n"}
[6.382024] (lab1) StdoutLine: {'line': b'running install_egg_info\n'}
[6.382234] (lab3) StdoutLine: {'line': b'copying lab3/firstwalk.py -> /uolstore/home/users/sc23oy/ros2_ws/build/lab3/build/lib/lab3\n'}
[6.384763] (ros2_project_sc23oy) StdoutLine: {'line': b'running build\n'}
[6.384919] (ros2_project_sc23oy) StdoutLine: {'line': b'running build_py\n'}
[6.386079] (lab4) StdoutLine: {'line': b'copying lab4/go_to_specific_point_on_map.py -> /uolstore/home/users/sc23oy/ros2_ws/build/lab4/build/lib/lab4\n'}
[6.386255] (lab1) StdoutLine: {'line': b'Copying ../../build/lab1/lab1.egg-info to /uolstore/home/users/sc23oy/ros2_ws/install/lab1/lib/python3.10/site-packages/lab1-0.0.0-py3.10.egg-info\n'}
[6.386368] (ros2_project_sc23oy) StdoutLine: {'line': b'creating /uolstore/home/users/sc23oy/ros2_ws/build/ros2_project_sc23oy/build\n'}
[6.386505] (lab2) StdoutLine: {'line': b'copying /uolstore/home/users/sc23oy/ros2_ws/build/lab2/build/lib/lab2/numeric_listener.py -> /uolstore/home/users/sc23oy/ros2_ws/install/lab2/lib/python3.10/site-packages/lab2\n'}
[6.387129] (ros2_project_sc23oy) StdoutLine: {'line': b'creating /uolstore/home/users/sc23oy/ros2_ws/build/ros2_project_sc23oy/build/lib\n'}
[6.387691] (lab3) StdoutLine: {'line': b'copying lab3/exercise1.py -> /uolstore/home/users/sc23oy/ros2_ws/build/lab3/build/lib/lab3\n'}
[6.388123] (ros2_project_sc23oy) StdoutLine: {'line': b'creating /uolstore/home/users/sc23oy/ros2_ws/build/ros2_project_sc23oy/build/lib/ros2_project_sc23oy\n'}
[6.390000] (ros2_project_sc23oy) StdoutLine: {'line': b'copying ros2_project_sc23oy/third_step.py -> /uolstore/home/users/sc23oy/ros2_ws/build/ros2_project_sc23oy/build/lib/ros2_project_sc23oy\n'}
[6.392183] (lab4) StdoutLine: {'line': b'running install\n'}
[6.392370] (lab2) StdoutLine: {'line': b'copying /uolstore/home/users/sc23oy/ros2_ws/build/lab2/build/lib/lab2/numeric_talker.py -> /uolstore/home/users/sc23oy/ros2_ws/install/lab2/lib/python3.10/site-packages/lab2\n'}
[6.392568] (lab4) StdoutLine: {'line': b'running install_lib\n'}
[6.392998] (lab5) StdoutLine: {'line': b"reading manifest file '../../build/lab5/lab5.egg-info/SOURCES.txt'\n"}
[6.393658] (lab3) StdoutLine: {'line': b'copying lab3/exercise2.py -> /uolstore/home/users/sc23oy/ros2_ws/build/lab3/build/lib/lab3\n'}
[6.394151] (ros2_project_sc23oy) StdoutLine: {'line': b'copying ros2_project_sc23oy/second_step.py -> /uolstore/home/users/sc23oy/ros2_ws/build/ros2_project_sc23oy/build/lib/ros2_project_sc23oy\n'}
[6.396477] (lab4) StdoutLine: {'line': b'creating /uolstore/home/users/sc23oy/ros2_ws/install/lab4/lib/python3.10/site-packages/lab4\n'}
[6.397397] (lab5) StdoutLine: {'line': b"writing manifest file '../../build/lab5/lab5.egg-info/SOURCES.txt'\n"}
[6.397986] (lab4) StdoutLine: {'line': b'copying /uolstore/home/users/sc23oy/ros2_ws/build/lab4/build/lib/lab4/__init__.py -> /uolstore/home/users/sc23oy/ros2_ws/install/lab4/lib/python3.10/site-packages/lab4\n'}
[6.398749] (lab5) StdoutLine: {'line': b'running build\n'}
[6.398904] (lab5) StdoutLine: {'line': b'running build_py\n'}
[6.399066] (lab3) StdoutLine: {'line': b'running install\n'}
[6.399284] (lab3) StdoutLine: {'line': b'running install_lib\n'}
[6.399910] (ros2_project_sc23oy) StdoutLine: {'line': b'copying ros2_project_sc23oy/fourth_step.py -> /uolstore/home/users/sc23oy/ros2_ws/build/ros2_project_sc23oy/build/lib/ros2_project_sc23oy\n'}
[6.400222] (lab5) StdoutLine: {'line': b'creating /uolstore/home/users/sc23oy/ros2_ws/build/lab5/build\n'}
[6.400938] (lab5) StdoutLine: {'line': b'creating /uolstore/home/users/sc23oy/ros2_ws/build/lab5/build/lib\n'}
[6.401071] (lab2) StdoutLine: {'line': b'byte-compiling /uolstore/home/users/sc23oy/ros2_ws/install/lab2/lib/python3.10/site-packages/lab2/__init__.py to __init__.cpython-310.pyc\n'}
[6.402122] (lab5) StdoutLine: {'line': b'creating /uolstore/home/users/sc23oy/ros2_ws/build/lab5/build/lib/lab5\n'}
[6.402612] (lab4) StdoutLine: {'line': b'copying /uolstore/home/users/sc23oy/ros2_ws/build/lab4/build/lib/lab4/go_to_specific_point_on_map.py -> /uolstore/home/users/sc23oy/ros2_ws/install/lab4/lib/python3.10/site-packages/lab4\n'}
[6.403576] (lab3) StdoutLine: {'line': b'creating /uolstore/home/users/sc23oy/ros2_ws/install/lab3/lib/python3.10/site-packages/lab3\n'}
[6.404345] (lab5) StdoutLine: {'line': b'copying lab5/Skeleton_Code_First_Step.py -> /uolstore/home/users/sc23oy/ros2_ws/build/lab5/build/lib/lab5\n'}
[6.404478] (ros2_project_sc23oy) StdoutLine: {'line': b'copying ros2_project_sc23oy/Skeleton_Code_First_Step.py -> /uolstore/home/users/sc23oy/ros2_ws/build/ros2_project_sc23oy/build/lib/ros2_project_sc23oy\n'}
[6.405253] (lab3) StdoutLine: {'line': b'copying /uolstore/home/users/sc23oy/ros2_ws/build/lab3/build/lib/lab3/__init__.py -> /uolstore/home/users/sc23oy/ros2_ws/install/lab3/lib/python3.10/site-packages/lab3\n'}
[6.407702] (lab2) StdoutLine: {'line': b'byte-compiling /uolstore/home/users/sc23oy/ros2_ws/install/lab2/lib/python3.10/site-packages/lab2/listener.py to listener.cpython-310.pyc\n'}
[6.409581] (lab5) StdoutLine: {'line': b'copying lab5/Skeleton_Code_Fourth_Step.py -> /uolstore/home/users/sc23oy/ros2_ws/build/lab5/build/lib/lab5\n'}
[6.410028] (lab3) StdoutLine: {'line': b'copying /uolstore/home/users/sc23oy/ros2_ws/build/lab3/build/lib/lab3/firstwalk.py -> /uolstore/home/users/sc23oy/ros2_ws/install/lab3/lib/python3.10/site-packages/lab3\n'}
[6.410270] (ros2_project_sc23oy) StdoutLine: {'line': b'copying ros2_project_sc23oy/Skeleton_Code_Fourth_Step.py -> /uolstore/home/users/sc23oy/ros2_ws/build/ros2_project_sc23oy/build/lib/ros2_project_sc23oy\n'}
[6.411431] (lab4) StdoutLine: {'line': b'byte-compiling /uolstore/home/users/sc23oy/ros2_ws/install/lab4/lib/python3.10/site-packages/lab4/__init__.py to __init__.cpython-310.pyc\n'}
[6.414579] (lab2) StdoutLine: {'line': b'byte-compiling /uolstore/home/users/sc23oy/ros2_ws/install/lab2/lib/python3.10/site-packages/lab2/talker.py to talker.cpython-310.pyc\n'}
[6.415038] (lab5) StdoutLine: {'line': b'copying lab5/Skeleton_Code_Second_Step.py -> /uolstore/home/users/sc23oy/ros2_ws/build/lab5/build/lib/lab5\n'}
[6.415628] (-) TimerEvent: {}
[6.416199] (lab3) StdoutLine: {'line': b'copying /uolstore/home/users/sc23oy/ros2_ws/build/lab3/build/lib/lab3/exercise1.py -> /uolstore/home/users/sc23oy/ros2_ws/install/lab3/lib/python3.10/site-packages/lab3\n'}
[6.417484] (ros2_project_sc23oy) StdoutLine: {'line': b'copying ros2_project_sc23oy/Skeleton_Code_Second_Step.py -> /uolstore/home/users/sc23oy/ros2_ws/build/ros2_project_sc23oy/build/lib/ros2_project_sc23oy\n'}
[6.417874] (lab4) StdoutLine: {'line': b'byte-compiling /uolstore/home/users/sc23oy/ros2_ws/install/lab4/lib/python3.10/site-packages/lab4/go_to_specific_point_on_map.py to go_to_specific_point_on_map.cpython-310.pyc\n'}
[6.420024] (lab5) StdoutLine: {'line': b'copying lab5/Skeleton_Code_Third_Step.py -> /uolstore/home/users/sc23oy/ros2_ws/build/lab5/build/lib/lab5\n'}
[6.421608] (lab2) StdoutLine: {'line': b'byte-compiling /uolstore/home/users/sc23oy/ros2_ws/install/lab2/lib/python3.10/site-packages/lab2/numeric_listener.py to numeric_listener.cpython-310.pyc\n'}
[6.422560] (lab3) StdoutLine: {'line': b'copying /uolstore/home/users/sc23oy/ros2_ws/build/lab3/build/lib/lab3/exercise2.py -> /uolstore/home/users/sc23oy/ros2_ws/install/lab3/lib/python3.10/site-packages/lab3\n'}
[6.423838] (ros2_project_sc23oy) StdoutLine: {'line': b'copying ros2_project_sc23oy/Skeleton_Code_Third_Step.py -> /uolstore/home/users/sc23oy/ros2_ws/build/ros2_project_sc23oy/build/lib/ros2_project_sc23oy\n'}
[6.424987] (lab5) StdoutLine: {'line': b'copying lab5/__init__.py -> /uolstore/home/users/sc23oy/ros2_ws/build/lab5/build/lib/lab5\n'}
[6.425648] (lab4) StdoutLine: {'line': b'running install_data\n'}
[6.427250] (lab4) StdoutLine: {'line': b'creating /uolstore/home/users/sc23oy/ros2_ws/install/lab4/share/ament_index\n'}
[6.427985] (lab4) StdoutLine: {'line': b'creating /uolstore/home/users/sc23oy/ros2_ws/install/lab4/share/ament_index/resource_index\n'}
[6.429070] (lab4) StdoutLine: {'line': b'creating /uolstore/home/users/sc23oy/ros2_ws/install/lab4/share/ament_index/resource_index/packages\n'}
[6.429259] (lab2) StdoutLine: {'line': b'byte-compiling /uolstore/home/users/sc23oy/ros2_ws/install/lab2/lib/python3.10/site-packages/lab2/numeric_talker.py to numeric_talker.cpython-310.pyc\n'}
[6.429678] (ros2_project_sc23oy) StdoutLine: {'line': b'copying ros2_project_sc23oy/__init__.py -> /uolstore/home/users/sc23oy/ros2_ws/build/ros2_project_sc23oy/build/lib/ros2_project_sc23oy\n'}
[6.429996] (lab5) StdoutLine: {'line': b'copying lab5/second_step.py -> /uolstore/home/users/sc23oy/ros2_ws/build/lab5/build/lib/lab5\n'}
[6.430882] (lab4) StdoutLine: {'line': b'copying resource/lab4 -> /uolstore/home/users/sc23oy/ros2_ws/install/lab4/share/ament_index/resource_index/packages\n'}
[6.432816] (lab3) StdoutLine: {'line': b'byte-compiling /uolstore/home/users/sc23oy/ros2_ws/install/lab3/lib/python3.10/site-packages/lab3/__init__.py to __init__.cpython-310.pyc\n'}
[6.434143] (ros2_project_sc23oy) StdoutLine: {'line': b'copying ros2_project_sc23oy/first_step.py -> /uolstore/home/users/sc23oy/ros2_ws/build/ros2_project_sc23oy/build/lib/ros2_project_sc23oy\n'}
[6.434772] (lab2) StdoutLine: {'line': b'running install_data\n'}
[6.435243] (lab5) StdoutLine: {'line': b'copying lab5/first_step.py -> /uolstore/home/users/sc23oy/ros2_ws/build/lab5/build/lib/lab5\n'}
[6.435673] (lab4) StdoutLine: {'line': b'copying package.xml -> /uolstore/home/users/sc23oy/ros2_ws/install/lab4/share/lab4\n'}
[6.436317] (lab2) StdoutLine: {'line': b'creating /uolstore/home/users/sc23oy/ros2_ws/install/lab2/share/ament_index\n'}
[6.436908] (lab2) StdoutLine: {'line': b'creating /uolstore/home/users/sc23oy/ros2_ws/install/lab2/share/ament_index/resource_index\n'}
[6.437869] (lab2) StdoutLine: {'line': b'creating /uolstore/home/users/sc23oy/ros2_ws/install/lab2/share/ament_index/resource_index/packages\n'}
[6.438468] (lab3) StdoutLine: {'line': b'byte-compiling /uolstore/home/users/sc23oy/ros2_ws/install/lab3/lib/python3.10/site-packages/lab3/firstwalk.py to firstwalk.cpython-310.pyc\n'}
[6.439224] (ros2_project_sc23oy) StdoutLine: {'line': b'running install\n'}
[6.439664] (ros2_project_sc23oy) StdoutLine: {'line': b'running install_lib\n'}
[6.439792] (lab2) StdoutLine: {'line': b'copying resource/lab2 -> /uolstore/home/users/sc23oy/ros2_ws/install/lab2/share/ament_index/resource_index/packages\n'}
[6.439976] (lab1) StdoutLine: {'line': b'running install_scripts\n'}
[6.440280] (lab5) StdoutLine: {'line': b'copying lab5/fourth_step.py -> /uolstore/home/users/sc23oy/ros2_ws/build/lab5/build/lib/lab5\n'}
[6.440357] (lab4) StdoutLine: {'line': b'running install_egg_info\n'}
[6.443271] (lab2) StdoutLine: {'line': b'copying package.xml -> /uolstore/home/users/sc23oy/ros2_ws/install/lab2/share/lab2\n'}
[6.443837] (ros2_project_sc23oy) StdoutLine: {'line': b'creating /uolstore/home/users/sc23oy/ros2_ws/install/ros2_project_sc23oy/lib/python3.10/site-packages/ros2_project_sc23oy\n'}
[6.444405] (lab5) StdoutLine: {'line': b'copying lab5/third_step.py -> /uolstore/home/users/sc23oy/ros2_ws/build/lab5/build/lib/lab5\n'}
[6.444590] (lab3) StdoutLine: {'line': b'byte-compiling /uolstore/home/users/sc23oy/ros2_ws/install/lab3/lib/python3.10/site-packages/lab3/exercise1.py to exercise1.cpython-310.pyc\n'}
[6.444792] (lab4) StdoutLine: {'line': b'Copying ../../build/lab4/lab4.egg-info to /uolstore/home/users/sc23oy/ros2_ws/install/lab4/lib/python3.10/site-packages/lab4-0.0.0-py3.10.egg-info\n'}
[6.445566] (ros2_project_sc23oy) StdoutLine: {'line': b'copying /uolstore/home/users/sc23oy/ros2_ws/build/ros2_project_sc23oy/build/lib/ros2_project_sc23oy/third_step.py -> /uolstore/home/users/sc23oy/ros2_ws/install/ros2_project_sc23oy/lib/python3.10/site-packages/ros2_project_sc23oy\n'}
[6.447801] (lab2) StdoutLine: {'line': b'creating /uolstore/home/users/sc23oy/ros2_ws/install/lab2/share/lab2/launch\n'}
[6.448415] (lab5) StdoutLine: {'line': b'running install\n'}
[6.448908] (lab5) StdoutLine: {'line': b'running install_lib\n'}
[6.449285] (lab2) StdoutLine: {'line': b'copying launch/chatter.py -> /uolstore/home/users/sc23oy/ros2_ws/install/lab2/share/lab2/launch\n'}
[6.450383] (lab3) StdoutLine: {'line': b'byte-compiling /uolstore/home/users/sc23oy/ros2_ws/install/lab3/lib/python3.10/site-packages/lab3/exercise2.py to exercise2.cpython-310.pyc\n'}
[6.451266] (ros2_project_sc23oy) StdoutLine: {'line': b'copying /uolstore/home/users/sc23oy/ros2_ws/build/ros2_project_sc23oy/build/lib/ros2_project_sc23oy/second_step.py -> /uolstore/home/users/sc23oy/ros2_ws/install/ros2_project_sc23oy/lib/python3.10/site-packages/ros2_project_sc23oy\n'}
[6.453244] (lab5) StdoutLine: {'line': b'creating /uolstore/home/users/sc23oy/ros2_ws/install/lab5/lib/python3.10/site-packages/lab5\n'}
[6.453810] (lab2) StdoutLine: {'line': b'copying launch/numeric_chatter.py -> /uolstore/home/users/sc23oy/ros2_ws/install/lab2/share/lab2/launch\n'}
[6.454801] (lab5) StdoutLine: {'line': b'copying /uolstore/home/users/sc23oy/ros2_ws/build/lab5/build/lib/lab5/Skeleton_Code_First_Step.py -> /uolstore/home/users/sc23oy/ros2_ws/install/lab5/lib/python3.10/site-packages/lab5\n'}
[6.455351] (lab3) StdoutLine: {'line': b'running install_data\n'}
[6.456733] (ros2_project_sc23oy) StdoutLine: {'line': b'copying /uolstore/home/users/sc23oy/ros2_ws/build/ros2_project_sc23oy/build/lib/ros2_project_sc23oy/fourth_step.py -> /uolstore/home/users/sc23oy/ros2_ws/install/ros2_project_sc23oy/lib/python3.10/site-packages/ros2_project_sc23oy\n'}
[6.456929] (lab3) StdoutLine: {'line': b'creating /uolstore/home/users/sc23oy/ros2_ws/install/lab3/share/ament_index\n'}
[6.457700] (lab3) StdoutLine: {'line': b'creating /uolstore/home/users/sc23oy/ros2_ws/install/lab3/share/ament_index/resource_index\n'}
[6.458370] (lab2) StdoutLine: {'line': b'running install_egg_info\n'}
[6.458810] (lab3) StdoutLine: {'line': b'creating /uolstore/home/users/sc23oy/ros2_ws/install/lab3/share/ament_index/resource_index/packages\n'}
[6.460578] (lab3) StdoutLine: {'line': b'copying resource/lab3 -> /uolstore/home/users/sc23oy/ros2_ws/install/lab3/share/ament_index/resource_index/packages\n'}
[6.460691] (lab5) StdoutLine: {'line': b'copying /uolstore/home/users/sc23oy/ros2_ws/build/lab5/build/lib/lab5/Skeleton_Code_Fourth_Step.py -> /uolstore/home/users/sc23oy/ros2_ws/install/lab5/lib/python3.10/site-packages/lab5\n'}
[6.462139] (ros2_project_sc23oy) StdoutLine: {'line': b'copying /uolstore/home/users/sc23oy/ros2_ws/build/ros2_project_sc23oy/build/lib/ros2_project_sc23oy/Skeleton_Code_First_Step.py -> /uolstore/home/users/sc23oy/ros2_ws/install/ros2_project_sc23oy/lib/python3.10/site-packages/ros2_project_sc23oy\n'}
[6.462295] (lab2) StdoutLine: {'line': b'Copying ../../build/lab2/lab2.egg-info to /uolstore/home/users/sc23oy/ros2_ws/install/lab2/lib/python3.10/site-packages/lab2-0.0.0-py3.10.egg-info\n'}
[6.464581] (lab3) StdoutLine: {'line': b'copying package.xml -> /uolstore/home/users/sc23oy/ros2_ws/install/lab3/share/lab3\n'}
[6.466423] (lab5) StdoutLine: {'line': b'copying /uolstore/home/users/sc23oy/ros2_ws/build/lab5/build/lib/lab5/Skeleton_Code_Second_Step.py -> /uolstore/home/users/sc23oy/ros2_ws/install/lab5/lib/python3.10/site-packages/lab5\n'}
[6.468299] (ros2_project_sc23oy) StdoutLine: {'line': b'copying /uolstore/home/users/sc23oy/ros2_ws/build/ros2_project_sc23oy/build/lib/ros2_project_sc23oy/Skeleton_Code_Fourth_Step.py -> /uolstore/home/users/sc23oy/ros2_ws/install/ros2_project_sc23oy/lib/python3.10/site-packages/ros2_project_sc23oy\n'}
[6.468414] (lab3) StdoutLine: {'line': b'running install_egg_info\n'}
[6.471959] (lab5) StdoutLine: {'line': b'copying /uolstore/home/users/sc23oy/ros2_ws/build/lab5/build/lib/lab5/Skeleton_Code_Third_Step.py -> /uolstore/home/users/sc23oy/ros2_ws/install/lab5/lib/python3.10/site-packages/lab5\n'}
[6.472670] (lab3) StdoutLine: {'line': b'Copying ../../build/lab3/lab3.egg-info to /uolstore/home/users/sc23oy/ros2_ws/install/lab3/lib/python3.10/site-packages/lab3-0.0.0-py3.10.egg-info\n'}
[6.472820] (ros2_project_sc23oy) StdoutLine: {'line': b'copying /uolstore/home/users/sc23oy/ros2_ws/build/ros2_project_sc23oy/build/lib/ros2_project_sc23oy/Skeleton_Code_Second_Step.py -> /uolstore/home/users/sc23oy/ros2_ws/install/ros2_project_sc23oy/lib/python3.10/site-packages/ros2_project_sc23oy\n'}
[6.472971] (lab1) StdoutLine: {'line': b'Installing hello script to /uolstore/home/users/sc23oy/ros2_ws/install/lab1/lib/lab1\n'}
[6.477374] (lab1) StdoutLine: {'line': b"writing list of installed files to '/uolstore/home/users/sc23oy/ros2_ws/build/lab1/install.log'\n"}
[6.479258] (lab5) StdoutLine: {'line': b'copying /uolstore/home/users/sc23oy/ros2_ws/build/lab5/build/lib/lab5/__init__.py -> /uolstore/home/users/sc23oy/ros2_ws/install/lab5/lib/python3.10/site-packages/lab5\n'}
[6.480232] (ros2_project_sc23oy) StdoutLine: {'line': b'copying /uolstore/home/users/sc23oy/ros2_ws/build/ros2_project_sc23oy/build/lib/ros2_project_sc23oy/Skeleton_Code_Third_Step.py -> /uolstore/home/users/sc23oy/ros2_ws/install/ros2_project_sc23oy/lib/python3.10/site-packages/ros2_project_sc23oy\n'}
[6.483419] (lab5) StdoutLine: {'line': b'copying /uolstore/home/users/sc23oy/ros2_ws/build/lab5/build/lib/lab5/second_step.py -> /uolstore/home/users/sc23oy/ros2_ws/install/lab5/lib/python3.10/site-packages/lab5\n'}
[6.486361] (ros2_project_sc23oy) StdoutLine: {'line': b'copying /uolstore/home/users/sc23oy/ros2_ws/build/ros2_project_sc23oy/build/lib/ros2_project_sc23oy/__init__.py -> /uolstore/home/users/sc23oy/ros2_ws/install/ros2_project_sc23oy/lib/python3.10/site-packages/ros2_project_sc23oy\n'}
[6.489059] (lab5) StdoutLine: {'line': b'copying /uolstore/home/users/sc23oy/ros2_ws/build/lab5/build/lib/lab5/first_step.py -> /uolstore/home/users/sc23oy/ros2_ws/install/lab5/lib/python3.10/site-packages/lab5\n'}
[6.490103] (ros2_project_sc23oy) StdoutLine: {'line': b'copying /uolstore/home/users/sc23oy/ros2_ws/build/ros2_project_sc23oy/build/lib/ros2_project_sc23oy/first_step.py -> /uolstore/home/users/sc23oy/ros2_ws/install/ros2_project_sc23oy/lib/python3.10/site-packages/ros2_project_sc23oy\n'}
[6.494837] (lab5) StdoutLine: {'line': b'copying /uolstore/home/users/sc23oy/ros2_ws/build/lab5/build/lib/lab5/fourth_step.py -> /uolstore/home/users/sc23oy/ros2_ws/install/lab5/lib/python3.10/site-packages/lab5\n'}
[6.495325] (lab4) StdoutLine: {'line': b'running install_scripts\n'}
[6.498074] (ros2_project_sc23oy) StdoutLine: {'line': b'byte-compiling /uolstore/home/users/sc23oy/ros2_ws/install/ros2_project_sc23oy/lib/python3.10/site-packages/ros2_project_sc23oy/third_step.py to third_step.cpython-310.pyc\n'}
[6.499809] (lab5) StdoutLine: {'line': b'copying /uolstore/home/users/sc23oy/ros2_ws/build/lab5/build/lib/lab5/third_step.py -> /uolstore/home/users/sc23oy/ros2_ws/install/lab5/lib/python3.10/site-packages/lab5\n'}
[6.504024] (ros2_project_sc23oy) StdoutLine: {'line': b'byte-compiling /uolstore/home/users/sc23oy/ros2_ws/install/ros2_project_sc23oy/lib/python3.10/site-packages/ros2_project_sc23oy/second_step.py to second_step.cpython-310.pyc\n'}
[6.506857] (lab5) StdoutLine: {'line': b'byte-compiling /uolstore/home/users/sc23oy/ros2_ws/install/lab5/lib/python3.10/site-packages/lab5/Skeleton_Code_First_Step.py to Skeleton_Code_First_Step.cpython-310.pyc\n'}
[6.509060] (lab1) CommandEnded: {'returncode': 0}
[6.509992] (ros2_project_sc23oy) StdoutLine: {'line': b'byte-compiling /uolstore/home/users/sc23oy/ros2_ws/install/ros2_project_sc23oy/lib/python3.10/site-packages/ros2_project_sc23oy/fourth_step.py to fourth_step.cpython-310.pyc\n'}
[6.513170] (lab5) StdoutLine: {'line': b'byte-compiling /uolstore/home/users/sc23oy/ros2_ws/install/lab5/lib/python3.10/site-packages/lab5/Skeleton_Code_Fourth_Step.py to Skeleton_Code_Fourth_Step.cpython-310.pyc\n'}
[6.514704] (lab2) StdoutLine: {'line': b'running install_scripts\n'}
[6.515722] (-) TimerEvent: {}
[6.517716] (ros2_project_sc23oy) StdoutLine: {'line': b'byte-compiling /uolstore/home/users/sc23oy/ros2_ws/install/ros2_project_sc23oy/lib/python3.10/site-packages/ros2_project_sc23oy/Skeleton_Code_First_Step.py to Skeleton_Code_First_Step.cpython-310.pyc\n'}
[6.519653] (lab5) StdoutLine: {'line': b'byte-compiling /uolstore/home/users/sc23oy/ros2_ws/install/lab5/lib/python3.10/site-packages/lab5/Skeleton_Code_Second_Step.py to Skeleton_Code_Second_Step.cpython-310.pyc\n'}
[6.520947] (lab3) StdoutLine: {'line': b'running install_scripts\n'}
[6.522553] (ros2_project_sc23oy) StdoutLine: {'line': b'byte-compiling /uolstore/home/users/sc23oy/ros2_ws/install/ros2_project_sc23oy/lib/python3.10/site-packages/ros2_project_sc23oy/Skeleton_Code_Fourth_Step.py to Skeleton_Code_Fourth_Step.cpython-310.pyc\n'}
[6.524555] (lab5) StdoutLine: {'line': b'byte-compiling /uolstore/home/users/sc23oy/ros2_ws/install/lab5/lib/python3.10/site-packages/lab5/Skeleton_Code_Third_Step.py to Skeleton_Code_Third_Step.cpython-310.pyc\n'}
[6.527657] (ros2_project_sc23oy) StdoutLine: {'line': b'byte-compiling /uolstore/home/users/sc23oy/ros2_ws/install/ros2_project_sc23oy/lib/python3.10/site-packages/ros2_project_sc23oy/Skeleton_Code_Second_Step.py to Skeleton_Code_Second_Step.cpython-310.pyc\n'}
[6.527790] (lab4) StdoutLine: {'line': b'Installing go_to_pose script to /uolstore/home/users/sc23oy/ros2_ws/install/lab4/lib/lab4\n'}
[6.530808] (lab5) StdoutLine: {'line': b'byte-compiling /uolstore/home/users/sc23oy/ros2_ws/install/lab5/lib/python3.10/site-packages/lab5/__init__.py to __init__.cpython-310.pyc\n'}
[6.531529] (lab4) StdoutLine: {'line': b"writing list of installed files to '/uolstore/home/users/sc23oy/ros2_ws/build/lab4/install.log'\n"}
[6.533339] (ros2_project_sc23oy) StdoutLine: {'line': b'byte-compiling /uolstore/home/users/sc23oy/ros2_ws/install/ros2_project_sc23oy/lib/python3.10/site-packages/ros2_project_sc23oy/Skeleton_Code_Third_Step.py to Skeleton_Code_Third_Step.cpython-310.pyc\n'}
[6.535229] (lab5) StdoutLine: {'line': b'byte-compiling /uolstore/home/users/sc23oy/ros2_ws/install/lab5/lib/python3.10/site-packages/lab5/second_step.py to second_step.cpython-310.pyc\n'}
[6.538858] (ros2_project_sc23oy) StdoutLine: {'line': b'byte-compiling /uolstore/home/users/sc23oy/ros2_ws/install/ros2_project_sc23oy/lib/python3.10/site-packages/ros2_project_sc23oy/__init__.py to __init__.cpython-310.pyc\n'}
[6.540212] (lab5) StdoutLine: {'line': b'byte-compiling /uolstore/home/users/sc23oy/ros2_ws/install/lab5/lib/python3.10/site-packages/lab5/first_step.py to first_step.cpython-310.pyc\n'}
[6.542183] (ros2_project_sc23oy) StdoutLine: {'line': b'byte-compiling /uolstore/home/users/sc23oy/ros2_ws/install/ros2_project_sc23oy/lib/python3.10/site-packages/ros2_project_sc23oy/first_step.py to first_step.cpython-310.pyc\n'}
[6.545358] (lab5) StdoutLine: {'line': b'byte-compiling /uolstore/home/users/sc23oy/ros2_ws/install/lab5/lib/python3.10/site-packages/lab5/fourth_step.py to fourth_step.cpython-310.pyc\n'}
[6.546863] (ros2_project_sc23oy) StdoutLine: {'line': b'running install_data\n'}
[6.548180] (ros2_project_sc23oy) StdoutLine: {'line': b'creating /uolstore/home/users/sc23oy/ros2_ws/install/ros2_project_sc23oy/share/ament_index\n'}
[6.548682] (ros2_project_sc23oy) StdoutLine: {'line': b'creating /uolstore/home/users/sc23oy/ros2_ws/install/ros2_project_sc23oy/share/ament_index/resource_index\n'}
[6.549842] (ros2_project_sc23oy) StdoutLine: {'line': b'creating /uolstore/home/users/sc23oy/ros2_ws/install/ros2_project_sc23oy/share/ament_index/resource_index/packages\n'}
[6.550367] (lab5) StdoutLine: {'line': b'byte-compiling /uolstore/home/users/sc23oy/ros2_ws/install/lab5/lib/python3.10/site-packages/lab5/third_step.py to third_step.cpython-310.pyc\n'}
[6.551180] (ros2_project_sc23oy) StdoutLine: {'line': b'copying resource/ros2_project_sc23oy -> /uolstore/home/users/sc23oy/ros2_ws/install/ros2_project_sc23oy/share/ament_index/resource_index/packages\n'}
[6.554328] (ros2_project_sc23oy) StdoutLine: {'line': b'copying package.xml -> /uolstore/home/users/sc23oy/ros2_ws/install/ros2_project_sc23oy/share/ros2_project_sc23oy\n'}
[6.554763] (lab3) StdoutLine: {'line': b'Installing exercise1 script to /uolstore/home/users/sc23oy/ros2_ws/install/lab3/lib/lab3\n'}
[6.554979] (lab5) StdoutLine: {'line': b'running install_data\n'}
[6.556456] (lab5) StdoutLine: {'line': b'creating /uolstore/home/users/sc23oy/ros2_ws/install/lab5/share/ament_index\n'}
[6.557100] (lab5) StdoutLine: {'line': b'creating /uolstore/home/users/sc23oy/ros2_ws/install/lab5/share/ament_index/resource_index\n'}
[6.557957] (ros2_project_sc23oy) StdoutLine: {'line': b'running install_egg_info\n'}
[6.558081] (lab5) StdoutLine: {'line': b'creating /uolstore/home/users/sc23oy/ros2_ws/install/lab5/share/ament_index/resource_index/packages\n'}
[6.558260] (lab3) StdoutLine: {'line': b'Installing exercise2 script to /uolstore/home/users/sc23oy/ros2_ws/install/lab3/lib/lab3\n'}
[6.559323] (lab2) StdoutLine: {'line': b'Installing listener script to /uolstore/home/users/sc23oy/ros2_ws/install/lab2/lib/lab2\n'}
[6.559976] (lab5) StdoutLine: {'line': b'copying resource/lab5 -> /uolstore/home/users/sc23oy/ros2_ws/install/lab5/share/ament_index/resource_index/packages\n'}
[6.561019] (lab3) StdoutLine: {'line': b'Installing firstwalk script to /uolstore/home/users/sc23oy/ros2_ws/install/lab3/lib/lab3\n'}
[6.562063] (ros2_project_sc23oy) StdoutLine: {'line': b'Copying ../../build/ros2_project_sc23oy/ros2_project_sc23oy.egg-info to /uolstore/home/users/sc23oy/ros2_ws/install/ros2_project_sc23oy/lib/python3.10/site-packages/ros2_project_sc23oy-0.0.0-py3.10.egg-info\n'}
[6.562918] (lab2) StdoutLine: {'line': b'Installing numeric_listener script to /uolstore/home/users/sc23oy/ros2_ws/install/lab2/lib/lab2\n'}
[6.563782] (lab5) StdoutLine: {'line': b'copying package.xml -> /uolstore/home/users/sc23oy/ros2_ws/install/lab5/share/lab5\n'}
[6.564120] (lab3) StdoutLine: {'line': b"writing list of installed files to '/uolstore/home/users/sc23oy/ros2_ws/build/lab3/install.log'\n"}
[6.566036] (lab2) StdoutLine: {'line': b'Installing numeric_talker script to /uolstore/home/users/sc23oy/ros2_ws/install/lab2/lib/lab2\n'}
[6.568096] (lab5) StdoutLine: {'line': b'running install_egg_info\n'}
[6.569108] (lab2) StdoutLine: {'line': b'Installing talker script to /uolstore/home/users/sc23oy/ros2_ws/install/lab2/lib/lab2\n'}
[6.572323] (lab5) StdoutLine: {'line': b'Copying ../../build/lab5/lab5.egg-info to /uolstore/home/users/sc23oy/ros2_ws/install/lab5/lib/python3.10/site-packages/lab5-0.0.0-py3.10.egg-info\n'}
[6.572714] (lab2) StdoutLine: {'line': b"writing list of installed files to '/uolstore/home/users/sc23oy/ros2_ws/build/lab2/install.log'\n"}
[6.605126] (ros2_project_sc23oy) StdoutLine: {'line': b'running install_scripts\n'}
[6.609550] (lab5) StdoutLine: {'line': b'running install_scripts\n'}
[6.616051] (-) TimerEvent: {}
[6.641570] (lab5) StdoutLine: {'line': b'Installing first_step script to /uolstore/home/users/sc23oy/ros2_ws/install/lab5/lib/lab5\n'}
[6.642765] (ros2_project_sc23oy) StdoutLine: {'line': b'Installing first_step script to /uolstore/home/users/sc23oy/ros2_ws/install/ros2_project_sc23oy/lib/ros2_project_sc23oy\n'}
[6.646653] (lab5) StdoutLine: {'line': b'Installing fourth_step script to /uolstore/home/users/sc23oy/ros2_ws/install/lab5/lib/lab5\n'}
[6.647101] (turtlebot3_gazebo) StdoutLine: {'line': b'-- Generating done\n'}
[6.647989] (ros2_project_sc23oy) StdoutLine: {'line': b'Installing fourth_step script to /uolstore/home/users/sc23oy/ros2_ws/install/ros2_project_sc23oy/lib/ros2_project_sc23oy\n'}
[6.648767] (lab5) StdoutLine: {'line': b'Installing second_step script to /uolstore/home/users/sc23oy/ros2_ws/install/lab5/lib/lab5\n'}
[6.649649] (ros2_project_sc23oy) StdoutLine: {'line': b'Installing second_step script to /uolstore/home/users/sc23oy/ros2_ws/install/ros2_project_sc23oy/lib/ros2_project_sc23oy\n'}
[6.651828] (lab5) StdoutLine: {'line': b'Installing third_step script to /uolstore/home/users/sc23oy/ros2_ws/install/lab5/lib/lab5\n'}
[6.652042] (ros2_project_sc23oy) StdoutLine: {'line': b'Installing third_step script to /uolstore/home/users/sc23oy/ros2_ws/install/ros2_project_sc23oy/lib/ros2_project_sc23oy\n'}
[6.655861] (lab5) StdoutLine: {'line': b"writing list of installed files to '/uolstore/home/users/sc23oy/ros2_ws/build/lab5/install.log'\n"}
[6.655947] (ros2_project_sc23oy) StdoutLine: {'line': b"writing list of installed files to '/uolstore/home/users/sc23oy/ros2_ws/build/ros2_project_sc23oy/install.log'\n"}
[6.666563] (lab1) JobEnded: {'identifier': 'lab1', 'rc': 0}
[6.672432] (lab4) CommandEnded: {'returncode': 0}
[6.685163] (turtlebot3_gazebo) StdoutLine: {'line': b'-- Build files have been written to: /uolstore/home/users/sc23oy/ros2_ws/build/turtlebot3_gazebo\n'}
[6.716184] (-) TimerEvent: {}
[6.800826] (lab4) JobEnded: {'identifier': 'lab4', 'rc': 0}
[6.806505] (lab2) CommandEnded: {'returncode': 0}
[6.816323] (-) TimerEvent: {}
[6.916842] (-) TimerEvent: {}
[6.929654] (lab2) JobEnded: {'identifier': 'lab2', 'rc': 0}
[6.935017] (lab3) CommandEnded: {'returncode': 0}
[7.016957] (-) TimerEvent: {}
[7.046402] (lab3) JobEnded: {'identifier': 'lab3', 'rc': 0}
[7.051973] (lab5) CommandEnded: {'returncode': 0}
[7.117089] (-) TimerEvent: {}
[7.159481] (lab5) JobEnded: {'identifier': 'lab5', 'rc': 0}
[7.164290] (ros2_project_sc23oy) CommandEnded: {'returncode': 0}
[7.217193] (-) TimerEvent: {}
[7.266869] (ros2_project_sc23oy) JobEnded: {'identifier': 'ros2_project_sc23oy', 'rc': 0}
[7.275116] (turtlebot3_gazebo) CommandEnded: {'returncode': 0}
[7.275630] (turtlebot3_gazebo) JobProgress: {'identifier': 'turtlebot3_gazebo', 'progress': 'build'}
[7.275659] (turtlebot3_gazebo) Command: {'cmd': ['/usr/bin/cmake', '--build', '/uolstore/home/users/sc23oy/ros2_ws/build/turtlebot3_gazebo', '--', '-j48', '-l48'], 'cwd': '/uolstore/home/users/sc23oy/ros2_ws/build/turtlebot3_gazebo', 'env': OrderedDict([('LESSOPEN', '||/usr/bin/lesspipe.sh %s'), ('LMOD_DIR', '/usr/share/lmod/lmod/libexec'), ('MAIL', '/var/spool/mail/sc23oy'), ('USER', 'sc23oy'), ('__LMOD_REF_COUNT_CMAKE_PREFIX_PATH', '/uollinapps/v2/24-25/soc/packages/linux-rhel9-x86_64_v3/gcc-11.4.0/gcc-14.2.0-svuh5yskfnrwh537tvxvt642acswwlju:1'), ('HOSTNAME', 'feng-linux-07.leeds.ac.uk'), ('XDG_SESSION_TYPE', 'x11'), ('MPI_FORTRAN_MOD_DIR', '/usr/lib64/gfortran/modules/openmpi'), ('GIT_ASKPASS', '/usr/share/code/resources/app/extensions/git/dist/askpass.sh'), ('LMOD_PKG', '/usr/share/lmod/lmod'), ('SHLVL', '3'), ('LD_LIBRARY_PATH', '/usr/lib/x86_64-linux-gnu/gazebo-11/plugins:/opt/ros/humble/opt/rviz_ogre_vendor/lib:/opt/ros/humble/lib/x86_64-linux-gnu:/opt/ros/humble/lib:/.singularity.d/libs:/usr/lib/x86_64-linux-gnu/gazebo-11/plugins:'), ('MPI_INCLUDE', '/usr/include/openmpi-x86_64'), ('HOME', '/uolstore/home/users/sc23oy'), ('CHROME_DESKTOP', 'code-url-handler.desktop'), ('OLDPWD', '/uolstore/home/users/sc23oy/ros2_ws'), ('TERM_PROGRAM_VERSION', '1.86.2'), ('DESKTOP_SESSION', 'gnome'), ('USER_PATH', '/usr/lib64/openmpi/bin:/usr/lib64/qt6/bin:/uollinapps/v2/24-25/soc/packages/linux-rhel9-x86_64_v3/gcc-11.4.0/gcc-14.2.0-svuh5yskfnrwh537tvxvt642acswwlju/bin:/uolstore/home/users/sc23oy/.local/bin:/uolstore/home/users/sc23oy/bin:/usr/local/bin:/usr/local/sbin:/usr/bin:/usr/sbin:/opt/puppetlabs/bin:/bin:/usr/bin:/sbin:/usr/sbin:/usr/local/bin:/usr/local/sbin'), ('__LMOD_REF_COUNT_PKG_CONFIG_PATH', '/usr/lib64/openmpi/lib/pkgconfig:1'), ('GAZEBO_MASTER_URI', 'http://localhost:11345'), ('ROS_PYTHON_VERSION', '3'), ('FPATH', '/usr/share/lmod/lmod/init/ksh_funcs'), ('FC', '/uollinapps/v2/24-25/soc/packages/linux-rhel9-x86_64_v3/gcc-11.4.0/gcc-14.2.0-svuh5yskfnrwh537tvxvt642acswwlju/bin/gfortran'), ('VSCODE_GIT_ASKPASS_MAIN', '/usr/share/code/resources/app/extensions/git/dist/askpass-main.js'), ('PS1', '\\[\x1b]633;A\x07\\][COMP3631] Singularity> \\w $ \\[\x1b]633;B\x07\\]'), ('VSCODE_GIT_ASKPASS_NODE', '/usr/share/code/code'), ('MPI_PYTHON3_SITEARCH', '/usr/lib64/python3.9/site-packages/openmpi'), ('LMOD_FAMILY_COMPILER_VERSION', '14.2.0'), ('_LMFILES_', '/uollinapps/v2/current/soc/spack/el9/Core/gcc/14.2.0.lua:/usr/share/modulefiles/mpi/openmpi-x86_64'), ('DBUS_SESSION_BUS_ADDRESS', 'unix:abstract=/tmp/dbus-8qGMb8aiOx,guid=2ad71e69851b37c21bae78fe69eca169'), ('COLORTERM', 'truecolor'), ('APPTAINER_ENVIRONMENT', '/.singularity.d/env/91-environment.sh'), ('__LMOD_REF_COUNT_PATH', '/usr/lib64/openmpi/bin:1;/usr/lib64/qt6/bin:2;/uollinapps/v2/24-25/soc/packages/linux-rhel9-x86_64_v3/gcc-11.4.0/gcc-14.2.0-svuh5yskfnrwh537tvxvt642acswwlju/bin:1;/uolstore/home/users/sc23oy/.local/bin:1;/uolstore/home/users/sc23oy/bin:1;/usr/local/bin:1;/usr/local/sbin:1;/usr/bin:1;/usr/sbin:1;/opt/puppetlabs/bin:1'), ('LMOD_sys', 'Linux'), ('F77', '/uollinapps/v2/24-25/soc/packages/linux-rhel9-x86_64_v3/gcc-11.4.0/gcc-14.2.0-svuh5yskfnrwh537tvxvt642acswwlju/bin/gfortran'), ('which_declare', 'declare -f'), ('COLCON_PREFIX_PATH', '/uolstore/home/users/sc23oy/ros2_ws/install'), ('ROS_DISTRO', 'humble'), ('SINGULARITY_ENVIRONMENT', '/.singularity.d/env/91-environment.sh'), ('LOGNAME', 'sc23oy'), ('MPI_COMPILER', 'openmpi-x86_64'), ('LMOD_VERSION', '8.7.65'), ('_', '/usr/bin/colcon'), ('ROS_VERSION', '2'), ('MPI_LIB', '/usr/lib64/openmpi/lib'), ('PKG_CONFIG_PATH', '/usr/lib64/openmpi/lib/pkgconfig'), ('XDG_SESSION_CLASS', 'user'), ('USERNAME', 'sc23oy'), ('TERM', 'xterm-256color'), ('GAZEBO_MODEL_PATH', '/usr/share/gazebo-11/models:'), ('MPI_BIN', '/usr/lib64/openmpi/bin'), ('ROS_LOCALHOST_ONLY', '1'), ('HISTCONTROL', 'ignoredups'), ('OGRE_RESOURCE_PATH', '/usr/lib/x86_64-linux-gnu/OGRE-1.9.0'), ('PATH', '/opt/ros/humble/bin:/usr/lib64/qt6/bin:/uolstore/home/users/sc23oy/.local/bin:/uolstore/home/users/sc23oy/bin:/usr/local/sbin:/usr/local/bin:/usr/sbin:/usr/bin:/sbin:/bin'), ('MPI_HOME', '/usr/lib64/openmpi'), ('GDM_LANG', 'en_GB.UTF-8'), ('APPTAINER_COMMAND', 'shell'), ('LMOD_SETTARG_FULL_SUPPORT', 'no'), ('__LMOD_REF_COUNT_LD_LIBRARY_PATH', '/usr/lib64/openmpi/lib:1'), ('XDG_MENU_PREFIX', 'gnome-'), ('GNOME_TERMINAL_SCREEN', '/org/gnome/Terminal/screen/3e198ced_e144_4c1b_ba88_d3f0aa723bad'), ('XDG_RUNTIME_DIR', '/run/user/604234'), ('MPI_MAN', '/usr/share/man/openmpi-x86_64'), ('GDK_BACKEND', 'x11'), ('DISPLAY', ':1'), ('HISTSIZE', '1000'), ('APPTAINER_APPNAME', ''), ('LANG', 'en_US.UTF-8'), ('XDG_CURRENT_DESKTOP', 'GNOME'), ('LMOD_ROOT', '/usr/share/lmod'), ('XMODIFIERS', '@im=ibus'), ('XDG_SESSION_DESKTOP', 'gnome'), ('XAUTHORITY', '/run/gdm/auth-for-sc23oy-AYJ5N3/database'), ('LS_COLORS', 'rs=0:di=01;34:ln=01;36:mh=00:pi=40;33:so=01;35:do=01;35:bd=40;33;01:cd=40;33;01:or=40;31;01:mi=01;37;41:su=37;41:sg=30;43:ca=30;41:tw=30;42:ow=34;42:st=37;44:ex=01;32:*.tar=01;31:*.tgz=01;31:*.arc=01;31:*.arj=01;31:*.taz=01;31:*.lha=01;31:*.lz4=01;31:*.lzh=01;31:*.lzma=01;31:*.tlz=01;31:*.txz=01;31:*.tzo=01;31:*.t7z=01;31:*.zip=01;31:*.z=01;31:*.dz=01;31:*.gz=01;31:*.lrz=01;31:*.lz=01;31:*.lzo=01;31:*.xz=01;31:*.zst=01;31:*.tzst=01;31:*.bz2=01;31:*.bz=01;31:*.tbz=01;31:*.tbz2=01;31:*.tz=01;31:*.deb=01;31:*.rpm=01;31:*.jar=01;31:*.war=01;31:*.ear=01;31:*.sar=01;31:*.rar=01;31:*.alz=01;31:*.ace=01;31:*.zoo=01;31:*.cpio=01;31:*.7z=01;31:*.rz=01;31:*.cab=01;31:*.wim=01;31:*.swm=01;31:*.dwm=01;31:*.esd=01;31:*.jpg=01;35:*.jpeg=01;35:*.mjpg=01;35:*.mjpeg=01;35:*.gif=01;35:*.bmp=01;35:*.pbm=01;35:*.pgm=01;35:*.ppm=01;35:*.tga=01;35:*.xbm=01;35:*.xpm=01;35:*.tif=01;35:*.tiff=01;35:*.png=01;35:*.svg=01;35:*.svgz=01;35:*.mng=01;35:*.pcx=01;35:*.mov=01;35:*.mpg=01;35:*.mpeg=01;35:*.m2v=01;35:*.mkv=01;35:*.webm=01;35:*.webp=01;35:*.ogm=01;35:*.mp4=01;35:*.m4v=01;35:*.mp4v=01;35:*.vob=01;35:*.qt=01;35:*.nuv=01;35:*.wmv=01;35:*.asf=01;35:*.rm=01;35:*.rmvb=01;35:*.flc=01;35:*.avi=01;35:*.fli=01;35:*.flv=01;35:*.gl=01;35:*.dl=01;35:*.xcf=01;35:*.xwd=01;35:*.yuv=01;35:*.cgm=01;35:*.emf=01;35:*.ogv=01;35:*.ogx=01;35:*.aac=01;36:*.au=01;36:*.flac=01;36:*.m4a=01;36:*.mid=01;36:*.midi=01;36:*.mka=01;36:*.mp3=01;36:*.mpc=01;36:*.ogg=01;36:*.ra=01;36:*.wav=01;36:*.oga=01;36:*.opus=01;36:*.spx=01;36:*.xspf=01;36:'), ('VSCODE_GIT_IPC_HANDLE', '/run/user/604234/vscode-git-8fb86e4b5d.sock'), ('GNOME_TERMINAL_SERVICE', ':1.59'), ('TERM_PROGRAM', 'vscode'), ('ROS_DOMAIN_ID', '30'), ('AMENT_PREFIX_PATH', '/opt/ros/humble'), ('ORIGINAL_XDG_CURRENT_DESKTOP', 'GNOME'), ('SHELL', '/bin/bash'), ('KRB5CCNAME', 'KEYRING:persistent:604234'), ('MPI_SYSCONFIG', '/etc/openmpi-x86_64'), ('MODULEPATH_ROOT', '/usr/share/modulefiles'), ('NO_AT_BRIDGE', '1'), ('CXX', '/usr/bin/g++'), ('GDMSESSION', 'gnome'), ('APPTAINER_CONTAINER', '/vol/scratch/SoC/COMP3631/comp3631.simg'), ('APPTAINER_BIND', '/run/user/604234,/etc/localtime'), ('LMOD_FAMILY_COMPILER', 'gcc'), ('LMOD_CMD', '/usr/share/lmod/lmod/libexec/lmod'), ('_ModuleTable_Sz_', '4'), ('GAZEBO_RESOURCE_PATH', '/usr/share/gazebo-11:'), ('GAZEBO_MODEL_DATABASE_URI', 'http://models.gazebosim.org'), ('SINGULARITY_CONTAINER', '/vol/scratch/SoC/COMP3631/comp3631.simg'), ('VSCODE_GIT_ASKPASS_EXTRA_ARGS', ''), ('BASH_ENV', '/usr/share/lmod/lmod/init/bash'), ('QT_IM_MODULE', 'ibus'), ('SINGULARITY_BIND', '/run/user/604234,/etc/localtime'), ('_ModuleTable001_', 'X01vZHVsZVRhYmxlXyA9IHsKTVR2ZXJzaW9uID0gMywKY19yZWJ1aWxkVGltZSA9IGZhbHNlLApjX3Nob3J0VGltZSA9IGZhbHNlLApkZXB0aFQgPSB7fSwKZmFtaWx5ID0gewpjb21waWxlciA9ICJnY2MiLAp9LAptVCA9IHsKZ2NjID0gewphY3Rpb25BID0gewpbW3ByZXBlbmRfcGF0aCgiTU9EVUxFUEFUSCIsIi91b2xsaW5hcHBzL3YyLzI0LTI1L3NvYy9zcGFjay9lbDkvZ2NjLzE0LjIuMCIpXV0sCn0sCmZuID0gIi91b2xsaW5hcHBzL3YyL2N1cnJlbnQvc29jL3NwYWNrL2VsOS9Db3JlL2djYy8xNC4yLjAubHVhIiwKZnVsbE5hbWUgPSAiZ2NjLzE0LjIuMCIsCmxvYWRPcmRlciA9IDEsCnByb3BUID0ge30sCnN0YWNrRGVwdGggPSAwLApzdGF0dXMgPSAiYWN0aXZlIiwK'), ('DEBUGINFOD_IMA_CERT_PATH', '/etc/keys/ima:'), ('_ModuleTable002_', 'dXNlck5hbWUgPSAiZ2NjIiwKd1YgPSAiMDAwMDAwMDE0LjAwMDAwMDAwMi4qemZpbmFsIiwKfSwKbXBpID0gewpmbiA9ICIvdXNyL3NoYXJlL21vZHVsZWZpbGVzL21waS9vcGVubXBpLXg4Nl82NCIsCmZ1bGxOYW1lID0gIm1waS9vcGVubXBpLXg4Nl82NCIsCmxvYWRPcmRlciA9IDIsCnByb3BUID0ge30sCnN0YWNrRGVwdGggPSAwLApzdGF0dXMgPSAiYWN0aXZlIiwKdXNlck5hbWUgPSAibXBpIiwKd1YgPSAiKm9wZW5tcGkuKnguMDAwMDAwMDg2LipfLjAwMDAwMDA2NC4qemZpbmFsIiwKfSwKfSwKbXBhdGhBID0gewoiL3VvbGxpbmFwcHMvdjIvMjQtMjUvc29jL3NwYWNrL2VsOS9nY2MvMTQuMi4wIiwgIi9ldGMvc2NsL21vZHVsZWZpbGVzIgosICIvdXNyL3NoYXJlL21v'), ('PWD', '/uolstore/home/users/sc23oy/ros2_ws/build/turtlebot3_gazebo'), ('LOADEDMODULES', 'gcc/14.2.0:mpi/openmpi-x86_64'), ('TURTLEBOT3_MODEL', 'burger'), ('APPTAINER_NAME', 'comp3631.simg'), ('GAZEBO_PLUGIN_PATH', '/usr/lib/x86_64-linux-gnu/gazebo-11/plugins:'), ('_ModuleTable003_', 'ZHVsZWZpbGVzIiwgIi91b2xsaW5hcHBzL3YyL2N1cnJlbnQvdW9sL3NwYWNrL2VsOS9Db3JlIgosICIvdW9sbGluYXBwcy92Mi9jdXJyZW50L3VvbC9vdGhlci9lbDkiCiwgIi91b2xsaW5hcHBzL3YyL2N1cnJlbnQvc29jL3NwYWNrL2VsOS9Db3JlIgosICIvdW9sbGluYXBwcy92Mi9jdXJyZW50L3NvYy9vdGhlciIsICIvdXNyL3NoYXJlL21vZHVsZWZpbGVzL0xpbnV4IgosICIvdXNyL3NoYXJlL21vZHVsZWZpbGVzL0NvcmUiLCAiL3Vzci9zaGFyZS9sbW9kL2xtb2QvbW9kdWxlZmlsZXMvQ29yZSIsCn0sCnN5c3RlbUJhc2VNUEFUSCA9ICIvZXRjL3NjbC9tb2R1bGVmaWxlczovdXNyL3NoYXJlL21vZHVsZWZpbGVzOi91b2xsaW5hcHBzL3YyL2N1cnJlbnQvdW9sL3NwYWNr'), ('XDG_DATA_DIRS', '/uolstore/home/users/sc23oy/.local/share/flatpak/exports/share:/var/lib/flatpak/exports/share:/usr/local/share:/usr/share'), ('PYTHONPATH', '/opt/ros/humble/lib/python3.10/site-packages:/opt/ros/humble/local/lib/python3.10/dist-packages'), ('_ModuleTable004_', 'L2VsOS9Db3JlOi91b2xsaW5hcHBzL3YyL2N1cnJlbnQvdW9sL290aGVyL2VsOTovdW9sbGluYXBwcy92Mi9jdXJyZW50L3NvYy9zcGFjay9lbDkvQ29yZTovdW9sbGluYXBwcy92Mi9jdXJyZW50L3NvYy9vdGhlcjovdXNyL3NoYXJlL21vZHVsZWZpbGVzL0xpbnV4Oi91c3Ivc2hhcmUvbW9kdWxlZmlsZXMvQ29yZTovdXNyL3NoYXJlL2xtb2QvbG1vZC9tb2R1bGVmaWxlcy9Db3JlIiwKfQo='), ('SINGULARITY_NAME', 'comp3631.simg'), ('CC', '/usr/bin/gcc'), ('COLCON', '1'), ('__LMOD_REF_COUNT_MODULEPATH', '/uollinapps/v2/24-25/soc/spack/el9/gcc/14.2.0:1;/etc/scl/modulefiles:2;/usr/share/modulefiles:1;/uollinapps/v2/current/uol/spack/el9/Core:1;/uollinapps/v2/current/uol/other/el9:1;/uollinapps/v2/current/soc/spack/el9/Core:1;/uollinapps/v2/current/soc/other:1;/usr/share/modulefiles/Linux:1;/usr/share/modulefiles/Core:1;/usr/share/lmod/lmod/modulefiles/Core:1'), ('MANPATH', ':/usr/share/man/openmpi-x86_64:/uollinapps/v2/24-25/soc/packages/linux-rhel9-x86_64_v3/gcc-11.4.0/gcc-14.2.0-svuh5yskfnrwh537tvxvt642acswwlju/share/man:/usr/share/lmod/lmod/share/man:/opt/puppetlabs/puppet/share/man'), ('VTE_VERSION', '6402'), ('MPI_SUFFIX', '_openmpi'), ('__LMOD_REF_COUNT_MANPATH', ':3;/usr/share/man/openmpi-x86_64:1;/uollinapps/v2/24-25/soc/packages/linux-rhel9-x86_64_v3/gcc-11.4.0/gcc-14.2.0-svuh5yskfnrwh537tvxvt642acswwlju/share/man:1;/usr/share/lmod/lmod/share/man:1;/opt/puppetlabs/puppet/share/man:1'), ('MODULEPATH', '/uollinapps/v2/24-25/soc/spack/el9/gcc/14.2.0:/etc/scl/modulefiles:/usr/share/modulefiles:/uollinapps/v2/current/uol/spack/el9/Core:/uollinapps/v2/current/uol/other/el9:/uollinapps/v2/current/soc/spack/el9/Core:/uollinapps/v2/current/soc/other:/usr/share/modulefiles/Linux:/usr/share/modulefiles/Core:/usr/share/lmod/lmod/modulefiles/Core'), ('MODULESHOME', '/usr/share/Modules'), ('CMAKE_PREFIX_PATH', '/uollinapps/v2/24-25/soc/packages/linux-rhel9-x86_64_v3/gcc-11.4.0/gcc-14.2.0-svuh5yskfnrwh537tvxvt642acswwlju:/opt/ros/humble')]), 'shell': False}
[7.317303] (-) TimerEvent: {}
[7.410278] (turtlebot3_gazebo) StdoutLine: {'line': b'[ 37%] \x1b[32mBuilding CXX object CMakeFiles/turtlebot3_drive.dir/src/turtlebot3_drive.cpp.o\x1b[0m\n'}
[7.410514] (turtlebot3_gazebo) StdoutLine: {'line': b'[ 37%] \x1b[32mBuilding CXX object CMakeFiles/obstacle2.dir/models/turtlebot3_dqn_world/obstacle_plugin/obstacle2.cc.o\x1b[0m\n'}
[7.410706] (turtlebot3_gazebo) StdoutLine: {'line': b'[ 37%] \x1b[32mBuilding CXX object CMakeFiles/obstacles.dir/models/turtlebot3_dqn_world/obstacle_plugin/obstacles.cc.o\x1b[0m\n'}
[7.417392] (-) TimerEvent: {}
[7.418846] (turtlebot3_gazebo) StdoutLine: {'line': b'[ 50%] \x1b[32mBuilding CXX object CMakeFiles/obstacle1.dir/models/turtlebot3_dqn_world/obstacle_plugin/obstacle1.cc.o\x1b[0m\n'}
[7.517503] (-) TimerEvent: {}
[7.617841] (-) TimerEvent: {}
[7.718220] (-) TimerEvent: {}
[7.818540] (-) TimerEvent: {}
[7.918862] (-) TimerEvent: {}
[8.019185] (-) TimerEvent: {}
[8.119500] (-) TimerEvent: {}
[8.219826] (-) TimerEvent: {}
[8.320141] (-) TimerEvent: {}
[8.420458] (-) TimerEvent: {}
[8.520773] (-) TimerEvent: {}
[8.621101] (-) TimerEvent: {}
[8.721427] (-) TimerEvent: {}
[8.821749] (-) TimerEvent: {}
[8.922079] (-) TimerEvent: {}
[9.022401] (-) TimerEvent: {}
[9.122723] (-) TimerEvent: {}
[9.223046] (-) TimerEvent: {}
[9.323351] (-) TimerEvent: {}
[9.423642] (-) TimerEvent: {}
[9.523936] (-) TimerEvent: {}
[9.624235] (-) TimerEvent: {}
[9.724535] (-) TimerEvent: {}
[9.824834] (-) TimerEvent: {}
[9.925123] (-) TimerEvent: {}
[10.025424] (-) TimerEvent: {}
[10.125735] (-) TimerEvent: {}
[10.226055] (-) TimerEvent: {}
[10.326355] (-) TimerEvent: {}
[10.426644] (-) TimerEvent: {}
[10.526921] (-) TimerEvent: {}
[10.627123] (-) TimerEvent: {}
[10.727358] (-) TimerEvent: {}
[10.827673] (-) TimerEvent: {}
[10.928006] (-) TimerEvent: {}
[11.028337] (-) TimerEvent: {}
[11.128668] (-) TimerEvent: {}
[11.228992] (-) TimerEvent: {}
[11.329321] (-) TimerEvent: {}
[11.429645] (-) TimerEvent: {}
[11.529962] (-) TimerEvent: {}
[11.630272] (-) TimerEvent: {}
[11.730590] (-) TimerEvent: {}
[11.830909] (-) TimerEvent: {}
[11.931232] (-) TimerEvent: {}
[12.031549] (-) TimerEvent: {}
[12.131907] (-) TimerEvent: {}
[12.232226] (-) TimerEvent: {}
[12.332528] (-) TimerEvent: {}
[12.432831] (-) TimerEvent: {}
[12.533151] (-) TimerEvent: {}
[12.633462] (-) TimerEvent: {}
[12.733778] (-) TimerEvent: {}
[12.834100] (-) TimerEvent: {}
[12.934421] (-) TimerEvent: {}
[13.034728] (-) TimerEvent: {}
[13.135051] (-) TimerEvent: {}
[13.235362] (-) TimerEvent: {}
[13.335681] (-) TimerEvent: {}
[13.435995] (-) TimerEvent: {}
[13.536306] (-) TimerEvent: {}
[13.636613] (-) TimerEvent: {}
[13.736929] (-) TimerEvent: {}
[13.837248] (-) TimerEvent: {}
[13.937564] (-) TimerEvent: {}
[14.037877] (-) TimerEvent: {}
[14.138183] (-) TimerEvent: {}
[14.238502] (-) TimerEvent: {}
[14.338814] (-) TimerEvent: {}
[14.439136] (-) TimerEvent: {}
[14.539438] (-) TimerEvent: {}
[14.639747] (-) TimerEvent: {}
[14.740059] (-) TimerEvent: {}
[14.840370] (-) TimerEvent: {}
[14.940685] (-) TimerEvent: {}
[15.041013] (-) TimerEvent: {}
[15.141325] (-) TimerEvent: {}
[15.241634] (-) TimerEvent: {}
[15.341952] (-) TimerEvent: {}
[15.442262] (-) TimerEvent: {}
[15.542569] (-) TimerEvent: {}
[15.642882] (-) TimerEvent: {}
[15.743193] (-) TimerEvent: {}
[15.843502] (-) TimerEvent: {}
[15.943816] (-) TimerEvent: {}
[16.044175] (-) TimerEvent: {}
[16.144506] (-) TimerEvent: {}
[16.244885] (-) TimerEvent: {}
[16.345196] (-) TimerEvent: {}
[16.445508] (-) TimerEvent: {}
[16.545815] (-) TimerEvent: {}
[16.646126] (-) TimerEvent: {}
[16.746435] (-) TimerEvent: {}
[16.846741] (-) TimerEvent: {}
[16.947049] (-) TimerEvent: {}
[17.047357] (-) TimerEvent: {}
[17.147670] (-) TimerEvent: {}
[17.247990] (-) TimerEvent: {}
[17.348305] (-) TimerEvent: {}
[17.448620] (-) TimerEvent: {}
[17.548935] (-) TimerEvent: {}
[17.644091] (turtlebot3_fake_node) StdoutLine: {'line': b'[100%] \x1b[32m\x1b[1mLinking CXX executable turtlebot3_fake_node\x1b[0m\n'}
[17.649011] (-) TimerEvent: {}
[17.749305] (-) TimerEvent: {}
[17.849631] (-) TimerEvent: {}
[17.949927] (-) TimerEvent: {}
[18.050248] (-) TimerEvent: {}
[18.150569] (-) TimerEvent: {}
[18.250917] (-) TimerEvent: {}
[18.351283] (-) TimerEvent: {}
[18.428429] (turtlebot3_fake_node) StdoutLine: {'line': b'[100%] Built target turtlebot3_fake_node\n'}
[18.451405] (-) TimerEvent: {}
[18.452358] (turtlebot3_fake_node) CommandEnded: {'returncode': 0}
[18.505444] (turtlebot3_fake_node) JobProgress: {'identifier': 'turtlebot3_fake_node', 'progress': 'install'}
[18.531062] (turtlebot3_fake_node) Command: {'cmd': ['/usr/bin/cmake', '--install', '/uolstore/home/users/sc23oy/ros2_ws/build/turtlebot3_fake_node'], 'cwd': '/uolstore/home/users/sc23oy/ros2_ws/build/turtlebot3_fake_node', 'env': OrderedDict([('LESSOPEN', '||/usr/bin/lesspipe.sh %s'), ('LMOD_DIR', '/usr/share/lmod/lmod/libexec'), ('MAIL', '/var/spool/mail/sc23oy'), ('USER', 'sc23oy'), ('__LMOD_REF_COUNT_CMAKE_PREFIX_PATH', '/uollinapps/v2/24-25/soc/packages/linux-rhel9-x86_64_v3/gcc-11.4.0/gcc-14.2.0-svuh5yskfnrwh537tvxvt642acswwlju:1'), ('HOSTNAME', 'feng-linux-07.leeds.ac.uk'), ('XDG_SESSION_TYPE', 'x11'), ('MPI_FORTRAN_MOD_DIR', '/usr/lib64/gfortran/modules/openmpi'), ('GIT_ASKPASS', '/usr/share/code/resources/app/extensions/git/dist/askpass.sh'), ('LMOD_PKG', '/usr/share/lmod/lmod'), ('SHLVL', '3'), ('LD_LIBRARY_PATH', '/usr/lib/x86_64-linux-gnu/gazebo-11/plugins:/opt/ros/humble/opt/rviz_ogre_vendor/lib:/opt/ros/humble/lib/x86_64-linux-gnu:/opt/ros/humble/lib:/.singularity.d/libs:/usr/lib/x86_64-linux-gnu/gazebo-11/plugins:'), ('MPI_INCLUDE', '/usr/include/openmpi-x86_64'), ('HOME', '/uolstore/home/users/sc23oy'), ('CHROME_DESKTOP', 'code-url-handler.desktop'), ('OLDPWD', '/uolstore/home/users/sc23oy/ros2_ws'), ('TERM_PROGRAM_VERSION', '1.86.2'), ('DESKTOP_SESSION', 'gnome'), ('USER_PATH', '/usr/lib64/openmpi/bin:/usr/lib64/qt6/bin:/uollinapps/v2/24-25/soc/packages/linux-rhel9-x86_64_v3/gcc-11.4.0/gcc-14.2.0-svuh5yskfnrwh537tvxvt642acswwlju/bin:/uolstore/home/users/sc23oy/.local/bin:/uolstore/home/users/sc23oy/bin:/usr/local/bin:/usr/local/sbin:/usr/bin:/usr/sbin:/opt/puppetlabs/bin:/bin:/usr/bin:/sbin:/usr/sbin:/usr/local/bin:/usr/local/sbin'), ('__LMOD_REF_COUNT_PKG_CONFIG_PATH', '/usr/lib64/openmpi/lib/pkgconfig:1'), ('GAZEBO_MASTER_URI', 'http://localhost:11345'), ('ROS_PYTHON_VERSION', '3'), ('FPATH', '/usr/share/lmod/lmod/init/ksh_funcs'), ('FC', '/uollinapps/v2/24-25/soc/packages/linux-rhel9-x86_64_v3/gcc-11.4.0/gcc-14.2.0-svuh5yskfnrwh537tvxvt642acswwlju/bin/gfortran'), ('VSCODE_GIT_ASKPASS_MAIN', '/usr/share/code/resources/app/extensions/git/dist/askpass-main.js'), ('PS1', '\\[\x1b]633;A\x07\\][COMP3631] Singularity> \\w $ \\[\x1b]633;B\x07\\]'), ('VSCODE_GIT_ASKPASS_NODE', '/usr/share/code/code'), ('MPI_PYTHON3_SITEARCH', '/usr/lib64/python3.9/site-packages/openmpi'), ('LMOD_FAMILY_COMPILER_VERSION', '14.2.0'), ('_LMFILES_', '/uollinapps/v2/current/soc/spack/el9/Core/gcc/14.2.0.lua:/usr/share/modulefiles/mpi/openmpi-x86_64'), ('DBUS_SESSION_BUS_ADDRESS', 'unix:abstract=/tmp/dbus-8qGMb8aiOx,guid=2ad71e69851b37c21bae78fe69eca169'), ('COLORTERM', 'truecolor'), ('APPTAINER_ENVIRONMENT', '/.singularity.d/env/91-environment.sh'), ('__LMOD_REF_COUNT_PATH', '/usr/lib64/openmpi/bin:1;/usr/lib64/qt6/bin:2;/uollinapps/v2/24-25/soc/packages/linux-rhel9-x86_64_v3/gcc-11.4.0/gcc-14.2.0-svuh5yskfnrwh537tvxvt642acswwlju/bin:1;/uolstore/home/users/sc23oy/.local/bin:1;/uolstore/home/users/sc23oy/bin:1;/usr/local/bin:1;/usr/local/sbin:1;/usr/bin:1;/usr/sbin:1;/opt/puppetlabs/bin:1'), ('LMOD_sys', 'Linux'), ('F77', '/uollinapps/v2/24-25/soc/packages/linux-rhel9-x86_64_v3/gcc-11.4.0/gcc-14.2.0-svuh5yskfnrwh537tvxvt642acswwlju/bin/gfortran'), ('which_declare', 'declare -f'), ('COLCON_PREFIX_PATH', '/uolstore/home/users/sc23oy/ros2_ws/install'), ('ROS_DISTRO', 'humble'), ('SINGULARITY_ENVIRONMENT', '/.singularity.d/env/91-environment.sh'), ('LOGNAME', 'sc23oy'), ('MPI_COMPILER', 'openmpi-x86_64'), ('LMOD_VERSION', '8.7.65'), ('_', '/usr/bin/colcon'), ('ROS_VERSION', '2'), ('MPI_LIB', '/usr/lib64/openmpi/lib'), ('PKG_CONFIG_PATH', '/usr/lib64/openmpi/lib/pkgconfig'), ('XDG_SESSION_CLASS', 'user'), ('USERNAME', 'sc23oy'), ('TERM', 'xterm-256color'), ('GAZEBO_MODEL_PATH', '/usr/share/gazebo-11/models:'), ('MPI_BIN', '/usr/lib64/openmpi/bin'), ('ROS_LOCALHOST_ONLY', '1'), ('HISTCONTROL', 'ignoredups'), ('OGRE_RESOURCE_PATH', '/usr/lib/x86_64-linux-gnu/OGRE-1.9.0'), ('PATH', '/opt/ros/humble/bin:/usr/lib64/qt6/bin:/uolstore/home/users/sc23oy/.local/bin:/uolstore/home/users/sc23oy/bin:/usr/local/sbin:/usr/local/bin:/usr/sbin:/usr/bin:/sbin:/bin'), ('MPI_HOME', '/usr/lib64/openmpi'), ('GDM_LANG', 'en_GB.UTF-8'), ('APPTAINER_COMMAND', 'shell'), ('LMOD_SETTARG_FULL_SUPPORT', 'no'), ('__LMOD_REF_COUNT_LD_LIBRARY_PATH', '/usr/lib64/openmpi/lib:1'), ('XDG_MENU_PREFIX', 'gnome-'), ('GNOME_TERMINAL_SCREEN', '/org/gnome/Terminal/screen/3e198ced_e144_4c1b_ba88_d3f0aa723bad'), ('XDG_RUNTIME_DIR', '/run/user/604234'), ('MPI_MAN', '/usr/share/man/openmpi-x86_64'), ('GDK_BACKEND', 'x11'), ('DISPLAY', ':1'), ('HISTSIZE', '1000'), ('APPTAINER_APPNAME', ''), ('LANG', 'en_US.UTF-8'), ('XDG_CURRENT_DESKTOP', 'GNOME'), ('LMOD_ROOT', '/usr/share/lmod'), ('XMODIFIERS', '@im=ibus'), ('XDG_SESSION_DESKTOP', 'gnome'), ('XAUTHORITY', '/run/gdm/auth-for-sc23oy-AYJ5N3/database'), ('LS_COLORS', 'rs=0:di=01;34:ln=01;36:mh=00:pi=40;33:so=01;35:do=01;35:bd=40;33;01:cd=40;33;01:or=40;31;01:mi=01;37;41:su=37;41:sg=30;43:ca=30;41:tw=30;42:ow=34;42:st=37;44:ex=01;32:*.tar=01;31:*.tgz=01;31:*.arc=01;31:*.arj=01;31:*.taz=01;31:*.lha=01;31:*.lz4=01;31:*.lzh=01;31:*.lzma=01;31:*.tlz=01;31:*.txz=01;31:*.tzo=01;31:*.t7z=01;31:*.zip=01;31:*.z=01;31:*.dz=01;31:*.gz=01;31:*.lrz=01;31:*.lz=01;31:*.lzo=01;31:*.xz=01;31:*.zst=01;31:*.tzst=01;31:*.bz2=01;31:*.bz=01;31:*.tbz=01;31:*.tbz2=01;31:*.tz=01;31:*.deb=01;31:*.rpm=01;31:*.jar=01;31:*.war=01;31:*.ear=01;31:*.sar=01;31:*.rar=01;31:*.alz=01;31:*.ace=01;31:*.zoo=01;31:*.cpio=01;31:*.7z=01;31:*.rz=01;31:*.cab=01;31:*.wim=01;31:*.swm=01;31:*.dwm=01;31:*.esd=01;31:*.jpg=01;35:*.jpeg=01;35:*.mjpg=01;35:*.mjpeg=01;35:*.gif=01;35:*.bmp=01;35:*.pbm=01;35:*.pgm=01;35:*.ppm=01;35:*.tga=01;35:*.xbm=01;35:*.xpm=01;35:*.tif=01;35:*.tiff=01;35:*.png=01;35:*.svg=01;35:*.svgz=01;35:*.mng=01;35:*.pcx=01;35:*.mov=01;35:*.mpg=01;35:*.mpeg=01;35:*.m2v=01;35:*.mkv=01;35:*.webm=01;35:*.webp=01;35:*.ogm=01;35:*.mp4=01;35:*.m4v=01;35:*.mp4v=01;35:*.vob=01;35:*.qt=01;35:*.nuv=01;35:*.wmv=01;35:*.asf=01;35:*.rm=01;35:*.rmvb=01;35:*.flc=01;35:*.avi=01;35:*.fli=01;35:*.flv=01;35:*.gl=01;35:*.dl=01;35:*.xcf=01;35:*.xwd=01;35:*.yuv=01;35:*.cgm=01;35:*.emf=01;35:*.ogv=01;35:*.ogx=01;35:*.aac=01;36:*.au=01;36:*.flac=01;36:*.m4a=01;36:*.mid=01;36:*.midi=01;36:*.mka=01;36:*.mp3=01;36:*.mpc=01;36:*.ogg=01;36:*.ra=01;36:*.wav=01;36:*.oga=01;36:*.opus=01;36:*.spx=01;36:*.xspf=01;36:'), ('VSCODE_GIT_IPC_HANDLE', '/run/user/604234/vscode-git-8fb86e4b5d.sock'), ('GNOME_TERMINAL_SERVICE', ':1.59'), ('TERM_PROGRAM', 'vscode'), ('ROS_DOMAIN_ID', '30'), ('AMENT_PREFIX_PATH', '/opt/ros/humble'), ('ORIGINAL_XDG_CURRENT_DESKTOP', 'GNOME'), ('SHELL', '/bin/bash'), ('KRB5CCNAME', 'KEYRING:persistent:604234'), ('MPI_SYSCONFIG', '/etc/openmpi-x86_64'), ('MODULEPATH_ROOT', '/usr/share/modulefiles'), ('NO_AT_BRIDGE', '1'), ('CXX', '/usr/bin/g++'), ('GDMSESSION', 'gnome'), ('APPTAINER_CONTAINER', '/vol/scratch/SoC/COMP3631/comp3631.simg'), ('APPTAINER_BIND', '/run/user/604234,/etc/localtime'), ('LMOD_FAMILY_COMPILER', 'gcc'), ('LMOD_CMD', '/usr/share/lmod/lmod/libexec/lmod'), ('_ModuleTable_Sz_', '4'), ('GAZEBO_RESOURCE_PATH', '/usr/share/gazebo-11:'), ('GAZEBO_MODEL_DATABASE_URI', 'http://models.gazebosim.org'), ('SINGULARITY_CONTAINER', '/vol/scratch/SoC/COMP3631/comp3631.simg'), ('VSCODE_GIT_ASKPASS_EXTRA_ARGS', ''), ('BASH_ENV', '/usr/share/lmod/lmod/init/bash'), ('QT_IM_MODULE', 'ibus'), ('SINGULARITY_BIND', '/run/user/604234,/etc/localtime'), ('_ModuleTable001_', 'X01vZHVsZVRhYmxlXyA9IHsKTVR2ZXJzaW9uID0gMywKY19yZWJ1aWxkVGltZSA9IGZhbHNlLApjX3Nob3J0VGltZSA9IGZhbHNlLApkZXB0aFQgPSB7fSwKZmFtaWx5ID0gewpjb21waWxlciA9ICJnY2MiLAp9LAptVCA9IHsKZ2NjID0gewphY3Rpb25BID0gewpbW3ByZXBlbmRfcGF0aCgiTU9EVUxFUEFUSCIsIi91b2xsaW5hcHBzL3YyLzI0LTI1L3NvYy9zcGFjay9lbDkvZ2NjLzE0LjIuMCIpXV0sCn0sCmZuID0gIi91b2xsaW5hcHBzL3YyL2N1cnJlbnQvc29jL3NwYWNrL2VsOS9Db3JlL2djYy8xNC4yLjAubHVhIiwKZnVsbE5hbWUgPSAiZ2NjLzE0LjIuMCIsCmxvYWRPcmRlciA9IDEsCnByb3BUID0ge30sCnN0YWNrRGVwdGggPSAwLApzdGF0dXMgPSAiYWN0aXZlIiwK'), ('DEBUGINFOD_IMA_CERT_PATH', '/etc/keys/ima:'), ('_ModuleTable002_', 'dXNlck5hbWUgPSAiZ2NjIiwKd1YgPSAiMDAwMDAwMDE0LjAwMDAwMDAwMi4qemZpbmFsIiwKfSwKbXBpID0gewpmbiA9ICIvdXNyL3NoYXJlL21vZHVsZWZpbGVzL21waS9vcGVubXBpLXg4Nl82NCIsCmZ1bGxOYW1lID0gIm1waS9vcGVubXBpLXg4Nl82NCIsCmxvYWRPcmRlciA9IDIsCnByb3BUID0ge30sCnN0YWNrRGVwdGggPSAwLApzdGF0dXMgPSAiYWN0aXZlIiwKdXNlck5hbWUgPSAibXBpIiwKd1YgPSAiKm9wZW5tcGkuKnguMDAwMDAwMDg2LipfLjAwMDAwMDA2NC4qemZpbmFsIiwKfSwKfSwKbXBhdGhBID0gewoiL3VvbGxpbmFwcHMvdjIvMjQtMjUvc29jL3NwYWNrL2VsOS9nY2MvMTQuMi4wIiwgIi9ldGMvc2NsL21vZHVsZWZpbGVzIgosICIvdXNyL3NoYXJlL21v'), ('PWD', '/uolstore/home/users/sc23oy/ros2_ws/build/turtlebot3_fake_node'), ('LOADEDMODULES', 'gcc/14.2.0:mpi/openmpi-x86_64'), ('TURTLEBOT3_MODEL', 'burger'), ('APPTAINER_NAME', 'comp3631.simg'), ('GAZEBO_PLUGIN_PATH', '/usr/lib/x86_64-linux-gnu/gazebo-11/plugins:'), ('_ModuleTable003_', 'ZHVsZWZpbGVzIiwgIi91b2xsaW5hcHBzL3YyL2N1cnJlbnQvdW9sL3NwYWNrL2VsOS9Db3JlIgosICIvdW9sbGluYXBwcy92Mi9jdXJyZW50L3VvbC9vdGhlci9lbDkiCiwgIi91b2xsaW5hcHBzL3YyL2N1cnJlbnQvc29jL3NwYWNrL2VsOS9Db3JlIgosICIvdW9sbGluYXBwcy92Mi9jdXJyZW50L3NvYy9vdGhlciIsICIvdXNyL3NoYXJlL21vZHVsZWZpbGVzL0xpbnV4IgosICIvdXNyL3NoYXJlL21vZHVsZWZpbGVzL0NvcmUiLCAiL3Vzci9zaGFyZS9sbW9kL2xtb2QvbW9kdWxlZmlsZXMvQ29yZSIsCn0sCnN5c3RlbUJhc2VNUEFUSCA9ICIvZXRjL3NjbC9tb2R1bGVmaWxlczovdXNyL3NoYXJlL21vZHVsZWZpbGVzOi91b2xsaW5hcHBzL3YyL2N1cnJlbnQvdW9sL3NwYWNr'), ('XDG_DATA_DIRS', '/uolstore/home/users/sc23oy/.local/share/flatpak/exports/share:/var/lib/flatpak/exports/share:/usr/local/share:/usr/share'), ('PYTHONPATH', '/opt/ros/humble/lib/python3.10/site-packages:/opt/ros/humble/local/lib/python3.10/dist-packages'), ('_ModuleTable004_', 'L2VsOS9Db3JlOi91b2xsaW5hcHBzL3YyL2N1cnJlbnQvdW9sL290aGVyL2VsOTovdW9sbGluYXBwcy92Mi9jdXJyZW50L3NvYy9zcGFjay9lbDkvQ29yZTovdW9sbGluYXBwcy92Mi9jdXJyZW50L3NvYy9vdGhlcjovdXNyL3NoYXJlL21vZHVsZWZpbGVzL0xpbnV4Oi91c3Ivc2hhcmUvbW9kdWxlZmlsZXMvQ29yZTovdXNyL3NoYXJlL2xtb2QvbG1vZC9tb2R1bGVmaWxlcy9Db3JlIiwKfQo='), ('SINGULARITY_NAME', 'comp3631.simg'), ('CC', '/usr/bin/gcc'), ('COLCON', '1'), ('__LMOD_REF_COUNT_MODULEPATH', '/uollinapps/v2/24-25/soc/spack/el9/gcc/14.2.0:1;/etc/scl/modulefiles:2;/usr/share/modulefiles:1;/uollinapps/v2/current/uol/spack/el9/Core:1;/uollinapps/v2/current/uol/other/el9:1;/uollinapps/v2/current/soc/spack/el9/Core:1;/uollinapps/v2/current/soc/other:1;/usr/share/modulefiles/Linux:1;/usr/share/modulefiles/Core:1;/usr/share/lmod/lmod/modulefiles/Core:1'), ('MANPATH', ':/usr/share/man/openmpi-x86_64:/uollinapps/v2/24-25/soc/packages/linux-rhel9-x86_64_v3/gcc-11.4.0/gcc-14.2.0-svuh5yskfnrwh537tvxvt642acswwlju/share/man:/usr/share/lmod/lmod/share/man:/opt/puppetlabs/puppet/share/man'), ('VTE_VERSION', '6402'), ('MPI_SUFFIX', '_openmpi'), ('__LMOD_REF_COUNT_MANPATH', ':3;/usr/share/man/openmpi-x86_64:1;/uollinapps/v2/24-25/soc/packages/linux-rhel9-x86_64_v3/gcc-11.4.0/gcc-14.2.0-svuh5yskfnrwh537tvxvt642acswwlju/share/man:1;/usr/share/lmod/lmod/share/man:1;/opt/puppetlabs/puppet/share/man:1'), ('MODULEPATH', '/uollinapps/v2/24-25/soc/spack/el9/gcc/14.2.0:/etc/scl/modulefiles:/usr/share/modulefiles:/uollinapps/v2/current/uol/spack/el9/Core:/uollinapps/v2/current/uol/other/el9:/uollinapps/v2/current/soc/spack/el9/Core:/uollinapps/v2/current/soc/other:/usr/share/modulefiles/Linux:/usr/share/modulefiles/Core:/usr/share/lmod/lmod/modulefiles/Core'), ('MODULESHOME', '/usr/share/Modules'), ('CMAKE_PREFIX_PATH', '/uollinapps/v2/24-25/soc/packages/linux-rhel9-x86_64_v3/gcc-11.4.0/gcc-14.2.0-svuh5yskfnrwh537tvxvt642acswwlju:/opt/ros/humble')]), 'shell': False}
[18.549575] (turtlebot3_fake_node) StdoutLine: {'line': b'-- Install configuration: ""\n'}
[18.551467] (-) TimerEvent: {}
[18.552487] (turtlebot3_fake_node) StdoutLine: {'line': b'-- Installing: /uolstore/home/users/sc23oy/ros2_ws/install/turtlebot3_fake_node/lib/turtlebot3_fake_node/turtlebot3_fake_node\n'}
[18.625670] (turtlebot3_fake_node) StdoutLine: {'line': b'-- Set runtime path of "/uolstore/home/users/sc23oy/ros2_ws/install/turtlebot3_fake_node/lib/turtlebot3_fake_node/turtlebot3_fake_node" to ""\n'}
[18.626243] (turtlebot3_fake_node) StdoutLine: {'line': b'-- Installing: /uolstore/home/users/sc23oy/ros2_ws/install/turtlebot3_fake_node/share/turtlebot3_fake_node/launch\n'}
[18.630291] (turtlebot3_fake_node) StdoutLine: {'line': b'-- Installing: /uolstore/home/users/sc23oy/ros2_ws/install/turtlebot3_fake_node/share/turtlebot3_fake_node/launch/rviz2.launch.py\n'}
[18.636294] (turtlebot3_fake_node) StdoutLine: {'line': b'-- Installing: /uolstore/home/users/sc23oy/ros2_ws/install/turtlebot3_fake_node/share/turtlebot3_fake_node/launch/turtlebot3_fake_node.launch.py\n'}
[18.642316] (turtlebot3_fake_node) StdoutLine: {'line': b'-- Installing: /uolstore/home/users/sc23oy/ros2_ws/install/turtlebot3_fake_node/share/turtlebot3_fake_node/param\n'}
[18.645287] (turtlebot3_fake_node) StdoutLine: {'line': b'-- Installing: /uolstore/home/users/sc23oy/ros2_ws/install/turtlebot3_fake_node/share/turtlebot3_fake_node/param/burger.yaml\n'}
[18.651576] (turtlebot3_fake_node) StdoutLine: {'line': b'-- Installing: /uolstore/home/users/sc23oy/ros2_ws/install/turtlebot3_fake_node/share/turtlebot3_fake_node/param/waffle.yaml\n'}
[18.651700] (-) TimerEvent: {}
[18.657473] (turtlebot3_fake_node) StdoutLine: {'line': b'-- Installing: /uolstore/home/users/sc23oy/ros2_ws/install/turtlebot3_fake_node/share/turtlebot3_fake_node/param/waffle_pi.yaml\n'}
[18.663106] (turtlebot3_fake_node) StdoutLine: {'line': b'-- Installing: /uolstore/home/users/sc23oy/ros2_ws/install/turtlebot3_fake_node/include/\n'}
[18.665386] (turtlebot3_fake_node) StdoutLine: {'line': b'-- Installing: /uolstore/home/users/sc23oy/ros2_ws/install/turtlebot3_fake_node/include//turtlebot3_fake_node\n'}
[18.668100] (turtlebot3_fake_node) StdoutLine: {'line': b'-- Installing: /uolstore/home/users/sc23oy/ros2_ws/install/turtlebot3_fake_node/include//turtlebot3_fake_node/turtlebot3_fake_node.hpp\n'}
[18.677689] (turtlebot3_fake_node) StdoutLine: {'line': b'-- Installing: /uolstore/home/users/sc23oy/ros2_ws/install/turtlebot3_fake_node/share/ament_index/resource_index/package_run_dependencies/turtlebot3_fake_node\n'}
[18.686023] (turtlebot3_fake_node) StdoutLine: {'line': b'-- Installing: /uolstore/home/users/sc23oy/ros2_ws/install/turtlebot3_fake_node/share/ament_index/resource_index/parent_prefix_path/turtlebot3_fake_node\n'}
[18.694353] (turtlebot3_fake_node) StdoutLine: {'line': b'-- Installing: /uolstore/home/users/sc23oy/ros2_ws/install/turtlebot3_fake_node/share/turtlebot3_fake_node/environment/ament_prefix_path.sh\n'}
[18.699257] (turtlebot3_fake_node) StdoutLine: {'line': b'-- Installing: /uolstore/home/users/sc23oy/ros2_ws/install/turtlebot3_fake_node/share/turtlebot3_fake_node/environment/ament_prefix_path.dsv\n'}
[18.705045] (turtlebot3_fake_node) StdoutLine: {'line': b'-- Installing: /uolstore/home/users/sc23oy/ros2_ws/install/turtlebot3_fake_node/share/turtlebot3_fake_node/environment/path.sh\n'}
[18.709902] (turtlebot3_fake_node) StdoutLine: {'line': b'-- Installing: /uolstore/home/users/sc23oy/ros2_ws/install/turtlebot3_fake_node/share/turtlebot3_fake_node/environment/path.dsv\n'}
[18.715948] (turtlebot3_fake_node) StdoutLine: {'line': b'-- Installing: /uolstore/home/users/sc23oy/ros2_ws/install/turtlebot3_fake_node/share/turtlebot3_fake_node/local_setup.bash\n'}
[18.722270] (turtlebot3_fake_node) StdoutLine: {'line': b'-- Installing: /uolstore/home/users/sc23oy/ros2_ws/install/turtlebot3_fake_node/share/turtlebot3_fake_node/local_setup.sh\n'}
[18.728730] (turtlebot3_fake_node) StdoutLine: {'line': b'-- Installing: /uolstore/home/users/sc23oy/ros2_ws/install/turtlebot3_fake_node/share/turtlebot3_fake_node/local_setup.zsh\n'}
[18.735209] (turtlebot3_fake_node) StdoutLine: {'line': b'-- Installing: /uolstore/home/users/sc23oy/ros2_ws/install/turtlebot3_fake_node/share/turtlebot3_fake_node/local_setup.dsv\n'}
[18.741404] (turtlebot3_fake_node) StdoutLine: {'line': b'-- Installing: /uolstore/home/users/sc23oy/ros2_ws/install/turtlebot3_fake_node/share/turtlebot3_fake_node/package.dsv\n'}
[18.750455] (turtlebot3_fake_node) StdoutLine: {'line': b'-- Installing: /uolstore/home/users/sc23oy/ros2_ws/install/turtlebot3_fake_node/share/ament_index/resource_index/packages/turtlebot3_fake_node\n'}
[18.751766] (-) TimerEvent: {}
[18.757306] (turtlebot3_fake_node) StdoutLine: {'line': b'-- Installing: /uolstore/home/users/sc23oy/ros2_ws/install/turtlebot3_fake_node/share/turtlebot3_fake_node/cmake/ament_cmake_export_include_directories-extras.cmake\n'}
[18.763161] (turtlebot3_fake_node) StdoutLine: {'line': b'-- Installing: /uolstore/home/users/sc23oy/ros2_ws/install/turtlebot3_fake_node/share/turtlebot3_fake_node/cmake/ament_cmake_export_dependencies-extras.cmake\n'}
[18.769011] (turtlebot3_fake_node) StdoutLine: {'line': b'-- Installing: /uolstore/home/users/sc23oy/ros2_ws/install/turtlebot3_fake_node/share/turtlebot3_fake_node/cmake/turtlebot3_fake_nodeConfig.cmake\n'}
[18.775071] (turtlebot3_fake_node) StdoutLine: {'line': b'-- Installing: /uolstore/home/users/sc23oy/ros2_ws/install/turtlebot3_fake_node/share/turtlebot3_fake_node/cmake/turtlebot3_fake_nodeConfig-version.cmake\n'}
[18.781360] (turtlebot3_fake_node) StdoutLine: {'line': b'-- Installing: /uolstore/home/users/sc23oy/ros2_ws/install/turtlebot3_fake_node/share/turtlebot3_fake_node/package.xml\n'}
[18.789958] (turtlebot3_fake_node) CommandEnded: {'returncode': 0}
[18.851857] (-) TimerEvent: {}
[18.952097] (-) TimerEvent: {}
[19.052393] (-) TimerEvent: {}
[19.082590] (turtlebot3_fake_node) JobEnded: {'identifier': 'turtlebot3_fake_node', 'rc': 0}
[19.152500] (-) TimerEvent: {}
[19.252786] (-) TimerEvent: {}
[19.353081] (-) TimerEvent: {}
[19.453365] (-) TimerEvent: {}
[19.553621] (-) TimerEvent: {}
[19.653866] (-) TimerEvent: {}
[19.754086] (-) TimerEvent: {}
[19.854310] (-) TimerEvent: {}
[19.954502] (-) TimerEvent: {}
[20.054717] (-) TimerEvent: {}
[20.154885] (-) TimerEvent: {}
[20.255073] (-) TimerEvent: {}
[20.355249] (-) TimerEvent: {}
[20.455433] (-) TimerEvent: {}
[20.555600] (-) TimerEvent: {}
[20.655802] (-) TimerEvent: {}
[20.756009] (-) TimerEvent: {}
[20.856205] (-) TimerEvent: {}
[20.956442] (-) TimerEvent: {}
[21.056705] (-) TimerEvent: {}
[21.157008] (-) TimerEvent: {}
[21.257300] (-) TimerEvent: {}
[21.357596] (-) TimerEvent: {}
[21.457903] (-) TimerEvent: {}
[21.465923] (turtlebot3_gazebo) StdoutLine: {'line': b'[ 62%] \x1b[32m\x1b[1mLinking CXX shared library libobstacle2.so\x1b[0m\n'}
[21.485802] (turtlebot3_gazebo) StdoutLine: {'line': b'[ 75%] \x1b[32m\x1b[1mLinking CXX shared library libobstacle1.so\x1b[0m\n'}
[21.534888] (turtlebot3_gazebo) StdoutLine: {'line': b'[ 87%] \x1b[32m\x1b[1mLinking CXX shared library libobstacles.so\x1b[0m\n'}
[21.558006] (-) TimerEvent: {}
[21.658316] (-) TimerEvent: {}
[21.758595] (-) TimerEvent: {}
[21.858868] (-) TimerEvent: {}
[21.873321] (turtlebot3_gazebo) StdoutLine: {'line': b'[ 87%] Built target obstacle2\n'}
[21.878977] (turtlebot3_gazebo) StdoutLine: {'line': b'[ 87%] Built target obstacle1\n'}
[21.900469] (turtlebot3_gazebo) StdoutLine: {'line': b'[ 87%] Built target obstacles\n'}
[21.958976] (-) TimerEvent: {}
[22.059342] (-) TimerEvent: {}
[22.156097] (turtlebot3_gazebo) StdoutLine: {'line': b'[100%] \x1b[32m\x1b[1mLinking CXX executable turtlebot3_drive\x1b[0m\n'}
[22.159422] (-) TimerEvent: {}
[22.259701] (-) TimerEvent: {}
[22.360039] (-) TimerEvent: {}
[22.460392] (-) TimerEvent: {}
[22.560674] (-) TimerEvent: {}
[22.660962] (-) TimerEvent: {}
[22.761410] (-) TimerEvent: {}
[22.861807] (-) TimerEvent: {}
[22.962159] (-) TimerEvent: {}
[22.962970] (turtlebot3_gazebo) StdoutLine: {'line': b'[100%] Built target turtlebot3_drive\n'}
[22.991932] (turtlebot3_gazebo) CommandEnded: {'returncode': 0}
[23.061704] (turtlebot3_gazebo) JobProgress: {'identifier': 'turtlebot3_gazebo', 'progress': 'install'}
[23.062201] (-) TimerEvent: {}
[23.062815] (turtlebot3_gazebo) Command: {'cmd': ['/usr/bin/cmake', '--install', '/uolstore/home/users/sc23oy/ros2_ws/build/turtlebot3_gazebo'], 'cwd': '/uolstore/home/users/sc23oy/ros2_ws/build/turtlebot3_gazebo', 'env': OrderedDict([('LESSOPEN', '||/usr/bin/lesspipe.sh %s'), ('LMOD_DIR', '/usr/share/lmod/lmod/libexec'), ('MAIL', '/var/spool/mail/sc23oy'), ('USER', 'sc23oy'), ('__LMOD_REF_COUNT_CMAKE_PREFIX_PATH', '/uollinapps/v2/24-25/soc/packages/linux-rhel9-x86_64_v3/gcc-11.4.0/gcc-14.2.0-svuh5yskfnrwh537tvxvt642acswwlju:1'), ('HOSTNAME', 'feng-linux-07.leeds.ac.uk'), ('XDG_SESSION_TYPE', 'x11'), ('MPI_FORTRAN_MOD_DIR', '/usr/lib64/gfortran/modules/openmpi'), ('GIT_ASKPASS', '/usr/share/code/resources/app/extensions/git/dist/askpass.sh'), ('LMOD_PKG', '/usr/share/lmod/lmod'), ('SHLVL', '3'), ('LD_LIBRARY_PATH', '/usr/lib/x86_64-linux-gnu/gazebo-11/plugins:/opt/ros/humble/opt/rviz_ogre_vendor/lib:/opt/ros/humble/lib/x86_64-linux-gnu:/opt/ros/humble/lib:/.singularity.d/libs:/usr/lib/x86_64-linux-gnu/gazebo-11/plugins:'), ('MPI_INCLUDE', '/usr/include/openmpi-x86_64'), ('HOME', '/uolstore/home/users/sc23oy'), ('CHROME_DESKTOP', 'code-url-handler.desktop'), ('OLDPWD', '/uolstore/home/users/sc23oy/ros2_ws'), ('TERM_PROGRAM_VERSION', '1.86.2'), ('DESKTOP_SESSION', 'gnome'), ('USER_PATH', '/usr/lib64/openmpi/bin:/usr/lib64/qt6/bin:/uollinapps/v2/24-25/soc/packages/linux-rhel9-x86_64_v3/gcc-11.4.0/gcc-14.2.0-svuh5yskfnrwh537tvxvt642acswwlju/bin:/uolstore/home/users/sc23oy/.local/bin:/uolstore/home/users/sc23oy/bin:/usr/local/bin:/usr/local/sbin:/usr/bin:/usr/sbin:/opt/puppetlabs/bin:/bin:/usr/bin:/sbin:/usr/sbin:/usr/local/bin:/usr/local/sbin'), ('__LMOD_REF_COUNT_PKG_CONFIG_PATH', '/usr/lib64/openmpi/lib/pkgconfig:1'), ('GAZEBO_MASTER_URI', 'http://localhost:11345'), ('ROS_PYTHON_VERSION', '3'), ('FPATH', '/usr/share/lmod/lmod/init/ksh_funcs'), ('FC', '/uollinapps/v2/24-25/soc/packages/linux-rhel9-x86_64_v3/gcc-11.4.0/gcc-14.2.0-svuh5yskfnrwh537tvxvt642acswwlju/bin/gfortran'), ('VSCODE_GIT_ASKPASS_MAIN', '/usr/share/code/resources/app/extensions/git/dist/askpass-main.js'), ('PS1', '\\[\x1b]633;A\x07\\][COMP3631] Singularity> \\w $ \\[\x1b]633;B\x07\\]'), ('VSCODE_GIT_ASKPASS_NODE', '/usr/share/code/code'), ('MPI_PYTHON3_SITEARCH', '/usr/lib64/python3.9/site-packages/openmpi'), ('LMOD_FAMILY_COMPILER_VERSION', '14.2.0'), ('_LMFILES_', '/uollinapps/v2/current/soc/spack/el9/Core/gcc/14.2.0.lua:/usr/share/modulefiles/mpi/openmpi-x86_64'), ('DBUS_SESSION_BUS_ADDRESS', 'unix:abstract=/tmp/dbus-8qGMb8aiOx,guid=2ad71e69851b37c21bae78fe69eca169'), ('COLORTERM', 'truecolor'), ('APPTAINER_ENVIRONMENT', '/.singularity.d/env/91-environment.sh'), ('__LMOD_REF_COUNT_PATH', '/usr/lib64/openmpi/bin:1;/usr/lib64/qt6/bin:2;/uollinapps/v2/24-25/soc/packages/linux-rhel9-x86_64_v3/gcc-11.4.0/gcc-14.2.0-svuh5yskfnrwh537tvxvt642acswwlju/bin:1;/uolstore/home/users/sc23oy/.local/bin:1;/uolstore/home/users/sc23oy/bin:1;/usr/local/bin:1;/usr/local/sbin:1;/usr/bin:1;/usr/sbin:1;/opt/puppetlabs/bin:1'), ('LMOD_sys', 'Linux'), ('F77', '/uollinapps/v2/24-25/soc/packages/linux-rhel9-x86_64_v3/gcc-11.4.0/gcc-14.2.0-svuh5yskfnrwh537tvxvt642acswwlju/bin/gfortran'), ('which_declare', 'declare -f'), ('COLCON_PREFIX_PATH', '/uolstore/home/users/sc23oy/ros2_ws/install'), ('ROS_DISTRO', 'humble'), ('SINGULARITY_ENVIRONMENT', '/.singularity.d/env/91-environment.sh'), ('LOGNAME', 'sc23oy'), ('MPI_COMPILER', 'openmpi-x86_64'), ('LMOD_VERSION', '8.7.65'), ('_', '/usr/bin/colcon'), ('ROS_VERSION', '2'), ('MPI_LIB', '/usr/lib64/openmpi/lib'), ('PKG_CONFIG_PATH', '/usr/lib64/openmpi/lib/pkgconfig'), ('XDG_SESSION_CLASS', 'user'), ('USERNAME', 'sc23oy'), ('TERM', 'xterm-256color'), ('GAZEBO_MODEL_PATH', '/usr/share/gazebo-11/models:'), ('MPI_BIN', '/usr/lib64/openmpi/bin'), ('ROS_LOCALHOST_ONLY', '1'), ('HISTCONTROL', 'ignoredups'), ('OGRE_RESOURCE_PATH', '/usr/lib/x86_64-linux-gnu/OGRE-1.9.0'), ('PATH', '/opt/ros/humble/bin:/usr/lib64/qt6/bin:/uolstore/home/users/sc23oy/.local/bin:/uolstore/home/users/sc23oy/bin:/usr/local/sbin:/usr/local/bin:/usr/sbin:/usr/bin:/sbin:/bin'), ('MPI_HOME', '/usr/lib64/openmpi'), ('GDM_LANG', 'en_GB.UTF-8'), ('APPTAINER_COMMAND', 'shell'), ('LMOD_SETTARG_FULL_SUPPORT', 'no'), ('__LMOD_REF_COUNT_LD_LIBRARY_PATH', '/usr/lib64/openmpi/lib:1'), ('XDG_MENU_PREFIX', 'gnome-'), ('GNOME_TERMINAL_SCREEN', '/org/gnome/Terminal/screen/3e198ced_e144_4c1b_ba88_d3f0aa723bad'), ('XDG_RUNTIME_DIR', '/run/user/604234'), ('MPI_MAN', '/usr/share/man/openmpi-x86_64'), ('GDK_BACKEND', 'x11'), ('DISPLAY', ':1'), ('HISTSIZE', '1000'), ('APPTAINER_APPNAME', ''), ('LANG', 'en_US.UTF-8'), ('XDG_CURRENT_DESKTOP', 'GNOME'), ('LMOD_ROOT', '/usr/share/lmod'), ('XMODIFIERS', '@im=ibus'), ('XDG_SESSION_DESKTOP', 'gnome'), ('XAUTHORITY', '/run/gdm/auth-for-sc23oy-AYJ5N3/database'), ('LS_COLORS', 'rs=0:di=01;34:ln=01;36:mh=00:pi=40;33:so=01;35:do=01;35:bd=40;33;01:cd=40;33;01:or=40;31;01:mi=01;37;41:su=37;41:sg=30;43:ca=30;41:tw=30;42:ow=34;42:st=37;44:ex=01;32:*.tar=01;31:*.tgz=01;31:*.arc=01;31:*.arj=01;31:*.taz=01;31:*.lha=01;31:*.lz4=01;31:*.lzh=01;31:*.lzma=01;31:*.tlz=01;31:*.txz=01;31:*.tzo=01;31:*.t7z=01;31:*.zip=01;31:*.z=01;31:*.dz=01;31:*.gz=01;31:*.lrz=01;31:*.lz=01;31:*.lzo=01;31:*.xz=01;31:*.zst=01;31:*.tzst=01;31:*.bz2=01;31:*.bz=01;31:*.tbz=01;31:*.tbz2=01;31:*.tz=01;31:*.deb=01;31:*.rpm=01;31:*.jar=01;31:*.war=01;31:*.ear=01;31:*.sar=01;31:*.rar=01;31:*.alz=01;31:*.ace=01;31:*.zoo=01;31:*.cpio=01;31:*.7z=01;31:*.rz=01;31:*.cab=01;31:*.wim=01;31:*.swm=01;31:*.dwm=01;31:*.esd=01;31:*.jpg=01;35:*.jpeg=01;35:*.mjpg=01;35:*.mjpeg=01;35:*.gif=01;35:*.bmp=01;35:*.pbm=01;35:*.pgm=01;35:*.ppm=01;35:*.tga=01;35:*.xbm=01;35:*.xpm=01;35:*.tif=01;35:*.tiff=01;35:*.png=01;35:*.svg=01;35:*.svgz=01;35:*.mng=01;35:*.pcx=01;35:*.mov=01;35:*.mpg=01;35:*.mpeg=01;35:*.m2v=01;35:*.mkv=01;35:*.webm=01;35:*.webp=01;35:*.ogm=01;35:*.mp4=01;35:*.m4v=01;35:*.mp4v=01;35:*.vob=01;35:*.qt=01;35:*.nuv=01;35:*.wmv=01;35:*.asf=01;35:*.rm=01;35:*.rmvb=01;35:*.flc=01;35:*.avi=01;35:*.fli=01;35:*.flv=01;35:*.gl=01;35:*.dl=01;35:*.xcf=01;35:*.xwd=01;35:*.yuv=01;35:*.cgm=01;35:*.emf=01;35:*.ogv=01;35:*.ogx=01;35:*.aac=01;36:*.au=01;36:*.flac=01;36:*.m4a=01;36:*.mid=01;36:*.midi=01;36:*.mka=01;36:*.mp3=01;36:*.mpc=01;36:*.ogg=01;36:*.ra=01;36:*.wav=01;36:*.oga=01;36:*.opus=01;36:*.spx=01;36:*.xspf=01;36:'), ('VSCODE_GIT_IPC_HANDLE', '/run/user/604234/vscode-git-8fb86e4b5d.sock'), ('GNOME_TERMINAL_SERVICE', ':1.59'), ('TERM_PROGRAM', 'vscode'), ('ROS_DOMAIN_ID', '30'), ('AMENT_PREFIX_PATH', '/opt/ros/humble'), ('ORIGINAL_XDG_CURRENT_DESKTOP', 'GNOME'), ('SHELL', '/bin/bash'), ('KRB5CCNAME', 'KEYRING:persistent:604234'), ('MPI_SYSCONFIG', '/etc/openmpi-x86_64'), ('MODULEPATH_ROOT', '/usr/share/modulefiles'), ('NO_AT_BRIDGE', '1'), ('CXX', '/usr/bin/g++'), ('GDMSESSION', 'gnome'), ('APPTAINER_CONTAINER', '/vol/scratch/SoC/COMP3631/comp3631.simg'), ('APPTAINER_BIND', '/run/user/604234,/etc/localtime'), ('LMOD_FAMILY_COMPILER', 'gcc'), ('LMOD_CMD', '/usr/share/lmod/lmod/libexec/lmod'), ('_ModuleTable_Sz_', '4'), ('GAZEBO_RESOURCE_PATH', '/usr/share/gazebo-11:'), ('GAZEBO_MODEL_DATABASE_URI', 'http://models.gazebosim.org'), ('SINGULARITY_CONTAINER', '/vol/scratch/SoC/COMP3631/comp3631.simg'), ('VSCODE_GIT_ASKPASS_EXTRA_ARGS', ''), ('BASH_ENV', '/usr/share/lmod/lmod/init/bash'), ('QT_IM_MODULE', 'ibus'), ('SINGULARITY_BIND', '/run/user/604234,/etc/localtime'), ('_ModuleTable001_', 'X01vZHVsZVRhYmxlXyA9IHsKTVR2ZXJzaW9uID0gMywKY19yZWJ1aWxkVGltZSA9IGZhbHNlLApjX3Nob3J0VGltZSA9IGZhbHNlLApkZXB0aFQgPSB7fSwKZmFtaWx5ID0gewpjb21waWxlciA9ICJnY2MiLAp9LAptVCA9IHsKZ2NjID0gewphY3Rpb25BID0gewpbW3ByZXBlbmRfcGF0aCgiTU9EVUxFUEFUSCIsIi91b2xsaW5hcHBzL3YyLzI0LTI1L3NvYy9zcGFjay9lbDkvZ2NjLzE0LjIuMCIpXV0sCn0sCmZuID0gIi91b2xsaW5hcHBzL3YyL2N1cnJlbnQvc29jL3NwYWNrL2VsOS9Db3JlL2djYy8xNC4yLjAubHVhIiwKZnVsbE5hbWUgPSAiZ2NjLzE0LjIuMCIsCmxvYWRPcmRlciA9IDEsCnByb3BUID0ge30sCnN0YWNrRGVwdGggPSAwLApzdGF0dXMgPSAiYWN0aXZlIiwK'), ('DEBUGINFOD_IMA_CERT_PATH', '/etc/keys/ima:'), ('_ModuleTable002_', 'dXNlck5hbWUgPSAiZ2NjIiwKd1YgPSAiMDAwMDAwMDE0LjAwMDAwMDAwMi4qemZpbmFsIiwKfSwKbXBpID0gewpmbiA9ICIvdXNyL3NoYXJlL21vZHVsZWZpbGVzL21waS9vcGVubXBpLXg4Nl82NCIsCmZ1bGxOYW1lID0gIm1waS9vcGVubXBpLXg4Nl82NCIsCmxvYWRPcmRlciA9IDIsCnByb3BUID0ge30sCnN0YWNrRGVwdGggPSAwLApzdGF0dXMgPSAiYWN0aXZlIiwKdXNlck5hbWUgPSAibXBpIiwKd1YgPSAiKm9wZW5tcGkuKnguMDAwMDAwMDg2LipfLjAwMDAwMDA2NC4qemZpbmFsIiwKfSwKfSwKbXBhdGhBID0gewoiL3VvbGxpbmFwcHMvdjIvMjQtMjUvc29jL3NwYWNrL2VsOS9nY2MvMTQuMi4wIiwgIi9ldGMvc2NsL21vZHVsZWZpbGVzIgosICIvdXNyL3NoYXJlL21v'), ('PWD', '/uolstore/home/users/sc23oy/ros2_ws/build/turtlebot3_gazebo'), ('LOADEDMODULES', 'gcc/14.2.0:mpi/openmpi-x86_64'), ('TURTLEBOT3_MODEL', 'burger'), ('APPTAINER_NAME', 'comp3631.simg'), ('GAZEBO_PLUGIN_PATH', '/usr/lib/x86_64-linux-gnu/gazebo-11/plugins:'), ('_ModuleTable003_', 'ZHVsZWZpbGVzIiwgIi91b2xsaW5hcHBzL3YyL2N1cnJlbnQvdW9sL3NwYWNrL2VsOS9Db3JlIgosICIvdW9sbGluYXBwcy92Mi9jdXJyZW50L3VvbC9vdGhlci9lbDkiCiwgIi91b2xsaW5hcHBzL3YyL2N1cnJlbnQvc29jL3NwYWNrL2VsOS9Db3JlIgosICIvdW9sbGluYXBwcy92Mi9jdXJyZW50L3NvYy9vdGhlciIsICIvdXNyL3NoYXJlL21vZHVsZWZpbGVzL0xpbnV4IgosICIvdXNyL3NoYXJlL21vZHVsZWZpbGVzL0NvcmUiLCAiL3Vzci9zaGFyZS9sbW9kL2xtb2QvbW9kdWxlZmlsZXMvQ29yZSIsCn0sCnN5c3RlbUJhc2VNUEFUSCA9ICIvZXRjL3NjbC9tb2R1bGVmaWxlczovdXNyL3NoYXJlL21vZHVsZWZpbGVzOi91b2xsaW5hcHBzL3YyL2N1cnJlbnQvdW9sL3NwYWNr'), ('XDG_DATA_DIRS', '/uolstore/home/users/sc23oy/.local/share/flatpak/exports/share:/var/lib/flatpak/exports/share:/usr/local/share:/usr/share'), ('PYTHONPATH', '/opt/ros/humble/lib/python3.10/site-packages:/opt/ros/humble/local/lib/python3.10/dist-packages'), ('_ModuleTable004_', 'L2VsOS9Db3JlOi91b2xsaW5hcHBzL3YyL2N1cnJlbnQvdW9sL290aGVyL2VsOTovdW9sbGluYXBwcy92Mi9jdXJyZW50L3NvYy9zcGFjay9lbDkvQ29yZTovdW9sbGluYXBwcy92Mi9jdXJyZW50L3NvYy9vdGhlcjovdXNyL3NoYXJlL21vZHVsZWZpbGVzL0xpbnV4Oi91c3Ivc2hhcmUvbW9kdWxlZmlsZXMvQ29yZTovdXNyL3NoYXJlL2xtb2QvbG1vZC9tb2R1bGVmaWxlcy9Db3JlIiwKfQo='), ('SINGULARITY_NAME', 'comp3631.simg'), ('CC', '/usr/bin/gcc'), ('COLCON', '1'), ('__LMOD_REF_COUNT_MODULEPATH', '/uollinapps/v2/24-25/soc/spack/el9/gcc/14.2.0:1;/etc/scl/modulefiles:2;/usr/share/modulefiles:1;/uollinapps/v2/current/uol/spack/el9/Core:1;/uollinapps/v2/current/uol/other/el9:1;/uollinapps/v2/current/soc/spack/el9/Core:1;/uollinapps/v2/current/soc/other:1;/usr/share/modulefiles/Linux:1;/usr/share/modulefiles/Core:1;/usr/share/lmod/lmod/modulefiles/Core:1'), ('MANPATH', ':/usr/share/man/openmpi-x86_64:/uollinapps/v2/24-25/soc/packages/linux-rhel9-x86_64_v3/gcc-11.4.0/gcc-14.2.0-svuh5yskfnrwh537tvxvt642acswwlju/share/man:/usr/share/lmod/lmod/share/man:/opt/puppetlabs/puppet/share/man'), ('VTE_VERSION', '6402'), ('MPI_SUFFIX', '_openmpi'), ('__LMOD_REF_COUNT_MANPATH', ':3;/usr/share/man/openmpi-x86_64:1;/uollinapps/v2/24-25/soc/packages/linux-rhel9-x86_64_v3/gcc-11.4.0/gcc-14.2.0-svuh5yskfnrwh537tvxvt642acswwlju/share/man:1;/usr/share/lmod/lmod/share/man:1;/opt/puppetlabs/puppet/share/man:1'), ('MODULEPATH', '/uollinapps/v2/24-25/soc/spack/el9/gcc/14.2.0:/etc/scl/modulefiles:/usr/share/modulefiles:/uollinapps/v2/current/uol/spack/el9/Core:/uollinapps/v2/current/uol/other/el9:/uollinapps/v2/current/soc/spack/el9/Core:/uollinapps/v2/current/soc/other:/usr/share/modulefiles/Linux:/usr/share/modulefiles/Core:/usr/share/lmod/lmod/modulefiles/Core'), ('MODULESHOME', '/usr/share/Modules'), ('CMAKE_PREFIX_PATH', '/uollinapps/v2/24-25/soc/packages/linux-rhel9-x86_64_v3/gcc-11.4.0/gcc-14.2.0-svuh5yskfnrwh537tvxvt642acswwlju:/opt/ros/humble')]), 'shell': False}
[23.081206] (turtlebot3_gazebo) StdoutLine: {'line': b'-- Install configuration: ""\n'}
[23.084085] (turtlebot3_gazebo) StdoutLine: {'line': b'-- Installing: /uolstore/home/users/sc23oy/ros2_ws/install/turtlebot3_gazebo/lib/turtlebot3_gazebo/turtlebot3_drive\n'}
[23.162311] (-) TimerEvent: {}
[23.177798] (turtlebot3_gazebo) StdoutLine: {'line': b'-- Set runtime path of "/uolstore/home/users/sc23oy/ros2_ws/install/turtlebot3_gazebo/lib/turtlebot3_gazebo/turtlebot3_drive" to ""\n'}
[23.178405] (turtlebot3_gazebo) StdoutLine: {'line': b'-- Installing: /uolstore/home/users/sc23oy/ros2_ws/install/turtlebot3_gazebo/share/turtlebot3_gazebo//launch\n'}
[23.182292] (turtlebot3_gazebo) StdoutLine: {'line': b'-- Installing: /uolstore/home/users/sc23oy/ros2_ws/install/turtlebot3_gazebo/share/turtlebot3_gazebo//launch/empty_world.launch.py\n'}
[23.188788] (turtlebot3_gazebo) StdoutLine: {'line': b'-- Installing: /uolstore/home/users/sc23oy/ros2_ws/install/turtlebot3_gazebo/share/turtlebot3_gazebo//launch/robot_state_publisher.launch.py\n'}
[23.194950] (turtlebot3_gazebo) StdoutLine: {'line': b'-- Installing: /uolstore/home/users/sc23oy/ros2_ws/install/turtlebot3_gazebo/share/turtlebot3_gazebo//launch/spawn_turtlebot3.launch.py\n'}
[23.200831] (turtlebot3_gazebo) StdoutLine: {'line': b'-- Installing: /uolstore/home/users/sc23oy/ros2_ws/install/turtlebot3_gazebo/share/turtlebot3_gazebo//launch/turtlebot3_dqn_stage1.launch.py\n'}
[23.207028] (turtlebot3_gazebo) StdoutLine: {'line': b'-- Installing: /uolstore/home/users/sc23oy/ros2_ws/install/turtlebot3_gazebo/share/turtlebot3_gazebo//launch/turtlebot3_dqn_stage2.launch.py\n'}
[23.213131] (turtlebot3_gazebo) StdoutLine: {'line': b'-- Installing: /uolstore/home/users/sc23oy/ros2_ws/install/turtlebot3_gazebo/share/turtlebot3_gazebo//launch/turtlebot3_dqn_stage3.launch.py\n'}
[23.219225] (turtlebot3_gazebo) StdoutLine: {'line': b'-- Installing: /uolstore/home/users/sc23oy/ros2_ws/install/turtlebot3_gazebo/share/turtlebot3_gazebo//launch/turtlebot3_dqn_stage4.launch.py\n'}
[23.225500] (turtlebot3_gazebo) StdoutLine: {'line': b'-- Installing: /uolstore/home/users/sc23oy/ros2_ws/install/turtlebot3_gazebo/share/turtlebot3_gazebo//launch/turtlebot3_house.launch.py\n'}
[23.231618] (turtlebot3_gazebo) StdoutLine: {'line': b'-- Installing: /uolstore/home/users/sc23oy/ros2_ws/install/turtlebot3_gazebo/share/turtlebot3_gazebo//launch/turtlebot3_panorama.launch.py\n'}
[23.237527] (turtlebot3_gazebo) StdoutLine: {'line': b'-- Installing: /uolstore/home/users/sc23oy/ros2_ws/install/turtlebot3_gazebo/share/turtlebot3_gazebo//launch/turtlebot3_rgb_world.launch.py\n'}
[23.243838] (turtlebot3_gazebo) StdoutLine: {'line': b'-- Installing: /uolstore/home/users/sc23oy/ros2_ws/install/turtlebot3_gazebo/share/turtlebot3_gazebo//launch/turtlebot3_space.launch.py\n'}
[23.249732] (turtlebot3_gazebo) StdoutLine: {'line': b'-- Installing: /uolstore/home/users/sc23oy/ros2_ws/install/turtlebot3_gazebo/share/turtlebot3_gazebo//launch/turtlebot3_world.launch.py\n'}
[23.255926] (turtlebot3_gazebo) StdoutLine: {'line': b'-- Installing: /uolstore/home/users/sc23oy/ros2_ws/install/turtlebot3_gazebo/share/turtlebot3_gazebo//launch/turtlebot3_task_world_2026.launch.py\n'}
[23.262095] (turtlebot3_gazebo) StdoutLine: {'line': b'-- Installing: /uolstore/home/users/sc23oy/ros2_ws/install/turtlebot3_gazebo/share/turtlebot3_gazebo//models\n'}
[23.262382] (-) TimerEvent: {}
[23.265284] (turtlebot3_gazebo) StdoutLine: {'line': b'-- Installing: /uolstore/home/users/sc23oy/ros2_ws/install/turtlebot3_gazebo/share/turtlebot3_gazebo//models/brick_box_3x1x3\n'}
[23.268727] (turtlebot3_gazebo) StdoutLine: {'line': b'-- Installing: /uolstore/home/users/sc23oy/ros2_ws/install/turtlebot3_gazebo/share/turtlebot3_gazebo//models/brick_box_3x1x3/materials\n'}
[23.272113] (turtlebot3_gazebo) StdoutLine: {'line': b'-- Installing: /uolstore/home/users/sc23oy/ros2_ws/install/turtlebot3_gazebo/share/turtlebot3_gazebo//models/brick_box_3x1x3/materials/scripts\n'}
[23.275703] (turtlebot3_gazebo) StdoutLine: {'line': b'-- Installing: /uolstore/home/users/sc23oy/ros2_ws/install/turtlebot3_gazebo/share/turtlebot3_gazebo//models/brick_box_3x1x3/materials/scripts/brick_box.material\n'}
[23.282093] (turtlebot3_gazebo) StdoutLine: {'line': b'-- Installing: /uolstore/home/users/sc23oy/ros2_ws/install/turtlebot3_gazebo/share/turtlebot3_gazebo//models/brick_box_3x1x3/materials/textures\n'}
[23.285986] (turtlebot3_gazebo) StdoutLine: {'line': b'-- Installing: /uolstore/home/users/sc23oy/ros2_ws/install/turtlebot3_gazebo/share/turtlebot3_gazebo//models/brick_box_3x1x3/materials/textures/simple_box.png\n'}
[23.292201] (turtlebot3_gazebo) StdoutLine: {'line': b'-- Installing: /uolstore/home/users/sc23oy/ros2_ws/install/turtlebot3_gazebo/share/turtlebot3_gazebo//models/brick_box_3x1x3/meshes\n'}
[23.295892] (turtlebot3_gazebo) StdoutLine: {'line': b'-- Installing: /uolstore/home/users/sc23oy/ros2_ws/install/turtlebot3_gazebo/share/turtlebot3_gazebo//models/brick_box_3x1x3/meshes/simple_box.dae\n'}
[23.301747] (turtlebot3_gazebo) StdoutLine: {'line': b'-- Installing: /uolstore/home/users/sc23oy/ros2_ws/install/turtlebot3_gazebo/share/turtlebot3_gazebo//models/brick_box_3x1x3/model-1_3.sdf\n'}
[23.307942] (turtlebot3_gazebo) StdoutLine: {'line': b'-- Installing: /uolstore/home/users/sc23oy/ros2_ws/install/turtlebot3_gazebo/share/turtlebot3_gazebo//models/brick_box_3x1x3/model-1_4.sdf\n'}
[23.314206] (turtlebot3_gazebo) StdoutLine: {'line': b'-- Installing: /uolstore/home/users/sc23oy/ros2_ws/install/turtlebot3_gazebo/share/turtlebot3_gazebo//models/brick_box_3x1x3/model.config\n'}
[23.320501] (turtlebot3_gazebo) StdoutLine: {'line': b'-- Installing: /uolstore/home/users/sc23oy/ros2_ws/install/turtlebot3_gazebo/share/turtlebot3_gazebo//models/brick_box_3x1x3/model.sdf\n'}
[23.326637] (turtlebot3_gazebo) StdoutLine: {'line': b'-- Installing: /uolstore/home/users/sc23oy/ros2_ws/install/turtlebot3_gazebo/share/turtlebot3_gazebo//models/green_image\n'}
[23.329863] (turtlebot3_gazebo) StdoutLine: {'line': b'-- Installing: /uolstore/home/users/sc23oy/ros2_ws/install/turtlebot3_gazebo/share/turtlebot3_gazebo//models/green_image/materials\n'}
[23.333710] (turtlebot3_gazebo) StdoutLine: {'line': b'-- Installing: /uolstore/home/users/sc23oy/ros2_ws/install/turtlebot3_gazebo/share/turtlebot3_gazebo//models/green_image/materials/scripts\n'}
[23.337707] (turtlebot3_gazebo) StdoutLine: {'line': b'-- Installing: /uolstore/home/users/sc23oy/ros2_ws/install/turtlebot3_gazebo/share/turtlebot3_gazebo//models/green_image/materials/scripts/green_image.material\n'}
[23.344461] (turtlebot3_gazebo) StdoutLine: {'line': b'-- Installing: /uolstore/home/users/sc23oy/ros2_ws/install/turtlebot3_gazebo/share/turtlebot3_gazebo//models/green_image/materials/textures\n'}
[23.348454] (turtlebot3_gazebo) StdoutLine: {'line': b'-- Installing: /uolstore/home/users/sc23oy/ros2_ws/install/turtlebot3_gazebo/share/turtlebot3_gazebo//models/green_image/materials/textures/green_image.jpg\n'}
[23.355260] (turtlebot3_gazebo) StdoutLine: {'line': b'-- Installing: /uolstore/home/users/sc23oy/ros2_ws/install/turtlebot3_gazebo/share/turtlebot3_gazebo//models/green_image/model.config\n'}
[23.361676] (turtlebot3_gazebo) StdoutLine: {'line': b'-- Installing: /uolstore/home/users/sc23oy/ros2_ws/install/turtlebot3_gazebo/share/turtlebot3_gazebo//models/green_image/model.sdf\n'}
[23.362450] (-) TimerEvent: {}
[23.368158] (turtlebot3_gazebo) StdoutLine: {'line': b'-- Installing: /uolstore/home/users/sc23oy/ros2_ws/install/turtlebot3_gazebo/share/turtlebot3_gazebo//models/grey_wall_medium\n'}
[23.371495] (turtlebot3_gazebo) StdoutLine: {'line': b'-- Installing: /uolstore/home/users/sc23oy/ros2_ws/install/turtlebot3_gazebo/share/turtlebot3_gazebo//models/grey_wall_medium/materials\n'}
[23.375325] (turtlebot3_gazebo) StdoutLine: {'line': b'-- Installing: /uolstore/home/users/sc23oy/ros2_ws/install/turtlebot3_gazebo/share/turtlebot3_gazebo//models/grey_wall_medium/materials/scripts\n'}
[23.379375] (turtlebot3_gazebo) StdoutLine: {'line': b'-- Installing: /uolstore/home/users/sc23oy/ros2_ws/install/turtlebot3_gazebo/share/turtlebot3_gazebo//models/grey_wall_medium/materials/scripts/grey_wall.material\n'}
[23.385751] (turtlebot3_gazebo) StdoutLine: {'line': b'-- Installing: /uolstore/home/users/sc23oy/ros2_ws/install/turtlebot3_gazebo/share/turtlebot3_gazebo//models/grey_wall_medium/materials/textures\n'}
[23.389630] (turtlebot3_gazebo) StdoutLine: {'line': b'-- Installing: /uolstore/home/users/sc23oy/ros2_ws/install/turtlebot3_gazebo/share/turtlebot3_gazebo//models/grey_wall_medium/materials/textures/dull_gray.png\n'}
[23.396274] (turtlebot3_gazebo) StdoutLine: {'line': b'-- Installing: /uolstore/home/users/sc23oy/ros2_ws/install/turtlebot3_gazebo/share/turtlebot3_gazebo//models/grey_wall_medium/model-1_3.sdf\n'}
[23.402415] (turtlebot3_gazebo) StdoutLine: {'line': b'-- Installing: /uolstore/home/users/sc23oy/ros2_ws/install/turtlebot3_gazebo/share/turtlebot3_gazebo//models/grey_wall_medium/model-1_4.sdf\n'}
[23.409061] (turtlebot3_gazebo) StdoutLine: {'line': b'-- Installing: /uolstore/home/users/sc23oy/ros2_ws/install/turtlebot3_gazebo/share/turtlebot3_gazebo//models/grey_wall_medium/model.config\n'}
[23.415796] (turtlebot3_gazebo) StdoutLine: {'line': b'-- Installing: /uolstore/home/users/sc23oy/ros2_ws/install/turtlebot3_gazebo/share/turtlebot3_gazebo//models/grey_wall_medium/model.sdf\n'}
[23.422244] (turtlebot3_gazebo) StdoutLine: {'line': b'-- Installing: /uolstore/home/users/sc23oy/ros2_ws/install/turtlebot3_gazebo/share/turtlebot3_gazebo//models/grey_wall_micro\n'}
[23.425838] (turtlebot3_gazebo) StdoutLine: {'line': b'-- Installing: /uolstore/home/users/sc23oy/ros2_ws/install/turtlebot3_gazebo/share/turtlebot3_gazebo//models/grey_wall_micro/materials\n'}
[23.430163] (turtlebot3_gazebo) StdoutLine: {'line': b'-- Installing: /uolstore/home/users/sc23oy/ros2_ws/install/turtlebot3_gazebo/share/turtlebot3_gazebo//models/grey_wall_micro/materials/scripts\n'}
[23.434377] (turtlebot3_gazebo) StdoutLine: {'line': b'-- Installing: /uolstore/home/users/sc23oy/ros2_ws/install/turtlebot3_gazebo/share/turtlebot3_gazebo//models/grey_wall_micro/materials/scripts/grey_wall.material\n'}
[23.441131] (turtlebot3_gazebo) StdoutLine: {'line': b'-- Installing: /uolstore/home/users/sc23oy/ros2_ws/install/turtlebot3_gazebo/share/turtlebot3_gazebo//models/grey_wall_micro/materials/textures\n'}
[23.445952] (turtlebot3_gazebo) StdoutLine: {'line': b'-- Installing: /uolstore/home/users/sc23oy/ros2_ws/install/turtlebot3_gazebo/share/turtlebot3_gazebo//models/grey_wall_micro/materials/textures/dull_gray.png\n'}
[23.452326] (turtlebot3_gazebo) StdoutLine: {'line': b'-- Installing: /uolstore/home/users/sc23oy/ros2_ws/install/turtlebot3_gazebo/share/turtlebot3_gazebo//models/grey_wall_micro/model-1_3.sdf\n'}
[23.458366] (turtlebot3_gazebo) StdoutLine: {'line': b'-- Installing: /uolstore/home/users/sc23oy/ros2_ws/install/turtlebot3_gazebo/share/turtlebot3_gazebo//models/grey_wall_micro/model-1_4.sdf\n'}
[23.462551] (-) TimerEvent: {}
[23.464464] (turtlebot3_gazebo) StdoutLine: {'line': b'-- Installing: /uolstore/home/users/sc23oy/ros2_ws/install/turtlebot3_gazebo/share/turtlebot3_gazebo//models/grey_wall_micro/model.config\n'}
[23.470305] (turtlebot3_gazebo) StdoutLine: {'line': b'-- Installing: /uolstore/home/users/sc23oy/ros2_ws/install/turtlebot3_gazebo/share/turtlebot3_gazebo//models/grey_wall_micro/model.sdf\n'}
[23.476007] (turtlebot3_gazebo) StdoutLine: {'line': b'-- Installing: /uolstore/home/users/sc23oy/ros2_ws/install/turtlebot3_gazebo/share/turtlebot3_gazebo//models/grey_wall_small\n'}
[23.479206] (turtlebot3_gazebo) StdoutLine: {'line': b'-- Installing: /uolstore/home/users/sc23oy/ros2_ws/install/turtlebot3_gazebo/share/turtlebot3_gazebo//models/grey_wall_small/materials\n'}
[23.482590] (turtlebot3_gazebo) StdoutLine: {'line': b'-- Installing: /uolstore/home/users/sc23oy/ros2_ws/install/turtlebot3_gazebo/share/turtlebot3_gazebo//models/grey_wall_small/materials/scripts\n'}
[23.486428] (turtlebot3_gazebo) StdoutLine: {'line': b'-- Installing: /uolstore/home/users/sc23oy/ros2_ws/install/turtlebot3_gazebo/share/turtlebot3_gazebo//models/grey_wall_small/materials/scripts/grey_wall.material\n'}
[23.492609] (turtlebot3_gazebo) StdoutLine: {'line': b'-- Installing: /uolstore/home/users/sc23oy/ros2_ws/install/turtlebot3_gazebo/share/turtlebot3_gazebo//models/grey_wall_small/materials/textures\n'}
[23.496417] (turtlebot3_gazebo) StdoutLine: {'line': b'-- Installing: /uolstore/home/users/sc23oy/ros2_ws/install/turtlebot3_gazebo/share/turtlebot3_gazebo//models/grey_wall_small/materials/textures/dull_gray.png\n'}
[23.502726] (turtlebot3_gazebo) StdoutLine: {'line': b'-- Installing: /uolstore/home/users/sc23oy/ros2_ws/install/turtlebot3_gazebo/share/turtlebot3_gazebo//models/grey_wall_small/model-1_3.sdf\n'}
[23.508933] (turtlebot3_gazebo) StdoutLine: {'line': b'-- Installing: /uolstore/home/users/sc23oy/ros2_ws/install/turtlebot3_gazebo/share/turtlebot3_gazebo//models/grey_wall_small/model-1_4.sdf\n'}
[23.514967] (turtlebot3_gazebo) StdoutLine: {'line': b'-- Installing: /uolstore/home/users/sc23oy/ros2_ws/install/turtlebot3_gazebo/share/turtlebot3_gazebo//models/grey_wall_small/model.config\n'}
[23.521354] (turtlebot3_gazebo) StdoutLine: {'line': b'-- Installing: /uolstore/home/users/sc23oy/ros2_ws/install/turtlebot3_gazebo/share/turtlebot3_gazebo//models/grey_wall_small/model.sdf\n'}
[23.527170] (turtlebot3_gazebo) StdoutLine: {'line': b'-- Installing: /uolstore/home/users/sc23oy/ros2_ws/install/turtlebot3_gazebo/share/turtlebot3_gazebo//models/grey_wall_smaller\n'}
[23.530398] (turtlebot3_gazebo) StdoutLine: {'line': b'-- Installing: /uolstore/home/users/sc23oy/ros2_ws/install/turtlebot3_gazebo/share/turtlebot3_gazebo//models/grey_wall_smaller/materials\n'}
[23.534038] (turtlebot3_gazebo) StdoutLine: {'line': b'-- Installing: /uolstore/home/users/sc23oy/ros2_ws/install/turtlebot3_gazebo/share/turtlebot3_gazebo//models/grey_wall_smaller/materials/scripts\n'}
[23.537865] (turtlebot3_gazebo) StdoutLine: {'line': b'-- Installing: /uolstore/home/users/sc23oy/ros2_ws/install/turtlebot3_gazebo/share/turtlebot3_gazebo//models/grey_wall_smaller/materials/scripts/grey_wall.material\n'}
[23.544222] (turtlebot3_gazebo) StdoutLine: {'line': b'-- Installing: /uolstore/home/users/sc23oy/ros2_ws/install/turtlebot3_gazebo/share/turtlebot3_gazebo//models/grey_wall_smaller/materials/textures\n'}
[23.547941] (turtlebot3_gazebo) StdoutLine: {'line': b'-- Installing: /uolstore/home/users/sc23oy/ros2_ws/install/turtlebot3_gazebo/share/turtlebot3_gazebo//models/grey_wall_smaller/materials/textures/dull_gray.png\n'}
[23.553894] (turtlebot3_gazebo) StdoutLine: {'line': b'-- Installing: /uolstore/home/users/sc23oy/ros2_ws/install/turtlebot3_gazebo/share/turtlebot3_gazebo//models/grey_wall_smaller/model-1_3.sdf\n'}
[23.560057] (turtlebot3_gazebo) StdoutLine: {'line': b'-- Installing: /uolstore/home/users/sc23oy/ros2_ws/install/turtlebot3_gazebo/share/turtlebot3_gazebo//models/grey_wall_smaller/model-1_4.sdf\n'}
[23.562609] (-) TimerEvent: {}
[23.566362] (turtlebot3_gazebo) StdoutLine: {'line': b'-- Installing: /uolstore/home/users/sc23oy/ros2_ws/install/turtlebot3_gazebo/share/turtlebot3_gazebo//models/grey_wall_smaller/model.config\n'}
[23.572036] (turtlebot3_gazebo) StdoutLine: {'line': b'-- Installing: /uolstore/home/users/sc23oy/ros2_ws/install/turtlebot3_gazebo/share/turtlebot3_gazebo//models/grey_wall_smaller/model.sdf\n'}
[23.578045] (turtlebot3_gazebo) StdoutLine: {'line': b'-- Installing: /uolstore/home/users/sc23oy/ros2_ws/install/turtlebot3_gazebo/share/turtlebot3_gazebo//models/grey_wall_tinier\n'}
[23.581119] (turtlebot3_gazebo) StdoutLine: {'line': b'-- Installing: /uolstore/home/users/sc23oy/ros2_ws/install/turtlebot3_gazebo/share/turtlebot3_gazebo//models/grey_wall_tinier/materials\n'}
[23.584793] (turtlebot3_gazebo) StdoutLine: {'line': b'-- Installing: /uolstore/home/users/sc23oy/ros2_ws/install/turtlebot3_gazebo/share/turtlebot3_gazebo//models/grey_wall_tinier/materials/scripts\n'}
[23.588512] (turtlebot3_gazebo) StdoutLine: {'line': b'-- Installing: /uolstore/home/users/sc23oy/ros2_ws/install/turtlebot3_gazebo/share/turtlebot3_gazebo//models/grey_wall_tinier/materials/scripts/grey_wall.material\n'}
[23.594704] (turtlebot3_gazebo) StdoutLine: {'line': b'-- Installing: /uolstore/home/users/sc23oy/ros2_ws/install/turtlebot3_gazebo/share/turtlebot3_gazebo//models/grey_wall_tinier/materials/textures\n'}
[23.598708] (turtlebot3_gazebo) StdoutLine: {'line': b'-- Installing: /uolstore/home/users/sc23oy/ros2_ws/install/turtlebot3_gazebo/share/turtlebot3_gazebo//models/grey_wall_tinier/materials/textures/dull_gray.png\n'}
[23.605336] (turtlebot3_gazebo) StdoutLine: {'line': b'-- Installing: /uolstore/home/users/sc23oy/ros2_ws/install/turtlebot3_gazebo/share/turtlebot3_gazebo//models/grey_wall_tinier/model-1_3.sdf\n'}
[23.611394] (turtlebot3_gazebo) StdoutLine: {'line': b'-- Installing: /uolstore/home/users/sc23oy/ros2_ws/install/turtlebot3_gazebo/share/turtlebot3_gazebo//models/grey_wall_tinier/model-1_4.sdf\n'}
[23.617473] (turtlebot3_gazebo) StdoutLine: {'line': b'-- Installing: /uolstore/home/users/sc23oy/ros2_ws/install/turtlebot3_gazebo/share/turtlebot3_gazebo//models/grey_wall_tinier/model.config\n'}
[23.623458] (turtlebot3_gazebo) StdoutLine: {'line': b'-- Installing: /uolstore/home/users/sc23oy/ros2_ws/install/turtlebot3_gazebo/share/turtlebot3_gazebo//models/grey_wall_tinier/model.sdf\n'}
[23.629554] (turtlebot3_gazebo) StdoutLine: {'line': b'-- Installing: /uolstore/home/users/sc23oy/ros2_ws/install/turtlebot3_gazebo/share/turtlebot3_gazebo//models/grey_wall_tiny\n'}
[23.632740] (turtlebot3_gazebo) StdoutLine: {'line': b'-- Installing: /uolstore/home/users/sc23oy/ros2_ws/install/turtlebot3_gazebo/share/turtlebot3_gazebo//models/grey_wall_tiny/materials\n'}
[23.636657] (turtlebot3_gazebo) StdoutLine: {'line': b'-- Installing: /uolstore/home/users/sc23oy/ros2_ws/install/turtlebot3_gazebo/share/turtlebot3_gazebo//models/grey_wall_tiny/materials/scripts\n'}
[23.640726] (turtlebot3_gazebo) StdoutLine: {'line': b'-- Installing: /uolstore/home/users/sc23oy/ros2_ws/install/turtlebot3_gazebo/share/turtlebot3_gazebo//models/grey_wall_tiny/materials/scripts/grey_wall.material\n'}
[23.647326] (turtlebot3_gazebo) StdoutLine: {'line': b'-- Installing: /uolstore/home/users/sc23oy/ros2_ws/install/turtlebot3_gazebo/share/turtlebot3_gazebo//models/grey_wall_tiny/materials/textures\n'}
[23.651133] (turtlebot3_gazebo) StdoutLine: {'line': b'-- Installing: /uolstore/home/users/sc23oy/ros2_ws/install/turtlebot3_gazebo/share/turtlebot3_gazebo//models/grey_wall_tiny/materials/textures/dull_gray.png\n'}
[23.657658] (turtlebot3_gazebo) StdoutLine: {'line': b'-- Installing: /uolstore/home/users/sc23oy/ros2_ws/install/turtlebot3_gazebo/share/turtlebot3_gazebo//models/grey_wall_tiny/model-1_3.sdf\n'}
[23.662674] (-) TimerEvent: {}
[23.663238] (turtlebot3_gazebo) StdoutLine: {'line': b'-- Installing: /uolstore/home/users/sc23oy/ros2_ws/install/turtlebot3_gazebo/share/turtlebot3_gazebo//models/grey_wall_tiny/model-1_4.sdf\n'}
[23.669139] (turtlebot3_gazebo) StdoutLine: {'line': b'-- Installing: /uolstore/home/users/sc23oy/ros2_ws/install/turtlebot3_gazebo/share/turtlebot3_gazebo//models/grey_wall_tiny/model.config\n'}
[23.674636] (turtlebot3_gazebo) StdoutLine: {'line': b'-- Installing: /uolstore/home/users/sc23oy/ros2_ws/install/turtlebot3_gazebo/share/turtlebot3_gazebo//models/grey_wall_tiny/model.sdf\n'}
[23.680378] (turtlebot3_gazebo) StdoutLine: {'line': b'-- Installing: /uolstore/home/users/sc23oy/ros2_ws/install/turtlebot3_gazebo/share/turtlebot3_gazebo//models/my_grey_wall\n'}
[23.683692] (turtlebot3_gazebo) StdoutLine: {'line': b'-- Installing: /uolstore/home/users/sc23oy/ros2_ws/install/turtlebot3_gazebo/share/turtlebot3_gazebo//models/my_grey_wall/materials\n'}
[23.687736] (turtlebot3_gazebo) StdoutLine: {'line': b'-- Installing: /uolstore/home/users/sc23oy/ros2_ws/install/turtlebot3_gazebo/share/turtlebot3_gazebo//models/my_grey_wall/materials/scripts\n'}
[23.692005] (turtlebot3_gazebo) StdoutLine: {'line': b'-- Installing: /uolstore/home/users/sc23oy/ros2_ws/install/turtlebot3_gazebo/share/turtlebot3_gazebo//models/my_grey_wall/materials/scripts/brick_box.material\n'}
[23.698862] (turtlebot3_gazebo) StdoutLine: {'line': b'-- Installing: /uolstore/home/users/sc23oy/ros2_ws/install/turtlebot3_gazebo/share/turtlebot3_gazebo//models/my_grey_wall/materials/scripts/my_grey_wall.material\n'}
[23.704889] (turtlebot3_gazebo) StdoutLine: {'line': b'-- Installing: /uolstore/home/users/sc23oy/ros2_ws/install/turtlebot3_gazebo/share/turtlebot3_gazebo//models/my_grey_wall/materials/scripts/space_box.material\n'}
[23.711031] (turtlebot3_gazebo) StdoutLine: {'line': b'-- Installing: /uolstore/home/users/sc23oy/ros2_ws/install/turtlebot3_gazebo/share/turtlebot3_gazebo//models/my_grey_wall/materials/textures\n'}
[23.715191] (turtlebot3_gazebo) StdoutLine: {'line': b'-- Installing: /uolstore/home/users/sc23oy/ros2_ws/install/turtlebot3_gazebo/share/turtlebot3_gazebo//models/my_grey_wall/materials/textures/Untitled.jpg\n'}
[23.721741] (turtlebot3_gazebo) StdoutLine: {'line': b'-- Installing: /uolstore/home/users/sc23oy/ros2_ws/install/turtlebot3_gazebo/share/turtlebot3_gazebo//models/my_grey_wall/materials/textures/simple_box.jpg\n'}
[23.727723] (turtlebot3_gazebo) StdoutLine: {'line': b'-- Installing: /uolstore/home/users/sc23oy/ros2_ws/install/turtlebot3_gazebo/share/turtlebot3_gazebo//models/my_grey_wall/materials/textures/simple_box.png\n'}
[23.734286] (turtlebot3_gazebo) StdoutLine: {'line': b'-- Installing: /uolstore/home/users/sc23oy/ros2_ws/install/turtlebot3_gazebo/share/turtlebot3_gazebo//models/my_grey_wall/materials/textures/simple_box.png.old\n'}
[23.762767] (-) TimerEvent: {}
[23.767092] (turtlebot3_gazebo) StdoutLine: {'line': b'-- Installing: /uolstore/home/users/sc23oy/ros2_ws/install/turtlebot3_gazebo/share/turtlebot3_gazebo//models/my_grey_wall/materials/textures/simple_box1.png\n'}
[23.856366] (turtlebot3_gazebo) StdoutLine: {'line': b'-- Installing: /uolstore/home/users/sc23oy/ros2_ws/install/turtlebot3_gazebo/share/turtlebot3_gazebo//models/my_grey_wall/materials/textures/simple_box2.png\n'}
[23.862878] (-) TimerEvent: {}
[23.863170] (turtlebot3_gazebo) StdoutLine: {'line': b'-- Installing: /uolstore/home/users/sc23oy/ros2_ws/install/turtlebot3_gazebo/share/turtlebot3_gazebo//models/my_grey_wall/materials/textures/spacecraftwall.jpeg\n'}
[23.869397] (turtlebot3_gazebo) StdoutLine: {'line': b'-- Installing: /uolstore/home/users/sc23oy/ros2_ws/install/turtlebot3_gazebo/share/turtlebot3_gazebo//models/my_grey_wall/materials/textures/texture.jpg\n'}
[23.899520] (turtlebot3_gazebo) StdoutLine: {'line': b'-- Installing: /uolstore/home/users/sc23oy/ros2_ws/install/turtlebot3_gazebo/share/turtlebot3_gazebo//models/my_grey_wall/meshes\n'}
[23.902789] (turtlebot3_gazebo) StdoutLine: {'line': b'-- Installing: /uolstore/home/users/sc23oy/ros2_ws/install/turtlebot3_gazebo/share/turtlebot3_gazebo//models/my_grey_wall/meshes/simple_box.dae\n'}
[23.909182] (turtlebot3_gazebo) StdoutLine: {'line': b'-- Installing: /uolstore/home/users/sc23oy/ros2_ws/install/turtlebot3_gazebo/share/turtlebot3_gazebo//models/my_grey_wall/model-1_3.sdf\n'}
[23.915274] (turtlebot3_gazebo) StdoutLine: {'line': b'-- Installing: /uolstore/home/users/sc23oy/ros2_ws/install/turtlebot3_gazebo/share/turtlebot3_gazebo//models/my_grey_wall/model-1_4.sdf\n'}
[23.921252] (turtlebot3_gazebo) StdoutLine: {'line': b'-- Installing: /uolstore/home/users/sc23oy/ros2_ws/install/turtlebot3_gazebo/share/turtlebot3_gazebo//models/my_grey_wall/model.config\n'}
[23.927429] (turtlebot3_gazebo) StdoutLine: {'line': b'-- Installing: /uolstore/home/users/sc23oy/ros2_ws/install/turtlebot3_gazebo/share/turtlebot3_gazebo//models/my_grey_wall/model.sdf\n'}
[23.933483] (turtlebot3_gazebo) StdoutLine: {'line': b'-- Installing: /uolstore/home/users/sc23oy/ros2_ws/install/turtlebot3_gazebo/share/turtlebot3_gazebo//models/panoframe\n'}
[23.936795] (turtlebot3_gazebo) StdoutLine: {'line': b'-- Installing: /uolstore/home/users/sc23oy/ros2_ws/install/turtlebot3_gazebo/share/turtlebot3_gazebo//models/panoframe/materials\n'}
[23.940501] (turtlebot3_gazebo) StdoutLine: {'line': b'-- Installing: /uolstore/home/users/sc23oy/ros2_ws/install/turtlebot3_gazebo/share/turtlebot3_gazebo//models/panoframe/materials/scripts\n'}
[23.944614] (turtlebot3_gazebo) StdoutLine: {'line': b'-- Installing: /uolstore/home/users/sc23oy/ros2_ws/install/turtlebot3_gazebo/share/turtlebot3_gazebo//models/panoframe/materials/scripts/repeated.material\n'}
[23.950787] (turtlebot3_gazebo) StdoutLine: {'line': b'-- Installing: /uolstore/home/users/sc23oy/ros2_ws/install/turtlebot3_gazebo/share/turtlebot3_gazebo//models/panoframe/materials/textures\n'}
[23.954458] (turtlebot3_gazebo) StdoutLine: {'line': b'-- Installing: /uolstore/home/users/sc23oy/ros2_ws/install/turtlebot3_gazebo/share/turtlebot3_gazebo//models/panoframe/materials/textures/scene.jpg\n'}
[23.962943] (-) TimerEvent: {}
[23.963272] (turtlebot3_gazebo) StdoutLine: {'line': b'-- Installing: /uolstore/home/users/sc23oy/ros2_ws/install/turtlebot3_gazebo/share/turtlebot3_gazebo//models/panoframe/model.config\n'}
[23.968749] (turtlebot3_gazebo) StdoutLine: {'line': b'-- Installing: /uolstore/home/users/sc23oy/ros2_ws/install/turtlebot3_gazebo/share/turtlebot3_gazebo//models/panoframe/model.sdf\n'}
[23.974525] (turtlebot3_gazebo) StdoutLine: {'line': b'-- Installing: /uolstore/home/users/sc23oy/ros2_ws/install/turtlebot3_gazebo/share/turtlebot3_gazebo//models/panorama\n'}
[23.977636] (turtlebot3_gazebo) StdoutLine: {'line': b'-- Installing: /uolstore/home/users/sc23oy/ros2_ws/install/turtlebot3_gazebo/share/turtlebot3_gazebo//models/panorama/materials\n'}
[23.981390] (turtlebot3_gazebo) StdoutLine: {'line': b'-- Installing: /uolstore/home/users/sc23oy/ros2_ws/install/turtlebot3_gazebo/share/turtlebot3_gazebo//models/panorama/materials/scripts\n'}
[23.985019] (turtlebot3_gazebo) StdoutLine: {'line': b'-- Installing: /uolstore/home/users/sc23oy/ros2_ws/install/turtlebot3_gazebo/share/turtlebot3_gazebo//models/panorama/materials/scripts/repeated.material\n'}
[23.990680] (turtlebot3_gazebo) StdoutLine: {'line': b'-- Installing: /uolstore/home/users/sc23oy/ros2_ws/install/turtlebot3_gazebo/share/turtlebot3_gazebo//models/panorama/materials/textures\n'}
[23.994147] (turtlebot3_gazebo) StdoutLine: {'line': b'-- Installing: /uolstore/home/users/sc23oy/ros2_ws/install/turtlebot3_gazebo/share/turtlebot3_gazebo//models/panorama/materials/textures/2.jpg\n'}
[24.002152] (turtlebot3_gazebo) StdoutLine: {'line': b'-- Installing: /uolstore/home/users/sc23oy/ros2_ws/install/turtlebot3_gazebo/share/turtlebot3_gazebo//models/panorama/materials/textures/scene.jpg\n'}
[24.010991] (turtlebot3_gazebo) StdoutLine: {'line': b'-- Installing: /uolstore/home/users/sc23oy/ros2_ws/install/turtlebot3_gazebo/share/turtlebot3_gazebo//models/panorama/materials/textures/scene_old.jpg\n'}
[24.017344] (turtlebot3_gazebo) StdoutLine: {'line': b'-- Installing: /uolstore/home/users/sc23oy/ros2_ws/install/turtlebot3_gazebo/share/turtlebot3_gazebo//models/panorama/model.config\n'}
[24.023173] (turtlebot3_gazebo) StdoutLine: {'line': b'-- Installing: /uolstore/home/users/sc23oy/ros2_ws/install/turtlebot3_gazebo/share/turtlebot3_gazebo//models/panorama/model.sdf\n'}
[24.029170] (turtlebot3_gazebo) StdoutLine: {'line': b'-- Installing: /uolstore/home/users/sc23oy/ros2_ws/install/turtlebot3_gazebo/share/turtlebot3_gazebo//models/poster\n'}
[24.032522] (turtlebot3_gazebo) StdoutLine: {'line': b'-- Installing: /uolstore/home/users/sc23oy/ros2_ws/install/turtlebot3_gazebo/share/turtlebot3_gazebo//models/poster/materials\n'}
[24.036392] (turtlebot3_gazebo) StdoutLine: {'line': b'-- Installing: /uolstore/home/users/sc23oy/ros2_ws/install/turtlebot3_gazebo/share/turtlebot3_gazebo//models/poster/materials/scripts\n'}
[24.040544] (turtlebot3_gazebo) StdoutLine: {'line': b'-- Installing: /uolstore/home/users/sc23oy/ros2_ws/install/turtlebot3_gazebo/share/turtlebot3_gazebo//models/poster/materials/scripts/repeated.material\n'}
[24.046893] (turtlebot3_gazebo) StdoutLine: {'line': b'-- Installing: /uolstore/home/users/sc23oy/ros2_ws/install/turtlebot3_gazebo/share/turtlebot3_gazebo//models/poster/materials/textures\n'}
[24.050707] (turtlebot3_gazebo) StdoutLine: {'line': b'-- Installing: /uolstore/home/users/sc23oy/ros2_ws/install/turtlebot3_gazebo/share/turtlebot3_gazebo//models/poster/materials/textures/poster.png\n'}
[24.059648] (turtlebot3_gazebo) StdoutLine: {'line': b'-- Installing: /uolstore/home/users/sc23oy/ros2_ws/install/turtlebot3_gazebo/share/turtlebot3_gazebo//models/poster/model.config\n'}
[24.063005] (-) TimerEvent: {}
[24.065600] (turtlebot3_gazebo) StdoutLine: {'line': b'-- Installing: /uolstore/home/users/sc23oy/ros2_ws/install/turtlebot3_gazebo/share/turtlebot3_gazebo//models/poster/model.sdf\n'}
[24.071304] (turtlebot3_gazebo) StdoutLine: {'line': b'-- Installing: /uolstore/home/users/sc23oy/ros2_ws/install/turtlebot3_gazebo/share/turtlebot3_gazebo//models/red_image\n'}
[24.074370] (turtlebot3_gazebo) StdoutLine: {'line': b'-- Installing: /uolstore/home/users/sc23oy/ros2_ws/install/turtlebot3_gazebo/share/turtlebot3_gazebo//models/red_image/materials\n'}
[24.077823] (turtlebot3_gazebo) StdoutLine: {'line': b'-- Installing: /uolstore/home/users/sc23oy/ros2_ws/install/turtlebot3_gazebo/share/turtlebot3_gazebo//models/red_image/materials/scripts\n'}
[24.081566] (turtlebot3_gazebo) StdoutLine: {'line': b'-- Installing: /uolstore/home/users/sc23oy/ros2_ws/install/turtlebot3_gazebo/share/turtlebot3_gazebo//models/red_image/materials/scripts/red_image.material\n'}
[24.087636] (turtlebot3_gazebo) StdoutLine: {'line': b'-- Installing: /uolstore/home/users/sc23oy/ros2_ws/install/turtlebot3_gazebo/share/turtlebot3_gazebo//models/red_image/materials/textures\n'}
[24.091496] (turtlebot3_gazebo) StdoutLine: {'line': b'-- Installing: /uolstore/home/users/sc23oy/ros2_ws/install/turtlebot3_gazebo/share/turtlebot3_gazebo//models/red_image/materials/textures/red_image.jpg\n'}
[24.098095] (turtlebot3_gazebo) StdoutLine: {'line': b'-- Installing: /uolstore/home/users/sc23oy/ros2_ws/install/turtlebot3_gazebo/share/turtlebot3_gazebo//models/red_image/model.config\n'}
[24.103456] (turtlebot3_gazebo) StdoutLine: {'line': b'-- Installing: /uolstore/home/users/sc23oy/ros2_ws/install/turtlebot3_gazebo/share/turtlebot3_gazebo//models/red_image/model.sdf\n'}
[24.109249] (turtlebot3_gazebo) StdoutLine: {'line': b'-- Installing: /uolstore/home/users/sc23oy/ros2_ws/install/turtlebot3_gazebo/share/turtlebot3_gazebo//models/red_image/red_image\n'}
[24.112820] (turtlebot3_gazebo) StdoutLine: {'line': b'-- Installing: /uolstore/home/users/sc23oy/ros2_ws/install/turtlebot3_gazebo/share/turtlebot3_gazebo//models/red_image/red_image/materials\n'}
[24.116842] (turtlebot3_gazebo) StdoutLine: {'line': b'-- Installing: /uolstore/home/users/sc23oy/ros2_ws/install/turtlebot3_gazebo/share/turtlebot3_gazebo//models/red_image/red_image/materials/scripts\n'}
[24.121155] (turtlebot3_gazebo) StdoutLine: {'line': b'-- Installing: /uolstore/home/users/sc23oy/ros2_ws/install/turtlebot3_gazebo/share/turtlebot3_gazebo//models/red_image/red_image/materials/scripts/red_image.material\n'}
[24.127420] (turtlebot3_gazebo) StdoutLine: {'line': b'-- Installing: /uolstore/home/users/sc23oy/ros2_ws/install/turtlebot3_gazebo/share/turtlebot3_gazebo//models/red_image/red_image/materials/textures\n'}
[24.132115] (turtlebot3_gazebo) StdoutLine: {'line': b'-- Installing: /uolstore/home/users/sc23oy/ros2_ws/install/turtlebot3_gazebo/share/turtlebot3_gazebo//models/red_image/red_image/materials/textures/red_image.jpg\n'}
[24.139158] (turtlebot3_gazebo) StdoutLine: {'line': b'-- Installing: /uolstore/home/users/sc23oy/ros2_ws/install/turtlebot3_gazebo/share/turtlebot3_gazebo//models/red_image/red_image/model.config\n'}
[24.145157] (turtlebot3_gazebo) StdoutLine: {'line': b'-- Installing: /uolstore/home/users/sc23oy/ros2_ws/install/turtlebot3_gazebo/share/turtlebot3_gazebo//models/red_image/red_image/model.sdf\n'}
[24.151164] (turtlebot3_gazebo) StdoutLine: {'line': b'-- Installing: /uolstore/home/users/sc23oy/ros2_ws/install/turtlebot3_gazebo/share/turtlebot3_gazebo//models/space_box_3x1x3\n'}
[24.154361] (turtlebot3_gazebo) StdoutLine: {'line': b'-- Installing: /uolstore/home/users/sc23oy/ros2_ws/install/turtlebot3_gazebo/share/turtlebot3_gazebo//models/space_box_3x1x3/materials\n'}
[24.158445] (turtlebot3_gazebo) StdoutLine: {'line': b'-- Installing: /uolstore/home/users/sc23oy/ros2_ws/install/turtlebot3_gazebo/share/turtlebot3_gazebo//models/space_box_3x1x3/materials/scripts\n'}
[24.162384] (turtlebot3_gazebo) StdoutLine: {'line': b'-- Installing: /uolstore/home/users/sc23oy/ros2_ws/install/turtlebot3_gazebo/share/turtlebot3_gazebo//models/space_box_3x1x3/materials/scripts/brick_box.material\n'}
[24.163089] (-) TimerEvent: {}
[24.168702] (turtlebot3_gazebo) StdoutLine: {'line': b'-- Installing: /uolstore/home/users/sc23oy/ros2_ws/install/turtlebot3_gazebo/share/turtlebot3_gazebo//models/space_box_3x1x3/materials/scripts/space_box.material\n'}
[24.174352] (turtlebot3_gazebo) StdoutLine: {'line': b'-- Installing: /uolstore/home/users/sc23oy/ros2_ws/install/turtlebot3_gazebo/share/turtlebot3_gazebo//models/space_box_3x1x3/materials/textures\n'}
[24.178015] (turtlebot3_gazebo) StdoutLine: {'line': b'-- Installing: /uolstore/home/users/sc23oy/ros2_ws/install/turtlebot3_gazebo/share/turtlebot3_gazebo//models/space_box_3x1x3/materials/textures/Untitled.jpg\n'}
[24.184212] (turtlebot3_gazebo) StdoutLine: {'line': b'-- Installing: /uolstore/home/users/sc23oy/ros2_ws/install/turtlebot3_gazebo/share/turtlebot3_gazebo//models/space_box_3x1x3/materials/textures/simple_box.jpg\n'}
[24.190422] (turtlebot3_gazebo) StdoutLine: {'line': b'-- Installing: /uolstore/home/users/sc23oy/ros2_ws/install/turtlebot3_gazebo/share/turtlebot3_gazebo//models/space_box_3x1x3/materials/textures/simple_box.png\n'}
[24.196467] (turtlebot3_gazebo) StdoutLine: {'line': b'-- Installing: /uolstore/home/users/sc23oy/ros2_ws/install/turtlebot3_gazebo/share/turtlebot3_gazebo//models/space_box_3x1x3/materials/textures/simple_box.png.old\n'}
[24.229437] (turtlebot3_gazebo) StdoutLine: {'line': b'-- Installing: /uolstore/home/users/sc23oy/ros2_ws/install/turtlebot3_gazebo/share/turtlebot3_gazebo//models/space_box_3x1x3/materials/textures/simple_box1.png\n'}
[24.263193] (-) TimerEvent: {}
[24.318146] (turtlebot3_gazebo) StdoutLine: {'line': b'-- Installing: /uolstore/home/users/sc23oy/ros2_ws/install/turtlebot3_gazebo/share/turtlebot3_gazebo//models/space_box_3x1x3/materials/textures/simple_box2.png\n'}
[24.325035] (turtlebot3_gazebo) StdoutLine: {'line': b'-- Installing: /uolstore/home/users/sc23oy/ros2_ws/install/turtlebot3_gazebo/share/turtlebot3_gazebo//models/space_box_3x1x3/materials/textures/spacecraftwall.jpeg\n'}
[24.331710] (turtlebot3_gazebo) StdoutLine: {'line': b'-- Installing: /uolstore/home/users/sc23oy/ros2_ws/install/turtlebot3_gazebo/share/turtlebot3_gazebo//models/space_box_3x1x3/materials/textures/texture.jpg\n'}
[24.362676] (turtlebot3_gazebo) StdoutLine: {'line': b'-- Installing: /uolstore/home/users/sc23oy/ros2_ws/install/turtlebot3_gazebo/share/turtlebot3_gazebo//models/space_box_3x1x3/meshes\n'}
[24.363247] (-) TimerEvent: {}
[24.366298] (turtlebot3_gazebo) StdoutLine: {'line': b'-- Installing: /uolstore/home/users/sc23oy/ros2_ws/install/turtlebot3_gazebo/share/turtlebot3_gazebo//models/space_box_3x1x3/meshes/simple_box.dae\n'}
[24.372552] (turtlebot3_gazebo) StdoutLine: {'line': b'-- Installing: /uolstore/home/users/sc23oy/ros2_ws/install/turtlebot3_gazebo/share/turtlebot3_gazebo//models/space_box_3x1x3/model-1_3.sdf\n'}
[24.378585] (turtlebot3_gazebo) StdoutLine: {'line': b'-- Installing: /uolstore/home/users/sc23oy/ros2_ws/install/turtlebot3_gazebo/share/turtlebot3_gazebo//models/space_box_3x1x3/model-1_4.sdf\n'}
[24.384334] (turtlebot3_gazebo) StdoutLine: {'line': b'-- Installing: /uolstore/home/users/sc23oy/ros2_ws/install/turtlebot3_gazebo/share/turtlebot3_gazebo//models/space_box_3x1x3/model.config\n'}
[24.389944] (turtlebot3_gazebo) StdoutLine: {'line': b'-- Installing: /uolstore/home/users/sc23oy/ros2_ws/install/turtlebot3_gazebo/share/turtlebot3_gazebo//models/space_box_3x1x3/model.sdf\n'}
[24.396272] (turtlebot3_gazebo) StdoutLine: {'line': b'-- Installing: /uolstore/home/users/sc23oy/ros2_ws/install/turtlebot3_gazebo/share/turtlebot3_gazebo//models/turtlebot3_burger\n'}
[24.399547] (turtlebot3_gazebo) StdoutLine: {'line': b'-- Installing: /uolstore/home/users/sc23oy/ros2_ws/install/turtlebot3_gazebo/share/turtlebot3_gazebo//models/turtlebot3_burger/meshes\n'}
[24.403096] (turtlebot3_gazebo) StdoutLine: {'line': b'-- Installing: /uolstore/home/users/sc23oy/ros2_ws/install/turtlebot3_gazebo/share/turtlebot3_gazebo//models/turtlebot3_burger/meshes/bases\n'}
[24.407461] (turtlebot3_gazebo) StdoutLine: {'line': b'-- Installing: /uolstore/home/users/sc23oy/ros2_ws/install/turtlebot3_gazebo/share/turtlebot3_gazebo//models/turtlebot3_burger/meshes/bases/burger_base.stl\n'}
[24.430434] (turtlebot3_gazebo) StdoutLine: {'line': b'-- Installing: /uolstore/home/users/sc23oy/ros2_ws/install/turtlebot3_gazebo/share/turtlebot3_gazebo//models/turtlebot3_burger/meshes/bases/waffle_base.stl\n'}
[24.463344] (-) TimerEvent: {}
[24.484331] (turtlebot3_gazebo) StdoutLine: {'line': b'-- Installing: /uolstore/home/users/sc23oy/ros2_ws/install/turtlebot3_gazebo/share/turtlebot3_gazebo//models/turtlebot3_burger/meshes/bases/waffle_base_for_open_manipulator.stl\n'}
[24.520883] (turtlebot3_gazebo) StdoutLine: {'line': b'-- Installing: /uolstore/home/users/sc23oy/ros2_ws/install/turtlebot3_gazebo/share/turtlebot3_gazebo//models/turtlebot3_burger/meshes/bases/waffle_pi_base.stl\n'}
[24.557261] (turtlebot3_gazebo) StdoutLine: {'line': b'-- Installing: /uolstore/home/users/sc23oy/ros2_ws/install/turtlebot3_gazebo/share/turtlebot3_gazebo//models/turtlebot3_burger/meshes/bases/waffle_pi_base_for_open_manipulator.stl\n'}
[24.563413] (-) TimerEvent: {}
[24.594031] (turtlebot3_gazebo) StdoutLine: {'line': b'-- Installing: /uolstore/home/users/sc23oy/ros2_ws/install/turtlebot3_gazebo/share/turtlebot3_gazebo//models/turtlebot3_burger/meshes/burger_base.dae\n'}
[24.600015] (turtlebot3_gazebo) StdoutLine: {'line': b'-- Installing: /uolstore/home/users/sc23oy/ros2_ws/install/turtlebot3_gazebo/share/turtlebot3_gazebo//models/turtlebot3_burger/meshes/lds.dae\n'}
[24.606273] (turtlebot3_gazebo) StdoutLine: {'line': b'-- Installing: /uolstore/home/users/sc23oy/ros2_ws/install/turtlebot3_gazebo/share/turtlebot3_gazebo//models/turtlebot3_burger/meshes/sensors\n'}
[24.609844] (turtlebot3_gazebo) StdoutLine: {'line': b'-- Installing: /uolstore/home/users/sc23oy/ros2_ws/install/turtlebot3_gazebo/share/turtlebot3_gazebo//models/turtlebot3_burger/meshes/sensors/astra.dae\n'}
[24.663507] (-) TimerEvent: {}
[24.700434] (turtlebot3_gazebo) StdoutLine: {'line': b'-- Installing: /uolstore/home/users/sc23oy/ros2_ws/install/turtlebot3_gazebo/share/turtlebot3_gazebo//models/turtlebot3_burger/meshes/sensors/astra.jpg\n'}
[24.707360] (turtlebot3_gazebo) StdoutLine: {'line': b'-- Installing: /uolstore/home/users/sc23oy/ros2_ws/install/turtlebot3_gazebo/share/turtlebot3_gazebo//models/turtlebot3_burger/meshes/sensors/lds.stl\n'}
[24.720163] (turtlebot3_gazebo) StdoutLine: {'line': b'-- Installing: /uolstore/home/users/sc23oy/ros2_ws/install/turtlebot3_gazebo/share/turtlebot3_gazebo//models/turtlebot3_burger/meshes/sensors/r200.dae\n'}
[24.728442] (turtlebot3_gazebo) StdoutLine: {'line': b'-- Installing: /uolstore/home/users/sc23oy/ros2_ws/install/turtlebot3_gazebo/share/turtlebot3_gazebo//models/turtlebot3_burger/meshes/sensors/r200.jpg\n'}
[24.734704] (turtlebot3_gazebo) StdoutLine: {'line': b'-- Installing: /uolstore/home/users/sc23oy/ros2_ws/install/turtlebot3_gazebo/share/turtlebot3_gazebo//models/turtlebot3_burger/meshes/tire.dae\n'}
[24.740952] (turtlebot3_gazebo) StdoutLine: {'line': b'-- Installing: /uolstore/home/users/sc23oy/ros2_ws/install/turtlebot3_gazebo/share/turtlebot3_gazebo//models/turtlebot3_burger/meshes/wheels\n'}
[24.744900] (turtlebot3_gazebo) StdoutLine: {'line': b'-- Installing: /uolstore/home/users/sc23oy/ros2_ws/install/turtlebot3_gazebo/share/turtlebot3_gazebo//models/turtlebot3_burger/meshes/wheels/left_tire.stl\n'}
[24.762037] (turtlebot3_gazebo) StdoutLine: {'line': b'-- Installing: /uolstore/home/users/sc23oy/ros2_ws/install/turtlebot3_gazebo/share/turtlebot3_gazebo//models/turtlebot3_burger/meshes/wheels/right_tire.stl\n'}
[24.763572] (-) TimerEvent: {}
[24.778270] (turtlebot3_gazebo) StdoutLine: {'line': b'-- Installing: /uolstore/home/users/sc23oy/ros2_ws/install/turtlebot3_gazebo/share/turtlebot3_gazebo//models/turtlebot3_burger/model-1_4.sdf\n'}
[24.783811] (turtlebot3_gazebo) StdoutLine: {'line': b'-- Installing: /uolstore/home/users/sc23oy/ros2_ws/install/turtlebot3_gazebo/share/turtlebot3_gazebo//models/turtlebot3_burger/model.config\n'}
[24.789524] (turtlebot3_gazebo) StdoutLine: {'line': b'-- Installing: /uolstore/home/users/sc23oy/ros2_ws/install/turtlebot3_gazebo/share/turtlebot3_gazebo//models/turtlebot3_burger/model.sdf\n'}
[24.795710] (turtlebot3_gazebo) StdoutLine: {'line': b'-- Installing: /uolstore/home/users/sc23oy/ros2_ws/install/turtlebot3_gazebo/share/turtlebot3_gazebo//models/turtlebot3_common\n'}
[24.798760] (turtlebot3_gazebo) StdoutLine: {'line': b'-- Installing: /uolstore/home/users/sc23oy/ros2_ws/install/turtlebot3_gazebo/share/turtlebot3_gazebo//models/turtlebot3_common/meshes\n'}
[24.802277] (turtlebot3_gazebo) StdoutLine: {'line': b'-- Installing: /uolstore/home/users/sc23oy/ros2_ws/install/turtlebot3_gazebo/share/turtlebot3_gazebo//models/turtlebot3_common/meshes/burger_base.dae\n'}
[24.808676] (turtlebot3_gazebo) StdoutLine: {'line': b'-- Installing: /uolstore/home/users/sc23oy/ros2_ws/install/turtlebot3_gazebo/share/turtlebot3_gazebo//models/turtlebot3_common/meshes/lds.dae\n'}
[24.815042] (turtlebot3_gazebo) StdoutLine: {'line': b'-- Installing: /uolstore/home/users/sc23oy/ros2_ws/install/turtlebot3_gazebo/share/turtlebot3_gazebo//models/turtlebot3_common/meshes/r200.dae\n'}
[24.823322] (turtlebot3_gazebo) StdoutLine: {'line': b'-- Installing: /uolstore/home/users/sc23oy/ros2_ws/install/turtlebot3_gazebo/share/turtlebot3_gazebo//models/turtlebot3_common/meshes/tire.dae\n'}
[24.829090] (turtlebot3_gazebo) StdoutLine: {'line': b'-- Installing: /uolstore/home/users/sc23oy/ros2_ws/install/turtlebot3_gazebo/share/turtlebot3_gazebo//models/turtlebot3_common/meshes/waffle_base.dae\n'}
[24.834933] (turtlebot3_gazebo) StdoutLine: {'line': b'-- Installing: /uolstore/home/users/sc23oy/ros2_ws/install/turtlebot3_gazebo/share/turtlebot3_gazebo//models/turtlebot3_common/meshes/waffle_pi_base.dae\n'}
[24.840648] (turtlebot3_gazebo) StdoutLine: {'line': b'-- Installing: /uolstore/home/users/sc23oy/ros2_ws/install/turtlebot3_gazebo/share/turtlebot3_gazebo//models/turtlebot3_common/model.config\n'}
[24.846708] (turtlebot3_gazebo) StdoutLine: {'line': b'-- Installing: /uolstore/home/users/sc23oy/ros2_ws/install/turtlebot3_gazebo/share/turtlebot3_gazebo//models/turtlebot3_dqn_world\n'}
[24.849749] (turtlebot3_gazebo) StdoutLine: {'line': b'-- Installing: /uolstore/home/users/sc23oy/ros2_ws/install/turtlebot3_gazebo/share/turtlebot3_gazebo//models/turtlebot3_dqn_world/goal_box\n'}
[24.853140] (turtlebot3_gazebo) StdoutLine: {'line': b'-- Installing: /uolstore/home/users/sc23oy/ros2_ws/install/turtlebot3_gazebo/share/turtlebot3_gazebo//models/turtlebot3_dqn_world/goal_box/model.config\n'}
[24.859228] (turtlebot3_gazebo) StdoutLine: {'line': b'-- Installing: /uolstore/home/users/sc23oy/ros2_ws/install/turtlebot3_gazebo/share/turtlebot3_gazebo//models/turtlebot3_dqn_world/goal_box/model.sdf\n'}
[24.863646] (-) TimerEvent: {}
[24.865095] (turtlebot3_gazebo) StdoutLine: {'line': b'-- Installing: /uolstore/home/users/sc23oy/ros2_ws/install/turtlebot3_gazebo/share/turtlebot3_gazebo//models/turtlebot3_dqn_world/inner_walls\n'}
[24.868474] (turtlebot3_gazebo) StdoutLine: {'line': b'-- Installing: /uolstore/home/users/sc23oy/ros2_ws/install/turtlebot3_gazebo/share/turtlebot3_gazebo//models/turtlebot3_dqn_world/inner_walls/model.config\n'}
[24.874306] (turtlebot3_gazebo) StdoutLine: {'line': b'-- Installing: /uolstore/home/users/sc23oy/ros2_ws/install/turtlebot3_gazebo/share/turtlebot3_gazebo//models/turtlebot3_dqn_world/inner_walls/model.sdf\n'}
[24.880178] (turtlebot3_gazebo) StdoutLine: {'line': b'-- Installing: /uolstore/home/users/sc23oy/ros2_ws/install/turtlebot3_gazebo/share/turtlebot3_gazebo//models/turtlebot3_dqn_world/model.config\n'}
[24.885818] (turtlebot3_gazebo) StdoutLine: {'line': b'-- Installing: /uolstore/home/users/sc23oy/ros2_ws/install/turtlebot3_gazebo/share/turtlebot3_gazebo//models/turtlebot3_dqn_world/model.sdf\n'}
[24.891600] (turtlebot3_gazebo) StdoutLine: {'line': b'-- Installing: /uolstore/home/users/sc23oy/ros2_ws/install/turtlebot3_gazebo/share/turtlebot3_gazebo//models/turtlebot3_dqn_world/obstacle1\n'}
[24.895004] (turtlebot3_gazebo) StdoutLine: {'line': b'-- Installing: /uolstore/home/users/sc23oy/ros2_ws/install/turtlebot3_gazebo/share/turtlebot3_gazebo//models/turtlebot3_dqn_world/obstacle1/model.config\n'}
[24.900789] (turtlebot3_gazebo) StdoutLine: {'line': b'-- Installing: /uolstore/home/users/sc23oy/ros2_ws/install/turtlebot3_gazebo/share/turtlebot3_gazebo//models/turtlebot3_dqn_world/obstacle1/model.sdf\n'}
[24.906734] (turtlebot3_gazebo) StdoutLine: {'line': b'-- Installing: /uolstore/home/users/sc23oy/ros2_ws/install/turtlebot3_gazebo/share/turtlebot3_gazebo//models/turtlebot3_dqn_world/obstacle2\n'}
[24.910327] (turtlebot3_gazebo) StdoutLine: {'line': b'-- Installing: /uolstore/home/users/sc23oy/ros2_ws/install/turtlebot3_gazebo/share/turtlebot3_gazebo//models/turtlebot3_dqn_world/obstacle2/model.config\n'}
[24.916626] (turtlebot3_gazebo) StdoutLine: {'line': b'-- Installing: /uolstore/home/users/sc23oy/ros2_ws/install/turtlebot3_gazebo/share/turtlebot3_gazebo//models/turtlebot3_dqn_world/obstacle2/model.sdf\n'}
[24.922400] (turtlebot3_gazebo) StdoutLine: {'line': b'-- Installing: /uolstore/home/users/sc23oy/ros2_ws/install/turtlebot3_gazebo/share/turtlebot3_gazebo//models/turtlebot3_dqn_world/obstacle_plugin\n'}
[24.925829] (turtlebot3_gazebo) StdoutLine: {'line': b'-- Installing: /uolstore/home/users/sc23oy/ros2_ws/install/turtlebot3_gazebo/share/turtlebot3_gazebo//models/turtlebot3_dqn_world/obstacle_plugin/CMakeLists.txt\n'}
[24.931637] (turtlebot3_gazebo) StdoutLine: {'line': b'-- Installing: /uolstore/home/users/sc23oy/ros2_ws/install/turtlebot3_gazebo/share/turtlebot3_gazebo//models/turtlebot3_dqn_world/obstacle_plugin/obstacle1.cc\n'}
[24.937731] (turtlebot3_gazebo) StdoutLine: {'line': b'-- Installing: /uolstore/home/users/sc23oy/ros2_ws/install/turtlebot3_gazebo/share/turtlebot3_gazebo//models/turtlebot3_dqn_world/obstacle_plugin/obstacle2.cc\n'}
[24.943823] (turtlebot3_gazebo) StdoutLine: {'line': b'-- Installing: /uolstore/home/users/sc23oy/ros2_ws/install/turtlebot3_gazebo/share/turtlebot3_gazebo//models/turtlebot3_dqn_world/obstacle_plugin/obstacles.cc\n'}
[24.949818] (turtlebot3_gazebo) StdoutLine: {'line': b'-- Installing: /uolstore/home/users/sc23oy/ros2_ws/install/turtlebot3_gazebo/share/turtlebot3_gazebo//models/turtlebot3_dqn_world/obstacles\n'}
[24.953422] (turtlebot3_gazebo) StdoutLine: {'line': b'-- Installing: /uolstore/home/users/sc23oy/ros2_ws/install/turtlebot3_gazebo/share/turtlebot3_gazebo//models/turtlebot3_dqn_world/obstacles/model.config\n'}
[24.959781] (turtlebot3_gazebo) StdoutLine: {'line': b'-- Installing: /uolstore/home/users/sc23oy/ros2_ws/install/turtlebot3_gazebo/share/turtlebot3_gazebo//models/turtlebot3_dqn_world/obstacles/model.sdf\n'}
[24.963711] (-) TimerEvent: {}
[24.966000] (turtlebot3_gazebo) StdoutLine: {'line': b'-- Installing: /uolstore/home/users/sc23oy/ros2_ws/install/turtlebot3_gazebo/share/turtlebot3_gazebo//models/turtlebot3_house\n'}
[24.969347] (turtlebot3_gazebo) StdoutLine: {'line': b'-- Installing: /uolstore/home/users/sc23oy/ros2_ws/install/turtlebot3_gazebo/share/turtlebot3_gazebo//models/turtlebot3_house/model.config\n'}
[24.975198] (turtlebot3_gazebo) StdoutLine: {'line': b'-- Installing: /uolstore/home/users/sc23oy/ros2_ws/install/turtlebot3_gazebo/share/turtlebot3_gazebo//models/turtlebot3_house/model.sdf\n'}
[24.983036] (turtlebot3_gazebo) StdoutLine: {'line': b'-- Installing: /uolstore/home/users/sc23oy/ros2_ws/install/turtlebot3_gazebo/share/turtlebot3_gazebo//models/turtlebot3_waffle\n'}
[24.986168] (turtlebot3_gazebo) StdoutLine: {'line': b'-- Installing: /uolstore/home/users/sc23oy/ros2_ws/install/turtlebot3_gazebo/share/turtlebot3_gazebo//models/turtlebot3_waffle/model-1_4.sdf\n'}
[24.992674] (turtlebot3_gazebo) StdoutLine: {'line': b'-- Installing: /uolstore/home/users/sc23oy/ros2_ws/install/turtlebot3_gazebo/share/turtlebot3_gazebo//models/turtlebot3_waffle/model.config\n'}
[24.998457] (turtlebot3_gazebo) StdoutLine: {'line': b'-- Installing: /uolstore/home/users/sc23oy/ros2_ws/install/turtlebot3_gazebo/share/turtlebot3_gazebo//models/turtlebot3_waffle/model.sdf\n'}
[25.004112] (turtlebot3_gazebo) StdoutLine: {'line': b'-- Installing: /uolstore/home/users/sc23oy/ros2_ws/install/turtlebot3_gazebo/share/turtlebot3_gazebo//models/turtlebot3_waffle_pi\n'}
[25.007512] (turtlebot3_gazebo) StdoutLine: {'line': b'-- Installing: /uolstore/home/users/sc23oy/ros2_ws/install/turtlebot3_gazebo/share/turtlebot3_gazebo//models/turtlebot3_waffle_pi/model-1_4_.sdf\n'}
[25.014044] (turtlebot3_gazebo) StdoutLine: {'line': b'-- Installing: /uolstore/home/users/sc23oy/ros2_ws/install/turtlebot3_gazebo/share/turtlebot3_gazebo//models/turtlebot3_waffle_pi/model.config\n'}
[25.019871] (turtlebot3_gazebo) StdoutLine: {'line': b'-- Installing: /uolstore/home/users/sc23oy/ros2_ws/install/turtlebot3_gazebo/share/turtlebot3_gazebo//models/turtlebot3_waffle_pi/model.sdf\n'}
[25.025536] (turtlebot3_gazebo) StdoutLine: {'line': b'-- Installing: /uolstore/home/users/sc23oy/ros2_ws/install/turtlebot3_gazebo/share/turtlebot3_gazebo//models/turtlebot3_world\n'}
[25.028506] (turtlebot3_gazebo) StdoutLine: {'line': b'-- Installing: /uolstore/home/users/sc23oy/ros2_ws/install/turtlebot3_gazebo/share/turtlebot3_gazebo//models/turtlebot3_world/meshes\n'}
[25.032011] (turtlebot3_gazebo) StdoutLine: {'line': b'-- Installing: /uolstore/home/users/sc23oy/ros2_ws/install/turtlebot3_gazebo/share/turtlebot3_gazebo//models/turtlebot3_world/meshes/hexagon.dae\n'}
[25.038123] (turtlebot3_gazebo) StdoutLine: {'line': b'-- Installing: /uolstore/home/users/sc23oy/ros2_ws/install/turtlebot3_gazebo/share/turtlebot3_gazebo//models/turtlebot3_world/meshes/wall.dae\n'}
[25.045328] (turtlebot3_gazebo) StdoutLine: {'line': b'-- Installing: /uolstore/home/users/sc23oy/ros2_ws/install/turtlebot3_gazebo/share/turtlebot3_gazebo//models/turtlebot3_world/model-1_4.sdf\n'}
[25.051425] (turtlebot3_gazebo) StdoutLine: {'line': b'-- Installing: /uolstore/home/users/sc23oy/ros2_ws/install/turtlebot3_gazebo/share/turtlebot3_gazebo//models/turtlebot3_world/model.config\n'}
[25.057053] (turtlebot3_gazebo) StdoutLine: {'line': b'-- Installing: /uolstore/home/users/sc23oy/ros2_ws/install/turtlebot3_gazebo/share/turtlebot3_gazebo//models/turtlebot3_world/model.sdf\n'}
[25.063296] (turtlebot3_gazebo) StdoutLine: {'line': b'-- Installing: /uolstore/home/users/sc23oy/ros2_ws/install/turtlebot3_gazebo/share/turtlebot3_gazebo//models/window1\n'}
[25.063784] (-) TimerEvent: {}
[25.066711] (turtlebot3_gazebo) StdoutLine: {'line': b'-- Installing: /uolstore/home/users/sc23oy/ros2_ws/install/turtlebot3_gazebo/share/turtlebot3_gazebo//models/window1/materials\n'}
[25.070436] (turtlebot3_gazebo) StdoutLine: {'line': b'-- Installing: /uolstore/home/users/sc23oy/ros2_ws/install/turtlebot3_gazebo/share/turtlebot3_gazebo//models/window1/materials/scripts\n'}
[25.074108] (turtlebot3_gazebo) StdoutLine: {'line': b'-- Installing: /uolstore/home/users/sc23oy/ros2_ws/install/turtlebot3_gazebo/share/turtlebot3_gazebo//models/window1/materials/scripts/repeated.material\n'}
[25.079956] (turtlebot3_gazebo) StdoutLine: {'line': b'-- Installing: /uolstore/home/users/sc23oy/ros2_ws/install/turtlebot3_gazebo/share/turtlebot3_gazebo//models/window1/materials/textures\n'}
[25.083504] (turtlebot3_gazebo) StdoutLine: {'line': b'-- Installing: /uolstore/home/users/sc23oy/ros2_ws/install/turtlebot3_gazebo/share/turtlebot3_gazebo//models/window1/materials/textures/1.jpg\n'}
[25.091612] (turtlebot3_gazebo) StdoutLine: {'line': b'-- Installing: /uolstore/home/users/sc23oy/ros2_ws/install/turtlebot3_gazebo/share/turtlebot3_gazebo//models/window1/materials/textures/2.jpg\n'}
[25.099037] (turtlebot3_gazebo) StdoutLine: {'line': b'-- Installing: /uolstore/home/users/sc23oy/ros2_ws/install/turtlebot3_gazebo/share/turtlebot3_gazebo//models/window1/materials/textures/3.jpg\n'}
[25.106729] (turtlebot3_gazebo) StdoutLine: {'line': b'-- Installing: /uolstore/home/users/sc23oy/ros2_ws/install/turtlebot3_gazebo/share/turtlebot3_gazebo//models/window1/model.config\n'}
[25.112664] (turtlebot3_gazebo) StdoutLine: {'line': b'-- Installing: /uolstore/home/users/sc23oy/ros2_ws/install/turtlebot3_gazebo/share/turtlebot3_gazebo//models/window1/model.sdf\n'}
[25.118770] (turtlebot3_gazebo) StdoutLine: {'line': b'-- Installing: /uolstore/home/users/sc23oy/ros2_ws/install/turtlebot3_gazebo/share/turtlebot3_gazebo//models/window2\n'}
[25.121953] (turtlebot3_gazebo) StdoutLine: {'line': b'-- Installing: /uolstore/home/users/sc23oy/ros2_ws/install/turtlebot3_gazebo/share/turtlebot3_gazebo//models/window2/materials\n'}
[25.126108] (turtlebot3_gazebo) StdoutLine: {'line': b'-- Installing: /uolstore/home/users/sc23oy/ros2_ws/install/turtlebot3_gazebo/share/turtlebot3_gazebo//models/window2/materials/scripts\n'}
[25.130229] (turtlebot3_gazebo) StdoutLine: {'line': b'-- Installing: /uolstore/home/users/sc23oy/ros2_ws/install/turtlebot3_gazebo/share/turtlebot3_gazebo//models/window2/materials/scripts/repeated.material\n'}
[25.136743] (turtlebot3_gazebo) StdoutLine: {'line': b'-- Installing: /uolstore/home/users/sc23oy/ros2_ws/install/turtlebot3_gazebo/share/turtlebot3_gazebo//models/window2/materials/textures\n'}
[25.140682] (turtlebot3_gazebo) StdoutLine: {'line': b'-- Installing: /uolstore/home/users/sc23oy/ros2_ws/install/turtlebot3_gazebo/share/turtlebot3_gazebo//models/window2/materials/textures/1.jpg\n'}
[25.149102] (turtlebot3_gazebo) StdoutLine: {'line': b'-- Installing: /uolstore/home/users/sc23oy/ros2_ws/install/turtlebot3_gazebo/share/turtlebot3_gazebo//models/window2/materials/textures/2.jpg\n'}
[25.156657] (turtlebot3_gazebo) StdoutLine: {'line': b'-- Installing: /uolstore/home/users/sc23oy/ros2_ws/install/turtlebot3_gazebo/share/turtlebot3_gazebo//models/window2/materials/textures/3.jpg\n'}
[25.163894] (-) TimerEvent: {}
[25.164405] (turtlebot3_gazebo) StdoutLine: {'line': b'-- Installing: /uolstore/home/users/sc23oy/ros2_ws/install/turtlebot3_gazebo/share/turtlebot3_gazebo//models/window2/model.config\n'}
[25.170017] (turtlebot3_gazebo) StdoutLine: {'line': b'-- Installing: /uolstore/home/users/sc23oy/ros2_ws/install/turtlebot3_gazebo/share/turtlebot3_gazebo//models/window2/model.sdf\n'}
[25.175559] (turtlebot3_gazebo) StdoutLine: {'line': b'-- Installing: /uolstore/home/users/sc23oy/ros2_ws/install/turtlebot3_gazebo/share/turtlebot3_gazebo//models/window3\n'}
[25.178588] (turtlebot3_gazebo) StdoutLine: {'line': b'-- Installing: /uolstore/home/users/sc23oy/ros2_ws/install/turtlebot3_gazebo/share/turtlebot3_gazebo//models/window3/materials\n'}
[25.182093] (turtlebot3_gazebo) StdoutLine: {'line': b'-- Installing: /uolstore/home/users/sc23oy/ros2_ws/install/turtlebot3_gazebo/share/turtlebot3_gazebo//models/window3/materials/scripts\n'}
[25.185695] (turtlebot3_gazebo) StdoutLine: {'line': b'-- Installing: /uolstore/home/users/sc23oy/ros2_ws/install/turtlebot3_gazebo/share/turtlebot3_gazebo//models/window3/materials/scripts/repeated.material\n'}
[25.191774] (turtlebot3_gazebo) StdoutLine: {'line': b'-- Installing: /uolstore/home/users/sc23oy/ros2_ws/install/turtlebot3_gazebo/share/turtlebot3_gazebo//models/window3/materials/textures\n'}
[25.195242] (turtlebot3_gazebo) StdoutLine: {'line': b'-- Installing: /uolstore/home/users/sc23oy/ros2_ws/install/turtlebot3_gazebo/share/turtlebot3_gazebo//models/window3/materials/textures/1.jpg\n'}
[25.202972] (turtlebot3_gazebo) StdoutLine: {'line': b'-- Installing: /uolstore/home/users/sc23oy/ros2_ws/install/turtlebot3_gazebo/share/turtlebot3_gazebo//models/window3/materials/textures/2.jpg\n'}
[25.210438] (turtlebot3_gazebo) StdoutLine: {'line': b'-- Installing: /uolstore/home/users/sc23oy/ros2_ws/install/turtlebot3_gazebo/share/turtlebot3_gazebo//models/window3/materials/textures/3.jpg\n'}
[25.218491] (turtlebot3_gazebo) StdoutLine: {'line': b'-- Installing: /uolstore/home/users/sc23oy/ros2_ws/install/turtlebot3_gazebo/share/turtlebot3_gazebo//models/window3/model.config\n'}
[25.224115] (turtlebot3_gazebo) StdoutLine: {'line': b'-- Installing: /uolstore/home/users/sc23oy/ros2_ws/install/turtlebot3_gazebo/share/turtlebot3_gazebo//models/window3/model.sdf\n'}
[25.230117] (turtlebot3_gazebo) StdoutLine: {'line': b'-- Installing: /uolstore/home/users/sc23oy/ros2_ws/install/turtlebot3_gazebo/share/turtlebot3_gazebo//models/box_blue\n'}
[25.233404] (turtlebot3_gazebo) StdoutLine: {'line': b'-- Installing: /uolstore/home/users/sc23oy/ros2_ws/install/turtlebot3_gazebo/share/turtlebot3_gazebo//models/box_blue/model.config\n'}
[25.239371] (turtlebot3_gazebo) StdoutLine: {'line': b'-- Installing: /uolstore/home/users/sc23oy/ros2_ws/install/turtlebot3_gazebo/share/turtlebot3_gazebo//models/box_blue/model.sdf\n'}
[25.245576] (turtlebot3_gazebo) StdoutLine: {'line': b'-- Installing: /uolstore/home/users/sc23oy/ros2_ws/install/turtlebot3_gazebo/share/turtlebot3_gazebo//models/box_green\n'}
[25.248812] (turtlebot3_gazebo) StdoutLine: {'line': b'-- Installing: /uolstore/home/users/sc23oy/ros2_ws/install/turtlebot3_gazebo/share/turtlebot3_gazebo//models/box_green/model.config\n'}
[25.254585] (turtlebot3_gazebo) StdoutLine: {'line': b'-- Installing: /uolstore/home/users/sc23oy/ros2_ws/install/turtlebot3_gazebo/share/turtlebot3_gazebo//models/box_green/model.sdf\n'}
[25.260690] (turtlebot3_gazebo) StdoutLine: {'line': b'-- Installing: /uolstore/home/users/sc23oy/ros2_ws/install/turtlebot3_gazebo/share/turtlebot3_gazebo//models/box_red\n'}
[25.263953] (-) TimerEvent: {}
[25.264085] (turtlebot3_gazebo) StdoutLine: {'line': b'-- Installing: /uolstore/home/users/sc23oy/ros2_ws/install/turtlebot3_gazebo/share/turtlebot3_gazebo//models/box_red/model.config\n'}
[25.269697] (turtlebot3_gazebo) StdoutLine: {'line': b'-- Installing: /uolstore/home/users/sc23oy/ros2_ws/install/turtlebot3_gazebo/share/turtlebot3_gazebo//models/box_red/model.sdf\n'}
[25.275407] (turtlebot3_gazebo) StdoutLine: {'line': b'-- Installing: /uolstore/home/users/sc23oy/ros2_ws/install/turtlebot3_gazebo/share/turtlebot3_gazebo//models/first_2015_trash_can\n'}
[25.278533] (turtlebot3_gazebo) StdoutLine: {'line': b'-- Installing: /uolstore/home/users/sc23oy/ros2_ws/install/turtlebot3_gazebo/share/turtlebot3_gazebo//models/first_2015_trash_can/meshes\n'}
[25.282057] (turtlebot3_gazebo) StdoutLine: {'line': b'-- Installing: /uolstore/home/users/sc23oy/ros2_ws/install/turtlebot3_gazebo/share/turtlebot3_gazebo//models/first_2015_trash_can/meshes/trash_can.dae\n'}
[25.296580] (turtlebot3_gazebo) StdoutLine: {'line': b'-- Installing: /uolstore/home/users/sc23oy/ros2_ws/install/turtlebot3_gazebo/share/turtlebot3_gazebo//models/first_2015_trash_can/model.config\n'}
[25.302167] (turtlebot3_gazebo) StdoutLine: {'line': b'-- Installing: /uolstore/home/users/sc23oy/ros2_ws/install/turtlebot3_gazebo/share/turtlebot3_gazebo//models/first_2015_trash_can/model.sdf\n'}
[25.307930] (turtlebot3_gazebo) StdoutLine: {'line': b'-- Installing: /uolstore/home/users/sc23oy/ros2_ws/install/turtlebot3_gazebo/share/turtlebot3_gazebo//rviz\n'}
[25.310818] (turtlebot3_gazebo) StdoutLine: {'line': b'-- Installing: /uolstore/home/users/sc23oy/ros2_ws/install/turtlebot3_gazebo/share/turtlebot3_gazebo//rviz/tb3_gazebo.rviz\n'}
[25.316990] (turtlebot3_gazebo) StdoutLine: {'line': b'-- Installing: /uolstore/home/users/sc23oy/ros2_ws/install/turtlebot3_gazebo/share/turtlebot3_gazebo//urdf\n'}
[25.320034] (turtlebot3_gazebo) StdoutLine: {'line': b'-- Installing: /uolstore/home/users/sc23oy/ros2_ws/install/turtlebot3_gazebo/share/turtlebot3_gazebo//urdf/common_properties.urdf\n'}
[25.326258] (turtlebot3_gazebo) StdoutLine: {'line': b'-- Installing: /uolstore/home/users/sc23oy/ros2_ws/install/turtlebot3_gazebo/share/turtlebot3_gazebo//urdf/turtlebot3_burger.urdf\n'}
[25.332620] (turtlebot3_gazebo) StdoutLine: {'line': b'-- Installing: /uolstore/home/users/sc23oy/ros2_ws/install/turtlebot3_gazebo/share/turtlebot3_gazebo//urdf/turtlebot3_waffle.urdf\n'}
[25.338785] (turtlebot3_gazebo) StdoutLine: {'line': b'-- Installing: /uolstore/home/users/sc23oy/ros2_ws/install/turtlebot3_gazebo/share/turtlebot3_gazebo//urdf/turtlebot3_waffle_pi.urdf\n'}
[25.344899] (turtlebot3_gazebo) StdoutLine: {'line': b'-- Installing: /uolstore/home/users/sc23oy/ros2_ws/install/turtlebot3_gazebo/share/turtlebot3_gazebo//worlds\n'}
[25.347962] (turtlebot3_gazebo) StdoutLine: {'line': b'-- Installing: /uolstore/home/users/sc23oy/ros2_ws/install/turtlebot3_gazebo/share/turtlebot3_gazebo//worlds/empty_world.world\n'}
[25.354410] (turtlebot3_gazebo) StdoutLine: {'line': b'-- Installing: /uolstore/home/users/sc23oy/ros2_ws/install/turtlebot3_gazebo/share/turtlebot3_gazebo//worlds/rgb.world\n'}
[25.360689] (turtlebot3_gazebo) StdoutLine: {'line': b'-- Installing: /uolstore/home/users/sc23oy/ros2_ws/install/turtlebot3_gazebo/share/turtlebot3_gazebo//worlds/turtlebot3_dqn_stage1.world\n'}
[25.364022] (-) TimerEvent: {}
[25.366629] (turtlebot3_gazebo) StdoutLine: {'line': b'-- Installing: /uolstore/home/users/sc23oy/ros2_ws/install/turtlebot3_gazebo/share/turtlebot3_gazebo//worlds/turtlebot3_dqn_stage2.world\n'}
[25.372374] (turtlebot3_gazebo) StdoutLine: {'line': b'-- Installing: /uolstore/home/users/sc23oy/ros2_ws/install/turtlebot3_gazebo/share/turtlebot3_gazebo//worlds/turtlebot3_dqn_stage3.world\n'}
[25.378017] (turtlebot3_gazebo) StdoutLine: {'line': b'-- Installing: /uolstore/home/users/sc23oy/ros2_ws/install/turtlebot3_gazebo/share/turtlebot3_gazebo//worlds/turtlebot3_dqn_stage4.world\n'}
[25.383846] (turtlebot3_gazebo) StdoutLine: {'line': b'-- Installing: /uolstore/home/users/sc23oy/ros2_ws/install/turtlebot3_gazebo/share/turtlebot3_gazebo//worlds/turtlebot3_house.world\n'}
[25.389549] (turtlebot3_gazebo) StdoutLine: {'line': b'-- Installing: /uolstore/home/users/sc23oy/ros2_ws/install/turtlebot3_gazebo/share/turtlebot3_gazebo//worlds/turtlebot3_panorama\n'}
[25.392826] (turtlebot3_gazebo) StdoutLine: {'line': b'-- Installing: /uolstore/home/users/sc23oy/ros2_ws/install/turtlebot3_gazebo/share/turtlebot3_gazebo//worlds/turtlebot3_panorama/turtlebot3_panorama.world\n'}
[25.399017] (turtlebot3_gazebo) StdoutLine: {'line': b'-- Installing: /uolstore/home/users/sc23oy/ros2_ws/install/turtlebot3_gazebo/share/turtlebot3_gazebo//worlds/turtlebot3_space\n'}
[25.402004] (turtlebot3_gazebo) StdoutLine: {'line': b'-- Installing: /uolstore/home/users/sc23oy/ros2_ws/install/turtlebot3_gazebo/share/turtlebot3_gazebo//worlds/turtlebot3_space/turtlebot3_space.world\n'}
[25.408343] (turtlebot3_gazebo) StdoutLine: {'line': b'-- Installing: /uolstore/home/users/sc23oy/ros2_ws/install/turtlebot3_gazebo/share/turtlebot3_gazebo//worlds/turtlebot3_world.world\n'}
[25.414198] (turtlebot3_gazebo) StdoutLine: {'line': b'-- Installing: /uolstore/home/users/sc23oy/ros2_ws/install/turtlebot3_gazebo/share/turtlebot3_gazebo//worlds/task_world_2026.world\n'}
[25.420597] (turtlebot3_gazebo) StdoutLine: {'line': b'-- Installing: /uolstore/home/users/sc23oy/ros2_ws/install/turtlebot3_gazebo/include/\n'}
[25.422939] (turtlebot3_gazebo) StdoutLine: {'line': b'-- Installing: /uolstore/home/users/sc23oy/ros2_ws/install/turtlebot3_gazebo/include//turtlebot3_gazebo\n'}
[25.425750] (turtlebot3_gazebo) StdoutLine: {'line': b'-- Installing: /uolstore/home/users/sc23oy/ros2_ws/install/turtlebot3_gazebo/include//turtlebot3_gazebo/turtlebot3_drive.hpp\n'}
[25.435376] (turtlebot3_gazebo) StdoutLine: {'line': b'-- Installing: /uolstore/home/users/sc23oy/ros2_ws/install/turtlebot3_gazebo/share/ament_index/resource_index/package_run_dependencies/turtlebot3_gazebo\n'}
[25.444203] (turtlebot3_gazebo) StdoutLine: {'line': b'-- Installing: /uolstore/home/users/sc23oy/ros2_ws/install/turtlebot3_gazebo/share/ament_index/resource_index/parent_prefix_path/turtlebot3_gazebo\n'}
[25.452461] (turtlebot3_gazebo) StdoutLine: {'line': b'-- Installing: /uolstore/home/users/sc23oy/ros2_ws/install/turtlebot3_gazebo/share/turtlebot3_gazebo/environment/ament_prefix_path.sh\n'}
[25.457551] (turtlebot3_gazebo) StdoutLine: {'line': b'-- Installing: /uolstore/home/users/sc23oy/ros2_ws/install/turtlebot3_gazebo/share/turtlebot3_gazebo/environment/ament_prefix_path.dsv\n'}
[25.463446] (turtlebot3_gazebo) StdoutLine: {'line': b'-- Installing: /uolstore/home/users/sc23oy/ros2_ws/install/turtlebot3_gazebo/share/turtlebot3_gazebo/environment/path.sh\n'}
[25.464089] (-) TimerEvent: {}
[25.468373] (turtlebot3_gazebo) StdoutLine: {'line': b'-- Installing: /uolstore/home/users/sc23oy/ros2_ws/install/turtlebot3_gazebo/share/turtlebot3_gazebo/environment/path.dsv\n'}
[25.474300] (turtlebot3_gazebo) StdoutLine: {'line': b'-- Installing: /uolstore/home/users/sc23oy/ros2_ws/install/turtlebot3_gazebo/share/turtlebot3_gazebo/local_setup.bash\n'}
[25.480795] (turtlebot3_gazebo) StdoutLine: {'line': b'-- Installing: /uolstore/home/users/sc23oy/ros2_ws/install/turtlebot3_gazebo/share/turtlebot3_gazebo/local_setup.sh\n'}
[25.487145] (turtlebot3_gazebo) StdoutLine: {'line': b'-- Installing: /uolstore/home/users/sc23oy/ros2_ws/install/turtlebot3_gazebo/share/turtlebot3_gazebo/local_setup.zsh\n'}
[25.493726] (turtlebot3_gazebo) StdoutLine: {'line': b'-- Installing: /uolstore/home/users/sc23oy/ros2_ws/install/turtlebot3_gazebo/share/turtlebot3_gazebo/local_setup.dsv\n'}
[25.500085] (turtlebot3_gazebo) StdoutLine: {'line': b'-- Installing: /uolstore/home/users/sc23oy/ros2_ws/install/turtlebot3_gazebo/share/turtlebot3_gazebo/package.dsv\n'}
[25.508603] (turtlebot3_gazebo) StdoutLine: {'line': b'-- Installing: /uolstore/home/users/sc23oy/ros2_ws/install/turtlebot3_gazebo/share/ament_index/resource_index/packages/turtlebot3_gazebo\n'}
[25.516188] (turtlebot3_gazebo) StdoutLine: {'line': b'-- Installing: /uolstore/home/users/sc23oy/ros2_ws/install/turtlebot3_gazebo/share/turtlebot3_gazebo/cmake/ament_cmake_export_include_directories-extras.cmake\n'}
[25.522187] (turtlebot3_gazebo) StdoutLine: {'line': b'-- Installing: /uolstore/home/users/sc23oy/ros2_ws/install/turtlebot3_gazebo/share/turtlebot3_gazebo/cmake/ament_cmake_export_dependencies-extras.cmake\n'}
[25.528153] (turtlebot3_gazebo) StdoutLine: {'line': b'-- Installing: /uolstore/home/users/sc23oy/ros2_ws/install/turtlebot3_gazebo/share/turtlebot3_gazebo/cmake/turtlebot3_gazeboConfig.cmake\n'}
[25.534522] (turtlebot3_gazebo) StdoutLine: {'line': b'-- Installing: /uolstore/home/users/sc23oy/ros2_ws/install/turtlebot3_gazebo/share/turtlebot3_gazebo/cmake/turtlebot3_gazeboConfig-version.cmake\n'}
[25.540985] (turtlebot3_gazebo) StdoutLine: {'line': b'-- Installing: /uolstore/home/users/sc23oy/ros2_ws/install/turtlebot3_gazebo/share/turtlebot3_gazebo/package.xml\n'}
[25.550944] (turtlebot3_gazebo) CommandEnded: {'returncode': 0}
[25.564185] (-) TimerEvent: {}
[25.664463] (-) TimerEvent: {}
[25.764715] (-) TimerEvent: {}
[25.864975] (-) TimerEvent: {}
[25.965266] (-) TimerEvent: {}
[25.974430] (turtlebot3_gazebo) JobEnded: {'identifier': 'turtlebot3_gazebo', 'rc': 0}
[25.977604] (turtlebot3_simulations) JobStarted: {'identifier': 'turtlebot3_simulations'}
[26.065358] (-) TimerEvent: {}
[26.114730] (turtlebot3_simulations) JobProgress: {'identifier': 'turtlebot3_simulations', 'progress': 'cmake'}
[26.116600] (turtlebot3_simulations) Command: {'cmd': ['/usr/bin/cmake', '/uolstore/home/users/sc23oy/ros2_ws/src/turtlebot3_simulations/turtlebot3_simulations', '-DCMAKE_INSTALL_PREFIX=/uolstore/home/users/sc23oy/ros2_ws/install/turtlebot3_simulations'], 'cwd': '/uolstore/home/users/sc23oy/ros2_ws/build/turtlebot3_simulations', 'env': OrderedDict([('LESSOPEN', '||/usr/bin/lesspipe.sh %s'), ('LMOD_DIR', '/usr/share/lmod/lmod/libexec'), ('MAIL', '/var/spool/mail/sc23oy'), ('USER', 'sc23oy'), ('__LMOD_REF_COUNT_CMAKE_PREFIX_PATH', '/uollinapps/v2/24-25/soc/packages/linux-rhel9-x86_64_v3/gcc-11.4.0/gcc-14.2.0-svuh5yskfnrwh537tvxvt642acswwlju:1'), ('HOSTNAME', 'feng-linux-07.leeds.ac.uk'), ('XDG_SESSION_TYPE', 'x11'), ('MPI_FORTRAN_MOD_DIR', '/usr/lib64/gfortran/modules/openmpi'), ('GIT_ASKPASS', '/usr/share/code/resources/app/extensions/git/dist/askpass.sh'), ('LMOD_PKG', '/usr/share/lmod/lmod'), ('SHLVL', '3'), ('LD_LIBRARY_PATH', '/usr/lib/x86_64-linux-gnu/gazebo-11/plugins:/opt/ros/humble/opt/rviz_ogre_vendor/lib:/opt/ros/humble/lib/x86_64-linux-gnu:/opt/ros/humble/lib:/.singularity.d/libs:/usr/lib/x86_64-linux-gnu/gazebo-11/plugins:'), ('MPI_INCLUDE', '/usr/include/openmpi-x86_64'), ('HOME', '/uolstore/home/users/sc23oy'), ('CHROME_DESKTOP', 'code-url-handler.desktop'), ('OLDPWD', '/uolstore/home/users/sc23oy/ros2_ws'), ('TERM_PROGRAM_VERSION', '1.86.2'), ('DESKTOP_SESSION', 'gnome'), ('USER_PATH', '/usr/lib64/openmpi/bin:/usr/lib64/qt6/bin:/uollinapps/v2/24-25/soc/packages/linux-rhel9-x86_64_v3/gcc-11.4.0/gcc-14.2.0-svuh5yskfnrwh537tvxvt642acswwlju/bin:/uolstore/home/users/sc23oy/.local/bin:/uolstore/home/users/sc23oy/bin:/usr/local/bin:/usr/local/sbin:/usr/bin:/usr/sbin:/opt/puppetlabs/bin:/bin:/usr/bin:/sbin:/usr/sbin:/usr/local/bin:/usr/local/sbin'), ('__LMOD_REF_COUNT_PKG_CONFIG_PATH', '/usr/lib64/openmpi/lib/pkgconfig:1'), ('GAZEBO_MASTER_URI', 'http://localhost:11345'), ('ROS_PYTHON_VERSION', '3'), ('FPATH', '/usr/share/lmod/lmod/init/ksh_funcs'), ('FC', '/uollinapps/v2/24-25/soc/packages/linux-rhel9-x86_64_v3/gcc-11.4.0/gcc-14.2.0-svuh5yskfnrwh537tvxvt642acswwlju/bin/gfortran'), ('VSCODE_GIT_ASKPASS_MAIN', '/usr/share/code/resources/app/extensions/git/dist/askpass-main.js'), ('PS1', '\\[\x1b]633;A\x07\\][COMP3631] Singularity> \\w $ \\[\x1b]633;B\x07\\]'), ('VSCODE_GIT_ASKPASS_NODE', '/usr/share/code/code'), ('MPI_PYTHON3_SITEARCH', '/usr/lib64/python3.9/site-packages/openmpi'), ('LMOD_FAMILY_COMPILER_VERSION', '14.2.0'), ('_LMFILES_', '/uollinapps/v2/current/soc/spack/el9/Core/gcc/14.2.0.lua:/usr/share/modulefiles/mpi/openmpi-x86_64'), ('DBUS_SESSION_BUS_ADDRESS', 'unix:abstract=/tmp/dbus-8qGMb8aiOx,guid=2ad71e69851b37c21bae78fe69eca169'), ('COLORTERM', 'truecolor'), ('APPTAINER_ENVIRONMENT', '/.singularity.d/env/91-environment.sh'), ('__LMOD_REF_COUNT_PATH', '/usr/lib64/openmpi/bin:1;/usr/lib64/qt6/bin:2;/uollinapps/v2/24-25/soc/packages/linux-rhel9-x86_64_v3/gcc-11.4.0/gcc-14.2.0-svuh5yskfnrwh537tvxvt642acswwlju/bin:1;/uolstore/home/users/sc23oy/.local/bin:1;/uolstore/home/users/sc23oy/bin:1;/usr/local/bin:1;/usr/local/sbin:1;/usr/bin:1;/usr/sbin:1;/opt/puppetlabs/bin:1'), ('LMOD_sys', 'Linux'), ('F77', '/uollinapps/v2/24-25/soc/packages/linux-rhel9-x86_64_v3/gcc-11.4.0/gcc-14.2.0-svuh5yskfnrwh537tvxvt642acswwlju/bin/gfortran'), ('which_declare', 'declare -f'), ('COLCON_PREFIX_PATH', '/uolstore/home/users/sc23oy/ros2_ws/install'), ('ROS_DISTRO', 'humble'), ('SINGULARITY_ENVIRONMENT', '/.singularity.d/env/91-environment.sh'), ('LOGNAME', 'sc23oy'), ('MPI_COMPILER', 'openmpi-x86_64'), ('LMOD_VERSION', '8.7.65'), ('_', '/usr/bin/colcon'), ('ROS_VERSION', '2'), ('MPI_LIB', '/usr/lib64/openmpi/lib'), ('PKG_CONFIG_PATH', '/usr/lib64/openmpi/lib/pkgconfig'), ('XDG_SESSION_CLASS', 'user'), ('USERNAME', 'sc23oy'), ('TERM', 'xterm-256color'), ('GAZEBO_MODEL_PATH', '/usr/share/gazebo-11/models:'), ('MPI_BIN', '/usr/lib64/openmpi/bin'), ('ROS_LOCALHOST_ONLY', '1'), ('HISTCONTROL', 'ignoredups'), ('OGRE_RESOURCE_PATH', '/usr/lib/x86_64-linux-gnu/OGRE-1.9.0'), ('PATH', '/opt/ros/humble/bin:/usr/lib64/qt6/bin:/uolstore/home/users/sc23oy/.local/bin:/uolstore/home/users/sc23oy/bin:/usr/local/sbin:/usr/local/bin:/usr/sbin:/usr/bin:/sbin:/bin'), ('MPI_HOME', '/usr/lib64/openmpi'), ('GDM_LANG', 'en_GB.UTF-8'), ('APPTAINER_COMMAND', 'shell'), ('LMOD_SETTARG_FULL_SUPPORT', 'no'), ('__LMOD_REF_COUNT_LD_LIBRARY_PATH', '/usr/lib64/openmpi/lib:1'), ('XDG_MENU_PREFIX', 'gnome-'), ('GNOME_TERMINAL_SCREEN', '/org/gnome/Terminal/screen/3e198ced_e144_4c1b_ba88_d3f0aa723bad'), ('XDG_RUNTIME_DIR', '/run/user/604234'), ('MPI_MAN', '/usr/share/man/openmpi-x86_64'), ('GDK_BACKEND', 'x11'), ('DISPLAY', ':1'), ('HISTSIZE', '1000'), ('APPTAINER_APPNAME', ''), ('LANG', 'en_US.UTF-8'), ('XDG_CURRENT_DESKTOP', 'GNOME'), ('LMOD_ROOT', '/usr/share/lmod'), ('XMODIFIERS', '@im=ibus'), ('XDG_SESSION_DESKTOP', 'gnome'), ('XAUTHORITY', '/run/gdm/auth-for-sc23oy-AYJ5N3/database'), ('LS_COLORS', 'rs=0:di=01;34:ln=01;36:mh=00:pi=40;33:so=01;35:do=01;35:bd=40;33;01:cd=40;33;01:or=40;31;01:mi=01;37;41:su=37;41:sg=30;43:ca=30;41:tw=30;42:ow=34;42:st=37;44:ex=01;32:*.tar=01;31:*.tgz=01;31:*.arc=01;31:*.arj=01;31:*.taz=01;31:*.lha=01;31:*.lz4=01;31:*.lzh=01;31:*.lzma=01;31:*.tlz=01;31:*.txz=01;31:*.tzo=01;31:*.t7z=01;31:*.zip=01;31:*.z=01;31:*.dz=01;31:*.gz=01;31:*.lrz=01;31:*.lz=01;31:*.lzo=01;31:*.xz=01;31:*.zst=01;31:*.tzst=01;31:*.bz2=01;31:*.bz=01;31:*.tbz=01;31:*.tbz2=01;31:*.tz=01;31:*.deb=01;31:*.rpm=01;31:*.jar=01;31:*.war=01;31:*.ear=01;31:*.sar=01;31:*.rar=01;31:*.alz=01;31:*.ace=01;31:*.zoo=01;31:*.cpio=01;31:*.7z=01;31:*.rz=01;31:*.cab=01;31:*.wim=01;31:*.swm=01;31:*.dwm=01;31:*.esd=01;31:*.jpg=01;35:*.jpeg=01;35:*.mjpg=01;35:*.mjpeg=01;35:*.gif=01;35:*.bmp=01;35:*.pbm=01;35:*.pgm=01;35:*.ppm=01;35:*.tga=01;35:*.xbm=01;35:*.xpm=01;35:*.tif=01;35:*.tiff=01;35:*.png=01;35:*.svg=01;35:*.svgz=01;35:*.mng=01;35:*.pcx=01;35:*.mov=01;35:*.mpg=01;35:*.mpeg=01;35:*.m2v=01;35:*.mkv=01;35:*.webm=01;35:*.webp=01;35:*.ogm=01;35:*.mp4=01;35:*.m4v=01;35:*.mp4v=01;35:*.vob=01;35:*.qt=01;35:*.nuv=01;35:*.wmv=01;35:*.asf=01;35:*.rm=01;35:*.rmvb=01;35:*.flc=01;35:*.avi=01;35:*.fli=01;35:*.flv=01;35:*.gl=01;35:*.dl=01;35:*.xcf=01;35:*.xwd=01;35:*.yuv=01;35:*.cgm=01;35:*.emf=01;35:*.ogv=01;35:*.ogx=01;35:*.aac=01;36:*.au=01;36:*.flac=01;36:*.m4a=01;36:*.mid=01;36:*.midi=01;36:*.mka=01;36:*.mp3=01;36:*.mpc=01;36:*.ogg=01;36:*.ra=01;36:*.wav=01;36:*.oga=01;36:*.opus=01;36:*.spx=01;36:*.xspf=01;36:'), ('VSCODE_GIT_IPC_HANDLE', '/run/user/604234/vscode-git-8fb86e4b5d.sock'), ('GNOME_TERMINAL_SERVICE', ':1.59'), ('TERM_PROGRAM', 'vscode'), ('ROS_DOMAIN_ID', '30'), ('AMENT_PREFIX_PATH', '/uolstore/home/users/sc23oy/ros2_ws/install/turtlebot3_gazebo:/uolstore/home/users/sc23oy/ros2_ws/install/turtlebot3_fake_node:/opt/ros/humble'), ('ORIGINAL_XDG_CURRENT_DESKTOP', 'GNOME'), ('SHELL', '/bin/bash'), ('KRB5CCNAME', 'KEYRING:persistent:604234'), ('MPI_SYSCONFIG', '/etc/openmpi-x86_64'), ('MODULEPATH_ROOT', '/usr/share/modulefiles'), ('NO_AT_BRIDGE', '1'), ('CXX', '/usr/bin/g++'), ('GDMSESSION', 'gnome'), ('APPTAINER_CONTAINER', '/vol/scratch/SoC/COMP3631/comp3631.simg'), ('APPTAINER_BIND', '/run/user/604234,/etc/localtime'), ('LMOD_FAMILY_COMPILER', 'gcc'), ('LMOD_CMD', '/usr/share/lmod/lmod/libexec/lmod'), ('_ModuleTable_Sz_', '4'), ('GAZEBO_RESOURCE_PATH', '/usr/share/gazebo-11:'), ('GAZEBO_MODEL_DATABASE_URI', 'http://models.gazebosim.org'), ('SINGULARITY_CONTAINER', '/vol/scratch/SoC/COMP3631/comp3631.simg'), ('VSCODE_GIT_ASKPASS_EXTRA_ARGS', ''), ('BASH_ENV', '/usr/share/lmod/lmod/init/bash'), ('QT_IM_MODULE', 'ibus'), ('SINGULARITY_BIND', '/run/user/604234,/etc/localtime'), ('_ModuleTable001_', 'X01vZHVsZVRhYmxlXyA9IHsKTVR2ZXJzaW9uID0gMywKY19yZWJ1aWxkVGltZSA9IGZhbHNlLApjX3Nob3J0VGltZSA9IGZhbHNlLApkZXB0aFQgPSB7fSwKZmFtaWx5ID0gewpjb21waWxlciA9ICJnY2MiLAp9LAptVCA9IHsKZ2NjID0gewphY3Rpb25BID0gewpbW3ByZXBlbmRfcGF0aCgiTU9EVUxFUEFUSCIsIi91b2xsaW5hcHBzL3YyLzI0LTI1L3NvYy9zcGFjay9lbDkvZ2NjLzE0LjIuMCIpXV0sCn0sCmZuID0gIi91b2xsaW5hcHBzL3YyL2N1cnJlbnQvc29jL3NwYWNrL2VsOS9Db3JlL2djYy8xNC4yLjAubHVhIiwKZnVsbE5hbWUgPSAiZ2NjLzE0LjIuMCIsCmxvYWRPcmRlciA9IDEsCnByb3BUID0ge30sCnN0YWNrRGVwdGggPSAwLApzdGF0dXMgPSAiYWN0aXZlIiwK'), ('DEBUGINFOD_IMA_CERT_PATH', '/etc/keys/ima:'), ('_ModuleTable002_', 'dXNlck5hbWUgPSAiZ2NjIiwKd1YgPSAiMDAwMDAwMDE0LjAwMDAwMDAwMi4qemZpbmFsIiwKfSwKbXBpID0gewpmbiA9ICIvdXNyL3NoYXJlL21vZHVsZWZpbGVzL21waS9vcGVubXBpLXg4Nl82NCIsCmZ1bGxOYW1lID0gIm1waS9vcGVubXBpLXg4Nl82NCIsCmxvYWRPcmRlciA9IDIsCnByb3BUID0ge30sCnN0YWNrRGVwdGggPSAwLApzdGF0dXMgPSAiYWN0aXZlIiwKdXNlck5hbWUgPSAibXBpIiwKd1YgPSAiKm9wZW5tcGkuKnguMDAwMDAwMDg2LipfLjAwMDAwMDA2NC4qemZpbmFsIiwKfSwKfSwKbXBhdGhBID0gewoiL3VvbGxpbmFwcHMvdjIvMjQtMjUvc29jL3NwYWNrL2VsOS9nY2MvMTQuMi4wIiwgIi9ldGMvc2NsL21vZHVsZWZpbGVzIgosICIvdXNyL3NoYXJlL21v'), ('PWD', '/uolstore/home/users/sc23oy/ros2_ws/build/turtlebot3_simulations'), ('LOADEDMODULES', 'gcc/14.2.0:mpi/openmpi-x86_64'), ('TURTLEBOT3_MODEL', 'burger'), ('APPTAINER_NAME', 'comp3631.simg'), ('GAZEBO_PLUGIN_PATH', '/usr/lib/x86_64-linux-gnu/gazebo-11/plugins:'), ('_ModuleTable003_', 'ZHVsZWZpbGVzIiwgIi91b2xsaW5hcHBzL3YyL2N1cnJlbnQvdW9sL3NwYWNrL2VsOS9Db3JlIgosICIvdW9sbGluYXBwcy92Mi9jdXJyZW50L3VvbC9vdGhlci9lbDkiCiwgIi91b2xsaW5hcHBzL3YyL2N1cnJlbnQvc29jL3NwYWNrL2VsOS9Db3JlIgosICIvdW9sbGluYXBwcy92Mi9jdXJyZW50L3NvYy9vdGhlciIsICIvdXNyL3NoYXJlL21vZHVsZWZpbGVzL0xpbnV4IgosICIvdXNyL3NoYXJlL21vZHVsZWZpbGVzL0NvcmUiLCAiL3Vzci9zaGFyZS9sbW9kL2xtb2QvbW9kdWxlZmlsZXMvQ29yZSIsCn0sCnN5c3RlbUJhc2VNUEFUSCA9ICIvZXRjL3NjbC9tb2R1bGVmaWxlczovdXNyL3NoYXJlL21vZHVsZWZpbGVzOi91b2xsaW5hcHBzL3YyL2N1cnJlbnQvdW9sL3NwYWNr'), ('XDG_DATA_DIRS', '/uolstore/home/users/sc23oy/.local/share/flatpak/exports/share:/var/lib/flatpak/exports/share:/usr/local/share:/usr/share'), ('PYTHONPATH', '/opt/ros/humble/lib/python3.10/site-packages:/opt/ros/humble/local/lib/python3.10/dist-packages'), ('_ModuleTable004_', 'L2VsOS9Db3JlOi91b2xsaW5hcHBzL3YyL2N1cnJlbnQvdW9sL290aGVyL2VsOTovdW9sbGluYXBwcy92Mi9jdXJyZW50L3NvYy9zcGFjay9lbDkvQ29yZTovdW9sbGluYXBwcy92Mi9jdXJyZW50L3NvYy9vdGhlcjovdXNyL3NoYXJlL21vZHVsZWZpbGVzL0xpbnV4Oi91c3Ivc2hhcmUvbW9kdWxlZmlsZXMvQ29yZTovdXNyL3NoYXJlL2xtb2QvbG1vZC9tb2R1bGVmaWxlcy9Db3JlIiwKfQo='), ('SINGULARITY_NAME', 'comp3631.simg'), ('CC', '/usr/bin/gcc'), ('COLCON', '1'), ('__LMOD_REF_COUNT_MODULEPATH', '/uollinapps/v2/24-25/soc/spack/el9/gcc/14.2.0:1;/etc/scl/modulefiles:2;/usr/share/modulefiles:1;/uollinapps/v2/current/uol/spack/el9/Core:1;/uollinapps/v2/current/uol/other/el9:1;/uollinapps/v2/current/soc/spack/el9/Core:1;/uollinapps/v2/current/soc/other:1;/usr/share/modulefiles/Linux:1;/usr/share/modulefiles/Core:1;/usr/share/lmod/lmod/modulefiles/Core:1'), ('MANPATH', ':/usr/share/man/openmpi-x86_64:/uollinapps/v2/24-25/soc/packages/linux-rhel9-x86_64_v3/gcc-11.4.0/gcc-14.2.0-svuh5yskfnrwh537tvxvt642acswwlju/share/man:/usr/share/lmod/lmod/share/man:/opt/puppetlabs/puppet/share/man'), ('VTE_VERSION', '6402'), ('MPI_SUFFIX', '_openmpi'), ('__LMOD_REF_COUNT_MANPATH', ':3;/usr/share/man/openmpi-x86_64:1;/uollinapps/v2/24-25/soc/packages/linux-rhel9-x86_64_v3/gcc-11.4.0/gcc-14.2.0-svuh5yskfnrwh537tvxvt642acswwlju/share/man:1;/usr/share/lmod/lmod/share/man:1;/opt/puppetlabs/puppet/share/man:1'), ('MODULEPATH', '/uollinapps/v2/24-25/soc/spack/el9/gcc/14.2.0:/etc/scl/modulefiles:/usr/share/modulefiles:/uollinapps/v2/current/uol/spack/el9/Core:/uollinapps/v2/current/uol/other/el9:/uollinapps/v2/current/soc/spack/el9/Core:/uollinapps/v2/current/soc/other:/usr/share/modulefiles/Linux:/usr/share/modulefiles/Core:/usr/share/lmod/lmod/modulefiles/Core'), ('MODULESHOME', '/usr/share/Modules'), ('CMAKE_PREFIX_PATH', '/uolstore/home/users/sc23oy/ros2_ws/install/turtlebot3_gazebo:/uolstore/home/users/sc23oy/ros2_ws/install/turtlebot3_fake_node:/uollinapps/v2/24-25/soc/packages/linux-rhel9-x86_64_v3/gcc-11.4.0/gcc-14.2.0-svuh5yskfnrwh537tvxvt642acswwlju:/opt/ros/humble')]), 'shell': False}
[26.165494] (-) TimerEvent: {}
[26.256785] (turtlebot3_simulations) StdoutLine: {'line': b'-- The C compiler identification is GNU 11.4.0\n'}
[26.265577] (-) TimerEvent: {}
[26.365884] (-) TimerEvent: {}
[26.374766] (turtlebot3_simulations) StdoutLine: {'line': b'-- The CXX compiler identification is GNU 11.4.0\n'}
[26.397012] (turtlebot3_simulations) StdoutLine: {'line': b'-- Detecting C compiler ABI info\n'}
[26.466003] (-) TimerEvent: {}
[26.566325] (-) TimerEvent: {}
[26.627670] (turtlebot3_simulations) StdoutLine: {'line': b'-- Detecting C compiler ABI info - done\n'}
[26.643876] (turtlebot3_simulations) StdoutLine: {'line': b'-- Check for working C compiler: /usr/bin/gcc - skipped\n'}
[26.644364] (turtlebot3_simulations) StdoutLine: {'line': b'-- Detecting C compile features\n'}
[26.645018] (turtlebot3_simulations) StdoutLine: {'line': b'-- Detecting C compile features - done\n'}
[26.659900] (turtlebot3_simulations) StdoutLine: {'line': b'-- Detecting CXX compiler ABI info\n'}
[26.666401] (-) TimerEvent: {}
[26.766766] (-) TimerEvent: {}
[26.867068] (-) TimerEvent: {}
[26.892109] (turtlebot3_simulations) StdoutLine: {'line': b'-- Detecting CXX compiler ABI info - done\n'}
[26.908383] (turtlebot3_simulations) StdoutLine: {'line': b'-- Check for working CXX compiler: /usr/bin/g++ - skipped\n'}
[26.908959] (turtlebot3_simulations) StdoutLine: {'line': b'-- Detecting CXX compile features\n'}
[26.909681] (turtlebot3_simulations) StdoutLine: {'line': b'-- Detecting CXX compile features - done\n'}
[26.933040] (turtlebot3_simulations) StdoutLine: {'line': b'-- Found ament_cmake: 1.3.7 (/opt/ros/humble/share/ament_cmake/cmake)\n'}
[26.967134] (-) TimerEvent: {}
[27.067392] (-) TimerEvent: {}
[27.167673] (-) TimerEvent: {}
[27.206132] (turtlebot3_simulations) StdoutLine: {'line': b'-- Found Python3: /usr/bin/python3.10 (found version "3.10.12") found components: Interpreter \n'}
[27.267811] (-) TimerEvent: {}
[27.368224] (-) TimerEvent: {}
[27.468633] (-) TimerEvent: {}
[27.568931] (-) TimerEvent: {}
[27.648498] (turtlebot3_simulations) StdoutLine: {'line': b'-- Configuring done\n'}
[27.668996] (-) TimerEvent: {}
[27.726723] (turtlebot3_simulations) StdoutLine: {'line': b'-- Generating done\n'}
[27.751891] (turtlebot3_simulations) StdoutLine: {'line': b'-- Build files have been written to: /uolstore/home/users/sc23oy/ros2_ws/build/turtlebot3_simulations\n'}
[27.757660] (turtlebot3_simulations) CommandEnded: {'returncode': 0}
[27.758929] (turtlebot3_simulations) JobProgress: {'identifier': 'turtlebot3_simulations', 'progress': 'build'}
[27.760043] (turtlebot3_simulations) Command: {'cmd': ['/usr/bin/cmake', '--build', '/uolstore/home/users/sc23oy/ros2_ws/build/turtlebot3_simulations', '--', '-j48', '-l48'], 'cwd': '/uolstore/home/users/sc23oy/ros2_ws/build/turtlebot3_simulations', 'env': OrderedDict([('LESSOPEN', '||/usr/bin/lesspipe.sh %s'), ('LMOD_DIR', '/usr/share/lmod/lmod/libexec'), ('MAIL', '/var/spool/mail/sc23oy'), ('USER', 'sc23oy'), ('__LMOD_REF_COUNT_CMAKE_PREFIX_PATH', '/uollinapps/v2/24-25/soc/packages/linux-rhel9-x86_64_v3/gcc-11.4.0/gcc-14.2.0-svuh5yskfnrwh537tvxvt642acswwlju:1'), ('HOSTNAME', 'feng-linux-07.leeds.ac.uk'), ('XDG_SESSION_TYPE', 'x11'), ('MPI_FORTRAN_MOD_DIR', '/usr/lib64/gfortran/modules/openmpi'), ('GIT_ASKPASS', '/usr/share/code/resources/app/extensions/git/dist/askpass.sh'), ('LMOD_PKG', '/usr/share/lmod/lmod'), ('SHLVL', '3'), ('LD_LIBRARY_PATH', '/usr/lib/x86_64-linux-gnu/gazebo-11/plugins:/opt/ros/humble/opt/rviz_ogre_vendor/lib:/opt/ros/humble/lib/x86_64-linux-gnu:/opt/ros/humble/lib:/.singularity.d/libs:/usr/lib/x86_64-linux-gnu/gazebo-11/plugins:'), ('MPI_INCLUDE', '/usr/include/openmpi-x86_64'), ('HOME', '/uolstore/home/users/sc23oy'), ('CHROME_DESKTOP', 'code-url-handler.desktop'), ('OLDPWD', '/uolstore/home/users/sc23oy/ros2_ws'), ('TERM_PROGRAM_VERSION', '1.86.2'), ('DESKTOP_SESSION', 'gnome'), ('USER_PATH', '/usr/lib64/openmpi/bin:/usr/lib64/qt6/bin:/uollinapps/v2/24-25/soc/packages/linux-rhel9-x86_64_v3/gcc-11.4.0/gcc-14.2.0-svuh5yskfnrwh537tvxvt642acswwlju/bin:/uolstore/home/users/sc23oy/.local/bin:/uolstore/home/users/sc23oy/bin:/usr/local/bin:/usr/local/sbin:/usr/bin:/usr/sbin:/opt/puppetlabs/bin:/bin:/usr/bin:/sbin:/usr/sbin:/usr/local/bin:/usr/local/sbin'), ('__LMOD_REF_COUNT_PKG_CONFIG_PATH', '/usr/lib64/openmpi/lib/pkgconfig:1'), ('GAZEBO_MASTER_URI', 'http://localhost:11345'), ('ROS_PYTHON_VERSION', '3'), ('FPATH', '/usr/share/lmod/lmod/init/ksh_funcs'), ('FC', '/uollinapps/v2/24-25/soc/packages/linux-rhel9-x86_64_v3/gcc-11.4.0/gcc-14.2.0-svuh5yskfnrwh537tvxvt642acswwlju/bin/gfortran'), ('VSCODE_GIT_ASKPASS_MAIN', '/usr/share/code/resources/app/extensions/git/dist/askpass-main.js'), ('PS1', '\\[\x1b]633;A\x07\\][COMP3631] Singularity> \\w $ \\[\x1b]633;B\x07\\]'), ('VSCODE_GIT_ASKPASS_NODE', '/usr/share/code/code'), ('MPI_PYTHON3_SITEARCH', '/usr/lib64/python3.9/site-packages/openmpi'), ('LMOD_FAMILY_COMPILER_VERSION', '14.2.0'), ('_LMFILES_', '/uollinapps/v2/current/soc/spack/el9/Core/gcc/14.2.0.lua:/usr/share/modulefiles/mpi/openmpi-x86_64'), ('DBUS_SESSION_BUS_ADDRESS', 'unix:abstract=/tmp/dbus-8qGMb8aiOx,guid=2ad71e69851b37c21bae78fe69eca169'), ('COLORTERM', 'truecolor'), ('APPTAINER_ENVIRONMENT', '/.singularity.d/env/91-environment.sh'), ('__LMOD_REF_COUNT_PATH', '/usr/lib64/openmpi/bin:1;/usr/lib64/qt6/bin:2;/uollinapps/v2/24-25/soc/packages/linux-rhel9-x86_64_v3/gcc-11.4.0/gcc-14.2.0-svuh5yskfnrwh537tvxvt642acswwlju/bin:1;/uolstore/home/users/sc23oy/.local/bin:1;/uolstore/home/users/sc23oy/bin:1;/usr/local/bin:1;/usr/local/sbin:1;/usr/bin:1;/usr/sbin:1;/opt/puppetlabs/bin:1'), ('LMOD_sys', 'Linux'), ('F77', '/uollinapps/v2/24-25/soc/packages/linux-rhel9-x86_64_v3/gcc-11.4.0/gcc-14.2.0-svuh5yskfnrwh537tvxvt642acswwlju/bin/gfortran'), ('which_declare', 'declare -f'), ('COLCON_PREFIX_PATH', '/uolstore/home/users/sc23oy/ros2_ws/install'), ('ROS_DISTRO', 'humble'), ('SINGULARITY_ENVIRONMENT', '/.singularity.d/env/91-environment.sh'), ('LOGNAME', 'sc23oy'), ('MPI_COMPILER', 'openmpi-x86_64'), ('LMOD_VERSION', '8.7.65'), ('_', '/usr/bin/colcon'), ('ROS_VERSION', '2'), ('MPI_LIB', '/usr/lib64/openmpi/lib'), ('PKG_CONFIG_PATH', '/usr/lib64/openmpi/lib/pkgconfig'), ('XDG_SESSION_CLASS', 'user'), ('USERNAME', 'sc23oy'), ('TERM', 'xterm-256color'), ('GAZEBO_MODEL_PATH', '/usr/share/gazebo-11/models:'), ('MPI_BIN', '/usr/lib64/openmpi/bin'), ('ROS_LOCALHOST_ONLY', '1'), ('HISTCONTROL', 'ignoredups'), ('OGRE_RESOURCE_PATH', '/usr/lib/x86_64-linux-gnu/OGRE-1.9.0'), ('PATH', '/opt/ros/humble/bin:/usr/lib64/qt6/bin:/uolstore/home/users/sc23oy/.local/bin:/uolstore/home/users/sc23oy/bin:/usr/local/sbin:/usr/local/bin:/usr/sbin:/usr/bin:/sbin:/bin'), ('MPI_HOME', '/usr/lib64/openmpi'), ('GDM_LANG', 'en_GB.UTF-8'), ('APPTAINER_COMMAND', 'shell'), ('LMOD_SETTARG_FULL_SUPPORT', 'no'), ('__LMOD_REF_COUNT_LD_LIBRARY_PATH', '/usr/lib64/openmpi/lib:1'), ('XDG_MENU_PREFIX', 'gnome-'), ('GNOME_TERMINAL_SCREEN', '/org/gnome/Terminal/screen/3e198ced_e144_4c1b_ba88_d3f0aa723bad'), ('XDG_RUNTIME_DIR', '/run/user/604234'), ('MPI_MAN', '/usr/share/man/openmpi-x86_64'), ('GDK_BACKEND', 'x11'), ('DISPLAY', ':1'), ('HISTSIZE', '1000'), ('APPTAINER_APPNAME', ''), ('LANG', 'en_US.UTF-8'), ('XDG_CURRENT_DESKTOP', 'GNOME'), ('LMOD_ROOT', '/usr/share/lmod'), ('XMODIFIERS', '@im=ibus'), ('XDG_SESSION_DESKTOP', 'gnome'), ('XAUTHORITY', '/run/gdm/auth-for-sc23oy-AYJ5N3/database'), ('LS_COLORS', 'rs=0:di=01;34:ln=01;36:mh=00:pi=40;33:so=01;35:do=01;35:bd=40;33;01:cd=40;33;01:or=40;31;01:mi=01;37;41:su=37;41:sg=30;43:ca=30;41:tw=30;42:ow=34;42:st=37;44:ex=01;32:*.tar=01;31:*.tgz=01;31:*.arc=01;31:*.arj=01;31:*.taz=01;31:*.lha=01;31:*.lz4=01;31:*.lzh=01;31:*.lzma=01;31:*.tlz=01;31:*.txz=01;31:*.tzo=01;31:*.t7z=01;31:*.zip=01;31:*.z=01;31:*.dz=01;31:*.gz=01;31:*.lrz=01;31:*.lz=01;31:*.lzo=01;31:*.xz=01;31:*.zst=01;31:*.tzst=01;31:*.bz2=01;31:*.bz=01;31:*.tbz=01;31:*.tbz2=01;31:*.tz=01;31:*.deb=01;31:*.rpm=01;31:*.jar=01;31:*.war=01;31:*.ear=01;31:*.sar=01;31:*.rar=01;31:*.alz=01;31:*.ace=01;31:*.zoo=01;31:*.cpio=01;31:*.7z=01;31:*.rz=01;31:*.cab=01;31:*.wim=01;31:*.swm=01;31:*.dwm=01;31:*.esd=01;31:*.jpg=01;35:*.jpeg=01;35:*.mjpg=01;35:*.mjpeg=01;35:*.gif=01;35:*.bmp=01;35:*.pbm=01;35:*.pgm=01;35:*.ppm=01;35:*.tga=01;35:*.xbm=01;35:*.xpm=01;35:*.tif=01;35:*.tiff=01;35:*.png=01;35:*.svg=01;35:*.svgz=01;35:*.mng=01;35:*.pcx=01;35:*.mov=01;35:*.mpg=01;35:*.mpeg=01;35:*.m2v=01;35:*.mkv=01;35:*.webm=01;35:*.webp=01;35:*.ogm=01;35:*.mp4=01;35:*.m4v=01;35:*.mp4v=01;35:*.vob=01;35:*.qt=01;35:*.nuv=01;35:*.wmv=01;35:*.asf=01;35:*.rm=01;35:*.rmvb=01;35:*.flc=01;35:*.avi=01;35:*.fli=01;35:*.flv=01;35:*.gl=01;35:*.dl=01;35:*.xcf=01;35:*.xwd=01;35:*.yuv=01;35:*.cgm=01;35:*.emf=01;35:*.ogv=01;35:*.ogx=01;35:*.aac=01;36:*.au=01;36:*.flac=01;36:*.m4a=01;36:*.mid=01;36:*.midi=01;36:*.mka=01;36:*.mp3=01;36:*.mpc=01;36:*.ogg=01;36:*.ra=01;36:*.wav=01;36:*.oga=01;36:*.opus=01;36:*.spx=01;36:*.xspf=01;36:'), ('VSCODE_GIT_IPC_HANDLE', '/run/user/604234/vscode-git-8fb86e4b5d.sock'), ('GNOME_TERMINAL_SERVICE', ':1.59'), ('TERM_PROGRAM', 'vscode'), ('ROS_DOMAIN_ID', '30'), ('AMENT_PREFIX_PATH', '/uolstore/home/users/sc23oy/ros2_ws/install/turtlebot3_gazebo:/uolstore/home/users/sc23oy/ros2_ws/install/turtlebot3_fake_node:/opt/ros/humble'), ('ORIGINAL_XDG_CURRENT_DESKTOP', 'GNOME'), ('SHELL', '/bin/bash'), ('KRB5CCNAME', 'KEYRING:persistent:604234'), ('MPI_SYSCONFIG', '/etc/openmpi-x86_64'), ('MODULEPATH_ROOT', '/usr/share/modulefiles'), ('NO_AT_BRIDGE', '1'), ('CXX', '/usr/bin/g++'), ('GDMSESSION', 'gnome'), ('APPTAINER_CONTAINER', '/vol/scratch/SoC/COMP3631/comp3631.simg'), ('APPTAINER_BIND', '/run/user/604234,/etc/localtime'), ('LMOD_FAMILY_COMPILER', 'gcc'), ('LMOD_CMD', '/usr/share/lmod/lmod/libexec/lmod'), ('_ModuleTable_Sz_', '4'), ('GAZEBO_RESOURCE_PATH', '/usr/share/gazebo-11:'), ('GAZEBO_MODEL_DATABASE_URI', 'http://models.gazebosim.org'), ('SINGULARITY_CONTAINER', '/vol/scratch/SoC/COMP3631/comp3631.simg'), ('VSCODE_GIT_ASKPASS_EXTRA_ARGS', ''), ('BASH_ENV', '/usr/share/lmod/lmod/init/bash'), ('QT_IM_MODULE', 'ibus'), ('SINGULARITY_BIND', '/run/user/604234,/etc/localtime'), ('_ModuleTable001_', 'X01vZHVsZVRhYmxlXyA9IHsKTVR2ZXJzaW9uID0gMywKY19yZWJ1aWxkVGltZSA9IGZhbHNlLApjX3Nob3J0VGltZSA9IGZhbHNlLApkZXB0aFQgPSB7fSwKZmFtaWx5ID0gewpjb21waWxlciA9ICJnY2MiLAp9LAptVCA9IHsKZ2NjID0gewphY3Rpb25BID0gewpbW3ByZXBlbmRfcGF0aCgiTU9EVUxFUEFUSCIsIi91b2xsaW5hcHBzL3YyLzI0LTI1L3NvYy9zcGFjay9lbDkvZ2NjLzE0LjIuMCIpXV0sCn0sCmZuID0gIi91b2xsaW5hcHBzL3YyL2N1cnJlbnQvc29jL3NwYWNrL2VsOS9Db3JlL2djYy8xNC4yLjAubHVhIiwKZnVsbE5hbWUgPSAiZ2NjLzE0LjIuMCIsCmxvYWRPcmRlciA9IDEsCnByb3BUID0ge30sCnN0YWNrRGVwdGggPSAwLApzdGF0dXMgPSAiYWN0aXZlIiwK'), ('DEBUGINFOD_IMA_CERT_PATH', '/etc/keys/ima:'), ('_ModuleTable002_', 'dXNlck5hbWUgPSAiZ2NjIiwKd1YgPSAiMDAwMDAwMDE0LjAwMDAwMDAwMi4qemZpbmFsIiwKfSwKbXBpID0gewpmbiA9ICIvdXNyL3NoYXJlL21vZHVsZWZpbGVzL21waS9vcGVubXBpLXg4Nl82NCIsCmZ1bGxOYW1lID0gIm1waS9vcGVubXBpLXg4Nl82NCIsCmxvYWRPcmRlciA9IDIsCnByb3BUID0ge30sCnN0YWNrRGVwdGggPSAwLApzdGF0dXMgPSAiYWN0aXZlIiwKdXNlck5hbWUgPSAibXBpIiwKd1YgPSAiKm9wZW5tcGkuKnguMDAwMDAwMDg2LipfLjAwMDAwMDA2NC4qemZpbmFsIiwKfSwKfSwKbXBhdGhBID0gewoiL3VvbGxpbmFwcHMvdjIvMjQtMjUvc29jL3NwYWNrL2VsOS9nY2MvMTQuMi4wIiwgIi9ldGMvc2NsL21vZHVsZWZpbGVzIgosICIvdXNyL3NoYXJlL21v'), ('PWD', '/uolstore/home/users/sc23oy/ros2_ws/build/turtlebot3_simulations'), ('LOADEDMODULES', 'gcc/14.2.0:mpi/openmpi-x86_64'), ('TURTLEBOT3_MODEL', 'burger'), ('APPTAINER_NAME', 'comp3631.simg'), ('GAZEBO_PLUGIN_PATH', '/usr/lib/x86_64-linux-gnu/gazebo-11/plugins:'), ('_ModuleTable003_', 'ZHVsZWZpbGVzIiwgIi91b2xsaW5hcHBzL3YyL2N1cnJlbnQvdW9sL3NwYWNrL2VsOS9Db3JlIgosICIvdW9sbGluYXBwcy92Mi9jdXJyZW50L3VvbC9vdGhlci9lbDkiCiwgIi91b2xsaW5hcHBzL3YyL2N1cnJlbnQvc29jL3NwYWNrL2VsOS9Db3JlIgosICIvdW9sbGluYXBwcy92Mi9jdXJyZW50L3NvYy9vdGhlciIsICIvdXNyL3NoYXJlL21vZHVsZWZpbGVzL0xpbnV4IgosICIvdXNyL3NoYXJlL21vZHVsZWZpbGVzL0NvcmUiLCAiL3Vzci9zaGFyZS9sbW9kL2xtb2QvbW9kdWxlZmlsZXMvQ29yZSIsCn0sCnN5c3RlbUJhc2VNUEFUSCA9ICIvZXRjL3NjbC9tb2R1bGVmaWxlczovdXNyL3NoYXJlL21vZHVsZWZpbGVzOi91b2xsaW5hcHBzL3YyL2N1cnJlbnQvdW9sL3NwYWNr'), ('XDG_DATA_DIRS', '/uolstore/home/users/sc23oy/.local/share/flatpak/exports/share:/var/lib/flatpak/exports/share:/usr/local/share:/usr/share'), ('PYTHONPATH', '/opt/ros/humble/lib/python3.10/site-packages:/opt/ros/humble/local/lib/python3.10/dist-packages'), ('_ModuleTable004_', 'L2VsOS9Db3JlOi91b2xsaW5hcHBzL3YyL2N1cnJlbnQvdW9sL290aGVyL2VsOTovdW9sbGluYXBwcy92Mi9jdXJyZW50L3NvYy9zcGFjay9lbDkvQ29yZTovdW9sbGluYXBwcy92Mi9jdXJyZW50L3NvYy9vdGhlcjovdXNyL3NoYXJlL21vZHVsZWZpbGVzL0xpbnV4Oi91c3Ivc2hhcmUvbW9kdWxlZmlsZXMvQ29yZTovdXNyL3NoYXJlL2xtb2QvbG1vZC9tb2R1bGVmaWxlcy9Db3JlIiwKfQo='), ('SINGULARITY_NAME', 'comp3631.simg'), ('CC', '/usr/bin/gcc'), ('COLCON', '1'), ('__LMOD_REF_COUNT_MODULEPATH', '/uollinapps/v2/24-25/soc/spack/el9/gcc/14.2.0:1;/etc/scl/modulefiles:2;/usr/share/modulefiles:1;/uollinapps/v2/current/uol/spack/el9/Core:1;/uollinapps/v2/current/uol/other/el9:1;/uollinapps/v2/current/soc/spack/el9/Core:1;/uollinapps/v2/current/soc/other:1;/usr/share/modulefiles/Linux:1;/usr/share/modulefiles/Core:1;/usr/share/lmod/lmod/modulefiles/Core:1'), ('MANPATH', ':/usr/share/man/openmpi-x86_64:/uollinapps/v2/24-25/soc/packages/linux-rhel9-x86_64_v3/gcc-11.4.0/gcc-14.2.0-svuh5yskfnrwh537tvxvt642acswwlju/share/man:/usr/share/lmod/lmod/share/man:/opt/puppetlabs/puppet/share/man'), ('VTE_VERSION', '6402'), ('MPI_SUFFIX', '_openmpi'), ('__LMOD_REF_COUNT_MANPATH', ':3;/usr/share/man/openmpi-x86_64:1;/uollinapps/v2/24-25/soc/packages/linux-rhel9-x86_64_v3/gcc-11.4.0/gcc-14.2.0-svuh5yskfnrwh537tvxvt642acswwlju/share/man:1;/usr/share/lmod/lmod/share/man:1;/opt/puppetlabs/puppet/share/man:1'), ('MODULEPATH', '/uollinapps/v2/24-25/soc/spack/el9/gcc/14.2.0:/etc/scl/modulefiles:/usr/share/modulefiles:/uollinapps/v2/current/uol/spack/el9/Core:/uollinapps/v2/current/uol/other/el9:/uollinapps/v2/current/soc/spack/el9/Core:/uollinapps/v2/current/soc/other:/usr/share/modulefiles/Linux:/usr/share/modulefiles/Core:/usr/share/lmod/lmod/modulefiles/Core'), ('MODULESHOME', '/usr/share/Modules'), ('CMAKE_PREFIX_PATH', '/uolstore/home/users/sc23oy/ros2_ws/install/turtlebot3_gazebo:/uolstore/home/users/sc23oy/ros2_ws/install/turtlebot3_fake_node:/uollinapps/v2/24-25/soc/packages/linux-rhel9-x86_64_v3/gcc-11.4.0/gcc-14.2.0-svuh5yskfnrwh537tvxvt642acswwlju:/opt/ros/humble')]), 'shell': False}
[27.769070] (-) TimerEvent: {}
[27.846451] (turtlebot3_simulations) CommandEnded: {'returncode': 0}
[27.869173] (-) TimerEvent: {}
[27.889835] (turtlebot3_simulations) JobProgress: {'identifier': 'turtlebot3_simulations', 'progress': 'install'}
[27.890776] (turtlebot3_simulations) Command: {'cmd': ['/usr/bin/cmake', '--install', '/uolstore/home/users/sc23oy/ros2_ws/build/turtlebot3_simulations'], 'cwd': '/uolstore/home/users/sc23oy/ros2_ws/build/turtlebot3_simulations', 'env': OrderedDict([('LESSOPEN', '||/usr/bin/lesspipe.sh %s'), ('LMOD_DIR', '/usr/share/lmod/lmod/libexec'), ('MAIL', '/var/spool/mail/sc23oy'), ('USER', 'sc23oy'), ('__LMOD_REF_COUNT_CMAKE_PREFIX_PATH', '/uollinapps/v2/24-25/soc/packages/linux-rhel9-x86_64_v3/gcc-11.4.0/gcc-14.2.0-svuh5yskfnrwh537tvxvt642acswwlju:1'), ('HOSTNAME', 'feng-linux-07.leeds.ac.uk'), ('XDG_SESSION_TYPE', 'x11'), ('MPI_FORTRAN_MOD_DIR', '/usr/lib64/gfortran/modules/openmpi'), ('GIT_ASKPASS', '/usr/share/code/resources/app/extensions/git/dist/askpass.sh'), ('LMOD_PKG', '/usr/share/lmod/lmod'), ('SHLVL', '3'), ('LD_LIBRARY_PATH', '/usr/lib/x86_64-linux-gnu/gazebo-11/plugins:/opt/ros/humble/opt/rviz_ogre_vendor/lib:/opt/ros/humble/lib/x86_64-linux-gnu:/opt/ros/humble/lib:/.singularity.d/libs:/usr/lib/x86_64-linux-gnu/gazebo-11/plugins:'), ('MPI_INCLUDE', '/usr/include/openmpi-x86_64'), ('HOME', '/uolstore/home/users/sc23oy'), ('CHROME_DESKTOP', 'code-url-handler.desktop'), ('OLDPWD', '/uolstore/home/users/sc23oy/ros2_ws'), ('TERM_PROGRAM_VERSION', '1.86.2'), ('DESKTOP_SESSION', 'gnome'), ('USER_PATH', '/usr/lib64/openmpi/bin:/usr/lib64/qt6/bin:/uollinapps/v2/24-25/soc/packages/linux-rhel9-x86_64_v3/gcc-11.4.0/gcc-14.2.0-svuh5yskfnrwh537tvxvt642acswwlju/bin:/uolstore/home/users/sc23oy/.local/bin:/uolstore/home/users/sc23oy/bin:/usr/local/bin:/usr/local/sbin:/usr/bin:/usr/sbin:/opt/puppetlabs/bin:/bin:/usr/bin:/sbin:/usr/sbin:/usr/local/bin:/usr/local/sbin'), ('__LMOD_REF_COUNT_PKG_CONFIG_PATH', '/usr/lib64/openmpi/lib/pkgconfig:1'), ('GAZEBO_MASTER_URI', 'http://localhost:11345'), ('ROS_PYTHON_VERSION', '3'), ('FPATH', '/usr/share/lmod/lmod/init/ksh_funcs'), ('FC', '/uollinapps/v2/24-25/soc/packages/linux-rhel9-x86_64_v3/gcc-11.4.0/gcc-14.2.0-svuh5yskfnrwh537tvxvt642acswwlju/bin/gfortran'), ('VSCODE_GIT_ASKPASS_MAIN', '/usr/share/code/resources/app/extensions/git/dist/askpass-main.js'), ('PS1', '\\[\x1b]633;A\x07\\][COMP3631] Singularity> \\w $ \\[\x1b]633;B\x07\\]'), ('VSCODE_GIT_ASKPASS_NODE', '/usr/share/code/code'), ('MPI_PYTHON3_SITEARCH', '/usr/lib64/python3.9/site-packages/openmpi'), ('LMOD_FAMILY_COMPILER_VERSION', '14.2.0'), ('_LMFILES_', '/uollinapps/v2/current/soc/spack/el9/Core/gcc/14.2.0.lua:/usr/share/modulefiles/mpi/openmpi-x86_64'), ('DBUS_SESSION_BUS_ADDRESS', 'unix:abstract=/tmp/dbus-8qGMb8aiOx,guid=2ad71e69851b37c21bae78fe69eca169'), ('COLORTERM', 'truecolor'), ('APPTAINER_ENVIRONMENT', '/.singularity.d/env/91-environment.sh'), ('__LMOD_REF_COUNT_PATH', '/usr/lib64/openmpi/bin:1;/usr/lib64/qt6/bin:2;/uollinapps/v2/24-25/soc/packages/linux-rhel9-x86_64_v3/gcc-11.4.0/gcc-14.2.0-svuh5yskfnrwh537tvxvt642acswwlju/bin:1;/uolstore/home/users/sc23oy/.local/bin:1;/uolstore/home/users/sc23oy/bin:1;/usr/local/bin:1;/usr/local/sbin:1;/usr/bin:1;/usr/sbin:1;/opt/puppetlabs/bin:1'), ('LMOD_sys', 'Linux'), ('F77', '/uollinapps/v2/24-25/soc/packages/linux-rhel9-x86_64_v3/gcc-11.4.0/gcc-14.2.0-svuh5yskfnrwh537tvxvt642acswwlju/bin/gfortran'), ('which_declare', 'declare -f'), ('COLCON_PREFIX_PATH', '/uolstore/home/users/sc23oy/ros2_ws/install'), ('ROS_DISTRO', 'humble'), ('SINGULARITY_ENVIRONMENT', '/.singularity.d/env/91-environment.sh'), ('LOGNAME', 'sc23oy'), ('MPI_COMPILER', 'openmpi-x86_64'), ('LMOD_VERSION', '8.7.65'), ('_', '/usr/bin/colcon'), ('ROS_VERSION', '2'), ('MPI_LIB', '/usr/lib64/openmpi/lib'), ('PKG_CONFIG_PATH', '/usr/lib64/openmpi/lib/pkgconfig'), ('XDG_SESSION_CLASS', 'user'), ('USERNAME', 'sc23oy'), ('TERM', 'xterm-256color'), ('GAZEBO_MODEL_PATH', '/usr/share/gazebo-11/models:'), ('MPI_BIN', '/usr/lib64/openmpi/bin'), ('ROS_LOCALHOST_ONLY', '1'), ('HISTCONTROL', 'ignoredups'), ('OGRE_RESOURCE_PATH', '/usr/lib/x86_64-linux-gnu/OGRE-1.9.0'), ('PATH', '/opt/ros/humble/bin:/usr/lib64/qt6/bin:/uolstore/home/users/sc23oy/.local/bin:/uolstore/home/users/sc23oy/bin:/usr/local/sbin:/usr/local/bin:/usr/sbin:/usr/bin:/sbin:/bin'), ('MPI_HOME', '/usr/lib64/openmpi'), ('GDM_LANG', 'en_GB.UTF-8'), ('APPTAINER_COMMAND', 'shell'), ('LMOD_SETTARG_FULL_SUPPORT', 'no'), ('__LMOD_REF_COUNT_LD_LIBRARY_PATH', '/usr/lib64/openmpi/lib:1'), ('XDG_MENU_PREFIX', 'gnome-'), ('GNOME_TERMINAL_SCREEN', '/org/gnome/Terminal/screen/3e198ced_e144_4c1b_ba88_d3f0aa723bad'), ('XDG_RUNTIME_DIR', '/run/user/604234'), ('MPI_MAN', '/usr/share/man/openmpi-x86_64'), ('GDK_BACKEND', 'x11'), ('DISPLAY', ':1'), ('HISTSIZE', '1000'), ('APPTAINER_APPNAME', ''), ('LANG', 'en_US.UTF-8'), ('XDG_CURRENT_DESKTOP', 'GNOME'), ('LMOD_ROOT', '/usr/share/lmod'), ('XMODIFIERS', '@im=ibus'), ('XDG_SESSION_DESKTOP', 'gnome'), ('XAUTHORITY', '/run/gdm/auth-for-sc23oy-AYJ5N3/database'), ('LS_COLORS', 'rs=0:di=01;34:ln=01;36:mh=00:pi=40;33:so=01;35:do=01;35:bd=40;33;01:cd=40;33;01:or=40;31;01:mi=01;37;41:su=37;41:sg=30;43:ca=30;41:tw=30;42:ow=34;42:st=37;44:ex=01;32:*.tar=01;31:*.tgz=01;31:*.arc=01;31:*.arj=01;31:*.taz=01;31:*.lha=01;31:*.lz4=01;31:*.lzh=01;31:*.lzma=01;31:*.tlz=01;31:*.txz=01;31:*.tzo=01;31:*.t7z=01;31:*.zip=01;31:*.z=01;31:*.dz=01;31:*.gz=01;31:*.lrz=01;31:*.lz=01;31:*.lzo=01;31:*.xz=01;31:*.zst=01;31:*.tzst=01;31:*.bz2=01;31:*.bz=01;31:*.tbz=01;31:*.tbz2=01;31:*.tz=01;31:*.deb=01;31:*.rpm=01;31:*.jar=01;31:*.war=01;31:*.ear=01;31:*.sar=01;31:*.rar=01;31:*.alz=01;31:*.ace=01;31:*.zoo=01;31:*.cpio=01;31:*.7z=01;31:*.rz=01;31:*.cab=01;31:*.wim=01;31:*.swm=01;31:*.dwm=01;31:*.esd=01;31:*.jpg=01;35:*.jpeg=01;35:*.mjpg=01;35:*.mjpeg=01;35:*.gif=01;35:*.bmp=01;35:*.pbm=01;35:*.pgm=01;35:*.ppm=01;35:*.tga=01;35:*.xbm=01;35:*.xpm=01;35:*.tif=01;35:*.tiff=01;35:*.png=01;35:*.svg=01;35:*.svgz=01;35:*.mng=01;35:*.pcx=01;35:*.mov=01;35:*.mpg=01;35:*.mpeg=01;35:*.m2v=01;35:*.mkv=01;35:*.webm=01;35:*.webp=01;35:*.ogm=01;35:*.mp4=01;35:*.m4v=01;35:*.mp4v=01;35:*.vob=01;35:*.qt=01;35:*.nuv=01;35:*.wmv=01;35:*.asf=01;35:*.rm=01;35:*.rmvb=01;35:*.flc=01;35:*.avi=01;35:*.fli=01;35:*.flv=01;35:*.gl=01;35:*.dl=01;35:*.xcf=01;35:*.xwd=01;35:*.yuv=01;35:*.cgm=01;35:*.emf=01;35:*.ogv=01;35:*.ogx=01;35:*.aac=01;36:*.au=01;36:*.flac=01;36:*.m4a=01;36:*.mid=01;36:*.midi=01;36:*.mka=01;36:*.mp3=01;36:*.mpc=01;36:*.ogg=01;36:*.ra=01;36:*.wav=01;36:*.oga=01;36:*.opus=01;36:*.spx=01;36:*.xspf=01;36:'), ('VSCODE_GIT_IPC_HANDLE', '/run/user/604234/vscode-git-8fb86e4b5d.sock'), ('GNOME_TERMINAL_SERVICE', ':1.59'), ('TERM_PROGRAM', 'vscode'), ('ROS_DOMAIN_ID', '30'), ('AMENT_PREFIX_PATH', '/uolstore/home/users/sc23oy/ros2_ws/install/turtlebot3_gazebo:/uolstore/home/users/sc23oy/ros2_ws/install/turtlebot3_fake_node:/opt/ros/humble'), ('ORIGINAL_XDG_CURRENT_DESKTOP', 'GNOME'), ('SHELL', '/bin/bash'), ('KRB5CCNAME', 'KEYRING:persistent:604234'), ('MPI_SYSCONFIG', '/etc/openmpi-x86_64'), ('MODULEPATH_ROOT', '/usr/share/modulefiles'), ('NO_AT_BRIDGE', '1'), ('CXX', '/usr/bin/g++'), ('GDMSESSION', 'gnome'), ('APPTAINER_CONTAINER', '/vol/scratch/SoC/COMP3631/comp3631.simg'), ('APPTAINER_BIND', '/run/user/604234,/etc/localtime'), ('LMOD_FAMILY_COMPILER', 'gcc'), ('LMOD_CMD', '/usr/share/lmod/lmod/libexec/lmod'), ('_ModuleTable_Sz_', '4'), ('GAZEBO_RESOURCE_PATH', '/usr/share/gazebo-11:'), ('GAZEBO_MODEL_DATABASE_URI', 'http://models.gazebosim.org'), ('SINGULARITY_CONTAINER', '/vol/scratch/SoC/COMP3631/comp3631.simg'), ('VSCODE_GIT_ASKPASS_EXTRA_ARGS', ''), ('BASH_ENV', '/usr/share/lmod/lmod/init/bash'), ('QT_IM_MODULE', 'ibus'), ('SINGULARITY_BIND', '/run/user/604234,/etc/localtime'), ('_ModuleTable001_', 'X01vZHVsZVRhYmxlXyA9IHsKTVR2ZXJzaW9uID0gMywKY19yZWJ1aWxkVGltZSA9IGZhbHNlLApjX3Nob3J0VGltZSA9IGZhbHNlLApkZXB0aFQgPSB7fSwKZmFtaWx5ID0gewpjb21waWxlciA9ICJnY2MiLAp9LAptVCA9IHsKZ2NjID0gewphY3Rpb25BID0gewpbW3ByZXBlbmRfcGF0aCgiTU9EVUxFUEFUSCIsIi91b2xsaW5hcHBzL3YyLzI0LTI1L3NvYy9zcGFjay9lbDkvZ2NjLzE0LjIuMCIpXV0sCn0sCmZuID0gIi91b2xsaW5hcHBzL3YyL2N1cnJlbnQvc29jL3NwYWNrL2VsOS9Db3JlL2djYy8xNC4yLjAubHVhIiwKZnVsbE5hbWUgPSAiZ2NjLzE0LjIuMCIsCmxvYWRPcmRlciA9IDEsCnByb3BUID0ge30sCnN0YWNrRGVwdGggPSAwLApzdGF0dXMgPSAiYWN0aXZlIiwK'), ('DEBUGINFOD_IMA_CERT_PATH', '/etc/keys/ima:'), ('_ModuleTable002_', 'dXNlck5hbWUgPSAiZ2NjIiwKd1YgPSAiMDAwMDAwMDE0LjAwMDAwMDAwMi4qemZpbmFsIiwKfSwKbXBpID0gewpmbiA9ICIvdXNyL3NoYXJlL21vZHVsZWZpbGVzL21waS9vcGVubXBpLXg4Nl82NCIsCmZ1bGxOYW1lID0gIm1waS9vcGVubXBpLXg4Nl82NCIsCmxvYWRPcmRlciA9IDIsCnByb3BUID0ge30sCnN0YWNrRGVwdGggPSAwLApzdGF0dXMgPSAiYWN0aXZlIiwKdXNlck5hbWUgPSAibXBpIiwKd1YgPSAiKm9wZW5tcGkuKnguMDAwMDAwMDg2LipfLjAwMDAwMDA2NC4qemZpbmFsIiwKfSwKfSwKbXBhdGhBID0gewoiL3VvbGxpbmFwcHMvdjIvMjQtMjUvc29jL3NwYWNrL2VsOS9nY2MvMTQuMi4wIiwgIi9ldGMvc2NsL21vZHVsZWZpbGVzIgosICIvdXNyL3NoYXJlL21v'), ('PWD', '/uolstore/home/users/sc23oy/ros2_ws/build/turtlebot3_simulations'), ('LOADEDMODULES', 'gcc/14.2.0:mpi/openmpi-x86_64'), ('TURTLEBOT3_MODEL', 'burger'), ('APPTAINER_NAME', 'comp3631.simg'), ('GAZEBO_PLUGIN_PATH', '/usr/lib/x86_64-linux-gnu/gazebo-11/plugins:'), ('_ModuleTable003_', 'ZHVsZWZpbGVzIiwgIi91b2xsaW5hcHBzL3YyL2N1cnJlbnQvdW9sL3NwYWNrL2VsOS9Db3JlIgosICIvdW9sbGluYXBwcy92Mi9jdXJyZW50L3VvbC9vdGhlci9lbDkiCiwgIi91b2xsaW5hcHBzL3YyL2N1cnJlbnQvc29jL3NwYWNrL2VsOS9Db3JlIgosICIvdW9sbGluYXBwcy92Mi9jdXJyZW50L3NvYy9vdGhlciIsICIvdXNyL3NoYXJlL21vZHVsZWZpbGVzL0xpbnV4IgosICIvdXNyL3NoYXJlL21vZHVsZWZpbGVzL0NvcmUiLCAiL3Vzci9zaGFyZS9sbW9kL2xtb2QvbW9kdWxlZmlsZXMvQ29yZSIsCn0sCnN5c3RlbUJhc2VNUEFUSCA9ICIvZXRjL3NjbC9tb2R1bGVmaWxlczovdXNyL3NoYXJlL21vZHVsZWZpbGVzOi91b2xsaW5hcHBzL3YyL2N1cnJlbnQvdW9sL3NwYWNr'), ('XDG_DATA_DIRS', '/uolstore/home/users/sc23oy/.local/share/flatpak/exports/share:/var/lib/flatpak/exports/share:/usr/local/share:/usr/share'), ('PYTHONPATH', '/opt/ros/humble/lib/python3.10/site-packages:/opt/ros/humble/local/lib/python3.10/dist-packages'), ('_ModuleTable004_', 'L2VsOS9Db3JlOi91b2xsaW5hcHBzL3YyL2N1cnJlbnQvdW9sL290aGVyL2VsOTovdW9sbGluYXBwcy92Mi9jdXJyZW50L3NvYy9zcGFjay9lbDkvQ29yZTovdW9sbGluYXBwcy92Mi9jdXJyZW50L3NvYy9vdGhlcjovdXNyL3NoYXJlL21vZHVsZWZpbGVzL0xpbnV4Oi91c3Ivc2hhcmUvbW9kdWxlZmlsZXMvQ29yZTovdXNyL3NoYXJlL2xtb2QvbG1vZC9tb2R1bGVmaWxlcy9Db3JlIiwKfQo='), ('SINGULARITY_NAME', 'comp3631.simg'), ('CC', '/usr/bin/gcc'), ('COLCON', '1'), ('__LMOD_REF_COUNT_MODULEPATH', '/uollinapps/v2/24-25/soc/spack/el9/gcc/14.2.0:1;/etc/scl/modulefiles:2;/usr/share/modulefiles:1;/uollinapps/v2/current/uol/spack/el9/Core:1;/uollinapps/v2/current/uol/other/el9:1;/uollinapps/v2/current/soc/spack/el9/Core:1;/uollinapps/v2/current/soc/other:1;/usr/share/modulefiles/Linux:1;/usr/share/modulefiles/Core:1;/usr/share/lmod/lmod/modulefiles/Core:1'), ('MANPATH', ':/usr/share/man/openmpi-x86_64:/uollinapps/v2/24-25/soc/packages/linux-rhel9-x86_64_v3/gcc-11.4.0/gcc-14.2.0-svuh5yskfnrwh537tvxvt642acswwlju/share/man:/usr/share/lmod/lmod/share/man:/opt/puppetlabs/puppet/share/man'), ('VTE_VERSION', '6402'), ('MPI_SUFFIX', '_openmpi'), ('__LMOD_REF_COUNT_MANPATH', ':3;/usr/share/man/openmpi-x86_64:1;/uollinapps/v2/24-25/soc/packages/linux-rhel9-x86_64_v3/gcc-11.4.0/gcc-14.2.0-svuh5yskfnrwh537tvxvt642acswwlju/share/man:1;/usr/share/lmod/lmod/share/man:1;/opt/puppetlabs/puppet/share/man:1'), ('MODULEPATH', '/uollinapps/v2/24-25/soc/spack/el9/gcc/14.2.0:/etc/scl/modulefiles:/usr/share/modulefiles:/uollinapps/v2/current/uol/spack/el9/Core:/uollinapps/v2/current/uol/other/el9:/uollinapps/v2/current/soc/spack/el9/Core:/uollinapps/v2/current/soc/other:/usr/share/modulefiles/Linux:/usr/share/modulefiles/Core:/usr/share/lmod/lmod/modulefiles/Core'), ('MODULESHOME', '/usr/share/Modules'), ('CMAKE_PREFIX_PATH', '/uolstore/home/users/sc23oy/ros2_ws/install/turtlebot3_gazebo:/uolstore/home/users/sc23oy/ros2_ws/install/turtlebot3_fake_node:/uollinapps/v2/24-25/soc/packages/linux-rhel9-x86_64_v3/gcc-11.4.0/gcc-14.2.0-svuh5yskfnrwh537tvxvt642acswwlju:/opt/ros/humble')]), 'shell': False}
[27.908513] (turtlebot3_simulations) StdoutLine: {'line': b'-- Install configuration: ""\n'}
[27.913523] (turtlebot3_simulations) StdoutLine: {'line': b'-- Installing: /uolstore/home/users/sc23oy/ros2_ws/install/turtlebot3_simulations/share/ament_index/resource_index/package_run_dependencies/turtlebot3_simulations\n'}
[27.922772] (turtlebot3_simulations) StdoutLine: {'line': b'-- Installing: /uolstore/home/users/sc23oy/ros2_ws/install/turtlebot3_simulations/share/ament_index/resource_index/parent_prefix_path/turtlebot3_simulations\n'}
[27.931820] (turtlebot3_simulations) StdoutLine: {'line': b'-- Installing: /uolstore/home/users/sc23oy/ros2_ws/install/turtlebot3_simulations/share/turtlebot3_simulations/environment/ament_prefix_path.sh\n'}
[27.936952] (turtlebot3_simulations) StdoutLine: {'line': b'-- Installing: /uolstore/home/users/sc23oy/ros2_ws/install/turtlebot3_simulations/share/turtlebot3_simulations/environment/ament_prefix_path.dsv\n'}
[27.943378] (turtlebot3_simulations) StdoutLine: {'line': b'-- Installing: /uolstore/home/users/sc23oy/ros2_ws/install/turtlebot3_simulations/share/turtlebot3_simulations/environment/path.sh\n'}
[27.948354] (turtlebot3_simulations) StdoutLine: {'line': b'-- Installing: /uolstore/home/users/sc23oy/ros2_ws/install/turtlebot3_simulations/share/turtlebot3_simulations/environment/path.dsv\n'}
[27.954658] (turtlebot3_simulations) StdoutLine: {'line': b'-- Installing: /uolstore/home/users/sc23oy/ros2_ws/install/turtlebot3_simulations/share/turtlebot3_simulations/local_setup.bash\n'}
[27.961095] (turtlebot3_simulations) StdoutLine: {'line': b'-- Installing: /uolstore/home/users/sc23oy/ros2_ws/install/turtlebot3_simulations/share/turtlebot3_simulations/local_setup.sh\n'}
[27.967962] (turtlebot3_simulations) StdoutLine: {'line': b'-- Installing: /uolstore/home/users/sc23oy/ros2_ws/install/turtlebot3_simulations/share/turtlebot3_simulations/local_setup.zsh\n'}
[27.969224] (-) TimerEvent: {}
[27.974372] (turtlebot3_simulations) StdoutLine: {'line': b'-- Installing: /uolstore/home/users/sc23oy/ros2_ws/install/turtlebot3_simulations/share/turtlebot3_simulations/local_setup.dsv\n'}
[27.980393] (turtlebot3_simulations) StdoutLine: {'line': b'-- Installing: /uolstore/home/users/sc23oy/ros2_ws/install/turtlebot3_simulations/share/turtlebot3_simulations/package.dsv\n'}
[27.988503] (turtlebot3_simulations) StdoutLine: {'line': b'-- Installing: /uolstore/home/users/sc23oy/ros2_ws/install/turtlebot3_simulations/share/ament_index/resource_index/packages/turtlebot3_simulations\n'}
[27.995164] (turtlebot3_simulations) StdoutLine: {'line': b'-- Installing: /uolstore/home/users/sc23oy/ros2_ws/install/turtlebot3_simulations/share/turtlebot3_simulations/cmake/turtlebot3_simulationsConfig.cmake\n'}
[28.001273] (turtlebot3_simulations) StdoutLine: {'line': b'-- Installing: /uolstore/home/users/sc23oy/ros2_ws/install/turtlebot3_simulations/share/turtlebot3_simulations/cmake/turtlebot3_simulationsConfig-version.cmake\n'}
[28.007385] (turtlebot3_simulations) StdoutLine: {'line': b'-- Installing: /uolstore/home/users/sc23oy/ros2_ws/install/turtlebot3_simulations/share/turtlebot3_simulations/package.xml\n'}
[28.016373] (turtlebot3_simulations) CommandEnded: {'returncode': 0}
[28.069320] (-) TimerEvent: {}
[28.169621] (-) TimerEvent: {}
[28.269925] (-) TimerEvent: {}
[28.314256] (turtlebot3_simulations) JobEnded: {'identifier': 'turtlebot3_simulations', 'rc': 0}
[28.317255] (-) EventReactorShutdown: {}
