[0.000000] (-) TimerEvent: {}
[0.000202] (lab1) JobQueued: {'identifier': 'lab1', 'dependencies': OrderedDict()}
[0.000237] (lab2) JobQueued: {'identifier': 'lab2', 'dependencies': OrderedDict()}
[0.000258] (lab3) JobQueued: {'identifier': 'lab3', 'dependencies': OrderedDict()}
[0.000278] (lab4) JobQueued: {'identifier': 'lab4', 'dependencies': OrderedDict()}
[0.000297] (lab5) JobQueued: {'identifier': 'lab5', 'dependencies': OrderedDict()}
[0.000315] (ros2_project_sc23oy) JobQueued: {'identifier': 'ros2_project_sc23oy', 'dependencies': OrderedDict()}
[0.000334] (turtlebot3_fake_node) JobQueued: {'identifier': 'turtlebot3_fake_node', 'dependencies': OrderedDict()}
[0.000352] (turtlebot3_gazebo) JobQueued: {'identifier': 'turtlebot3_gazebo', 'dependencies': OrderedDict()}
[0.000370] (turtlebot3_simulations) JobQueued: {'identifier': 'turtlebot3_simulations', 'dependencies': OrderedDict([('turtlebot3_fake_node', '/uolstore/home/users/sc23oy/ros2_ws/src/install/turtlebot3_fake_node'), ('turtlebot3_gazebo', '/uolstore/home/users/sc23oy/ros2_ws/src/install/turtlebot3_gazebo')])}
[0.000395] (turtlebot3_fake_node) JobStarted: {'identifier': 'turtlebot3_fake_node'}
[0.099158] (-) TimerEvent: {}
[0.121314] (turtlebot3_gazebo) JobStarted: {'identifier': 'turtlebot3_gazebo'}
[0.199368] (-) TimerEvent: {}
[0.253360] (lab1) JobStarted: {'identifier': 'lab1'}
[0.299447] (-) TimerEvent: {}
[0.399749] (-) TimerEvent: {}
[0.420613] (lab2) JobStarted: {'identifier': 'lab2'}
[0.499817] (-) TimerEvent: {}
[0.582784] (lab3) JobStarted: {'identifier': 'lab3'}
[0.599905] (-) TimerEvent: {}
[0.700172] (-) TimerEvent: {}
[0.739755] (lab4) JobStarted: {'identifier': 'lab4'}
[0.800243] (-) TimerEvent: {}
[0.891774] (lab5) JobStarted: {'identifier': 'lab5'}
[0.900349] (-) TimerEvent: {}
[1.000631] (-) TimerEvent: {}
[1.042973] (ros2_project_sc23oy) JobStarted: {'identifier': 'ros2_project_sc23oy'}
[1.100730] (-) TimerEvent: {}
[1.197168] (turtlebot3_fake_node) JobProgress: {'identifier': 'turtlebot3_fake_node', 'progress': 'cmake'}
[1.199223] (turtlebot3_fake_node) Command: {'cmd': ['/usr/bin/cmake', '/uolstore/home/users/sc23oy/ros2_ws/src/turtlebot3_simulations/turtlebot3_fake_node', '-DCMAKE_INSTALL_PREFIX=/uolstore/home/users/sc23oy/ros2_ws/src/install/turtlebot3_fake_node'], 'cwd': '/uolstore/home/users/sc23oy/ros2_ws/src/build/turtlebot3_fake_node', 'env': OrderedDict([('LESSOPEN', '||/usr/bin/lesspipe.sh %s'), ('LMOD_DIR', '/usr/share/lmod/lmod/libexec'), ('MAIL', '/var/spool/mail/sc23oy'), ('USER', 'sc23oy'), ('__LMOD_REF_COUNT_CMAKE_PREFIX_PATH', '/uollinapps/v2/24-25/soc/packages/linux-rhel9-x86_64_v3/gcc-11.4.0/gcc-14.2.0-svuh5yskfnrwh537tvxvt642acswwlju:1'), ('HOSTNAME', 'feng-linux-07.leeds.ac.uk'), ('XDG_SESSION_TYPE', 'x11'), ('MPI_FORTRAN_MOD_DIR', '/usr/lib64/gfortran/modules/openmpi'), ('GIT_ASKPASS', '/usr/share/code/resources/app/extensions/git/dist/askpass.sh'), ('LMOD_PKG', '/usr/share/lmod/lmod'), ('SHLVL', '3'), ('LD_LIBRARY_PATH', '/usr/lib/x86_64-linux-gnu/gazebo-11/plugins:/opt/ros/humble/opt/rviz_ogre_vendor/lib:/opt/ros/humble/lib/x86_64-linux-gnu:/opt/ros/humble/lib:/.singularity.d/libs:/usr/lib/x86_64-linux-gnu/gazebo-11/plugins:'), ('MPI_INCLUDE', '/usr/include/openmpi-x86_64'), ('HOME', '/uolstore/home/users/sc23oy'), ('CHROME_DESKTOP', 'code-url-handler.desktop'), ('OLDPWD', '/uolstore/home/users/sc23oy/ros2_ws'), ('TERM_PROGRAM_VERSION', '1.86.2'), ('DESKTOP_SESSION', 'gnome'), ('USER_PATH', '/usr/lib64/openmpi/bin:/usr/lib64/qt6/bin:/uollinapps/v2/24-25/soc/packages/linux-rhel9-x86_64_v3/gcc-11.4.0/gcc-14.2.0-svuh5yskfnrwh537tvxvt642acswwlju/bin:/uolstore/home/users/sc23oy/.local/bin:/uolstore/home/users/sc23oy/bin:/usr/local/bin:/usr/local/sbin:/usr/bin:/usr/sbin:/opt/puppetlabs/bin:/bin:/usr/bin:/sbin:/usr/sbin:/usr/local/bin:/usr/local/sbin'), ('__LMOD_REF_COUNT_PKG_CONFIG_PATH', '/usr/lib64/openmpi/lib/pkgconfig:1'), ('GAZEBO_MASTER_URI', 'http://localhost:11345'), ('ROS_PYTHON_VERSION', '3'), ('FPATH', '/usr/share/lmod/lmod/init/ksh_funcs'), ('FC', '/uollinapps/v2/24-25/soc/packages/linux-rhel9-x86_64_v3/gcc-11.4.0/gcc-14.2.0-svuh5yskfnrwh537tvxvt642acswwlju/bin/gfortran'), ('VSCODE_GIT_ASKPASS_MAIN', '/usr/share/code/resources/app/extensions/git/dist/askpass-main.js'), ('PS1', '\\[\x1b]633;A\x07\\][COMP3631] Singularity> \\w $ \\[\x1b]633;B\x07\\]'), ('VSCODE_GIT_ASKPASS_NODE', '/usr/share/code/code'), ('MPI_PYTHON3_SITEARCH', '/usr/lib64/python3.9/site-packages/openmpi'), ('LMOD_FAMILY_COMPILER_VERSION', '14.2.0'), ('_LMFILES_', '/uollinapps/v2/current/soc/spack/el9/Core/gcc/14.2.0.lua:/usr/share/modulefiles/mpi/openmpi-x86_64'), ('DBUS_SESSION_BUS_ADDRESS', 'unix:abstract=/tmp/dbus-8qGMb8aiOx,guid=2ad71e69851b37c21bae78fe69eca169'), ('COLORTERM', 'truecolor'), ('APPTAINER_ENVIRONMENT', '/.singularity.d/env/91-environment.sh'), ('__LMOD_REF_COUNT_PATH', '/usr/lib64/openmpi/bin:1;/usr/lib64/qt6/bin:2;/uollinapps/v2/24-25/soc/packages/linux-rhel9-x86_64_v3/gcc-11.4.0/gcc-14.2.0-svuh5yskfnrwh537tvxvt642acswwlju/bin:1;/uolstore/home/users/sc23oy/.local/bin:1;/uolstore/home/users/sc23oy/bin:1;/usr/local/bin:1;/usr/local/sbin:1;/usr/bin:1;/usr/sbin:1;/opt/puppetlabs/bin:1'), ('LMOD_sys', 'Linux'), ('F77', '/uollinapps/v2/24-25/soc/packages/linux-rhel9-x86_64_v3/gcc-11.4.0/gcc-14.2.0-svuh5yskfnrwh537tvxvt642acswwlju/bin/gfortran'), ('which_declare', 'declare -f'), ('COLCON_PREFIX_PATH', '/uolstore/home/users/sc23oy/ros2_ws/install'), ('ROS_DISTRO', 'humble'), ('SINGULARITY_ENVIRONMENT', '/.singularity.d/env/91-environment.sh'), ('LOGNAME', 'sc23oy'), ('MPI_COMPILER', 'openmpi-x86_64'), ('LMOD_VERSION', '8.7.65'), ('_', '/usr/bin/colcon'), ('ROS_VERSION', '2'), ('MPI_LIB', '/usr/lib64/openmpi/lib'), ('PKG_CONFIG_PATH', '/usr/lib64/openmpi/lib/pkgconfig'), ('XDG_SESSION_CLASS', 'user'), ('USERNAME', 'sc23oy'), ('TERM', 'xterm-256color'), ('GAZEBO_MODEL_PATH', '/usr/share/gazebo-11/models:'), ('MPI_BIN', '/usr/lib64/openmpi/bin'), ('ROS_LOCALHOST_ONLY', '1'), ('HISTCONTROL', 'ignoredups'), ('OGRE_RESOURCE_PATH', '/usr/lib/x86_64-linux-gnu/OGRE-1.9.0'), ('PATH', '/opt/ros/humble/bin:/usr/lib64/qt6/bin:/uolstore/home/users/sc23oy/.local/bin:/uolstore/home/users/sc23oy/bin:/usr/local/sbin:/usr/local/bin:/usr/sbin:/usr/bin:/sbin:/bin'), ('MPI_HOME', '/usr/lib64/openmpi'), ('GDM_LANG', 'en_GB.UTF-8'), ('APPTAINER_COMMAND', 'shell'), ('LMOD_SETTARG_FULL_SUPPORT', 'no'), ('__LMOD_REF_COUNT_LD_LIBRARY_PATH', '/usr/lib64/openmpi/lib:1'), ('XDG_MENU_PREFIX', 'gnome-'), ('GNOME_TERMINAL_SCREEN', '/org/gnome/Terminal/screen/3e198ced_e144_4c1b_ba88_d3f0aa723bad'), ('XDG_RUNTIME_DIR', '/run/user/604234'), ('MPI_MAN', '/usr/share/man/openmpi-x86_64'), ('GDK_BACKEND', 'x11'), ('DISPLAY', ':1'), ('HISTSIZE', '1000'), ('APPTAINER_APPNAME', ''), ('LANG', 'en_US.UTF-8'), ('XDG_CURRENT_DESKTOP', 'GNOME'), ('LMOD_ROOT', '/usr/share/lmod'), ('XMODIFIERS', '@im=ibus'), ('XDG_SESSION_DESKTOP', 'gnome'), ('XAUTHORITY', '/run/gdm/auth-for-sc23oy-AYJ5N3/database'), ('LS_COLORS', 'rs=0:di=01;34:ln=01;36:mh=00:pi=40;33:so=01;35:do=01;35:bd=40;33;01:cd=40;33;01:or=40;31;01:mi=01;37;41:su=37;41:sg=30;43:ca=30;41:tw=30;42:ow=34;42:st=37;44:ex=01;32:*.tar=01;31:*.tgz=01;31:*.arc=01;31:*.arj=01;31:*.taz=01;31:*.lha=01;31:*.lz4=01;31:*.lzh=01;31:*.lzma=01;31:*.tlz=01;31:*.txz=01;31:*.tzo=01;31:*.t7z=01;31:*.zip=01;31:*.z=01;31:*.dz=01;31:*.gz=01;31:*.lrz=01;31:*.lz=01;31:*.lzo=01;31:*.xz=01;31:*.zst=01;31:*.tzst=01;31:*.bz2=01;31:*.bz=01;31:*.tbz=01;31:*.tbz2=01;31:*.tz=01;31:*.deb=01;31:*.rpm=01;31:*.jar=01;31:*.war=01;31:*.ear=01;31:*.sar=01;31:*.rar=01;31:*.alz=01;31:*.ace=01;31:*.zoo=01;31:*.cpio=01;31:*.7z=01;31:*.rz=01;31:*.cab=01;31:*.wim=01;31:*.swm=01;31:*.dwm=01;31:*.esd=01;31:*.jpg=01;35:*.jpeg=01;35:*.mjpg=01;35:*.mjpeg=01;35:*.gif=01;35:*.bmp=01;35:*.pbm=01;35:*.pgm=01;35:*.ppm=01;35:*.tga=01;35:*.xbm=01;35:*.xpm=01;35:*.tif=01;35:*.tiff=01;35:*.png=01;35:*.svg=01;35:*.svgz=01;35:*.mng=01;35:*.pcx=01;35:*.mov=01;35:*.mpg=01;35:*.mpeg=01;35:*.m2v=01;35:*.mkv=01;35:*.webm=01;35:*.webp=01;35:*.ogm=01;35:*.mp4=01;35:*.m4v=01;35:*.mp4v=01;35:*.vob=01;35:*.qt=01;35:*.nuv=01;35:*.wmv=01;35:*.asf=01;35:*.rm=01;35:*.rmvb=01;35:*.flc=01;35:*.avi=01;35:*.fli=01;35:*.flv=01;35:*.gl=01;35:*.dl=01;35:*.xcf=01;35:*.xwd=01;35:*.yuv=01;35:*.cgm=01;35:*.emf=01;35:*.ogv=01;35:*.ogx=01;35:*.aac=01;36:*.au=01;36:*.flac=01;36:*.m4a=01;36:*.mid=01;36:*.midi=01;36:*.mka=01;36:*.mp3=01;36:*.mpc=01;36:*.ogg=01;36:*.ra=01;36:*.wav=01;36:*.oga=01;36:*.opus=01;36:*.spx=01;36:*.xspf=01;36:'), ('VSCODE_GIT_IPC_HANDLE', '/run/user/604234/vscode-git-8fb86e4b5d.sock'), ('GNOME_TERMINAL_SERVICE', ':1.59'), ('TERM_PROGRAM', 'vscode'), ('ROS_DOMAIN_ID', '30'), ('AMENT_PREFIX_PATH', '/opt/ros/humble'), ('ORIGINAL_XDG_CURRENT_DESKTOP', 'GNOME'), ('SHELL', '/bin/bash'), ('KRB5CCNAME', 'KEYRING:persistent:604234'), ('MPI_SYSCONFIG', '/etc/openmpi-x86_64'), ('MODULEPATH_ROOT', '/usr/share/modulefiles'), ('NO_AT_BRIDGE', '1'), ('CXX', '/usr/bin/g++'), ('GDMSESSION', 'gnome'), ('APPTAINER_CONTAINER', '/vol/scratch/SoC/COMP3631/comp3631.simg'), ('APPTAINER_BIND', '/run/user/604234,/etc/localtime'), ('LMOD_FAMILY_COMPILER', 'gcc'), ('LMOD_CMD', '/usr/share/lmod/lmod/libexec/lmod'), ('_ModuleTable_Sz_', '4'), ('GAZEBO_RESOURCE_PATH', '/usr/share/gazebo-11:'), ('GAZEBO_MODEL_DATABASE_URI', 'http://models.gazebosim.org'), ('SINGULARITY_CONTAINER', '/vol/scratch/SoC/COMP3631/comp3631.simg'), ('VSCODE_GIT_ASKPASS_EXTRA_ARGS', ''), ('BASH_ENV', '/usr/share/lmod/lmod/init/bash'), ('QT_IM_MODULE', 'ibus'), ('SINGULARITY_BIND', '/run/user/604234,/etc/localtime'), ('_ModuleTable001_', 'X01vZHVsZVRhYmxlXyA9IHsKTVR2ZXJzaW9uID0gMywKY19yZWJ1aWxkVGltZSA9IGZhbHNlLApjX3Nob3J0VGltZSA9IGZhbHNlLApkZXB0aFQgPSB7fSwKZmFtaWx5ID0gewpjb21waWxlciA9ICJnY2MiLAp9LAptVCA9IHsKZ2NjID0gewphY3Rpb25BID0gewpbW3ByZXBlbmRfcGF0aCgiTU9EVUxFUEFUSCIsIi91b2xsaW5hcHBzL3YyLzI0LTI1L3NvYy9zcGFjay9lbDkvZ2NjLzE0LjIuMCIpXV0sCn0sCmZuID0gIi91b2xsaW5hcHBzL3YyL2N1cnJlbnQvc29jL3NwYWNrL2VsOS9Db3JlL2djYy8xNC4yLjAubHVhIiwKZnVsbE5hbWUgPSAiZ2NjLzE0LjIuMCIsCmxvYWRPcmRlciA9IDEsCnByb3BUID0ge30sCnN0YWNrRGVwdGggPSAwLApzdGF0dXMgPSAiYWN0aXZlIiwK'), ('DEBUGINFOD_IMA_CERT_PATH', '/etc/keys/ima:'), ('_ModuleTable002_', 'dXNlck5hbWUgPSAiZ2NjIiwKd1YgPSAiMDAwMDAwMDE0LjAwMDAwMDAwMi4qemZpbmFsIiwKfSwKbXBpID0gewpmbiA9ICIvdXNyL3NoYXJlL21vZHVsZWZpbGVzL21waS9vcGVubXBpLXg4Nl82NCIsCmZ1bGxOYW1lID0gIm1waS9vcGVubXBpLXg4Nl82NCIsCmxvYWRPcmRlciA9IDIsCnByb3BUID0ge30sCnN0YWNrRGVwdGggPSAwLApzdGF0dXMgPSAiYWN0aXZlIiwKdXNlck5hbWUgPSAibXBpIiwKd1YgPSAiKm9wZW5tcGkuKnguMDAwMDAwMDg2LipfLjAwMDAwMDA2NC4qemZpbmFsIiwKfSwKfSwKbXBhdGhBID0gewoiL3VvbGxpbmFwcHMvdjIvMjQtMjUvc29jL3NwYWNrL2VsOS9nY2MvMTQuMi4wIiwgIi9ldGMvc2NsL21vZHVsZWZpbGVzIgosICIvdXNyL3NoYXJlL21v'), ('PWD', '/uolstore/home/users/sc23oy/ros2_ws/src/build/turtlebot3_fake_node'), ('LOADEDMODULES', 'gcc/14.2.0:mpi/openmpi-x86_64'), ('TURTLEBOT3_MODEL', 'burger'), ('APPTAINER_NAME', 'comp3631.simg'), ('GAZEBO_PLUGIN_PATH', '/usr/lib/x86_64-linux-gnu/gazebo-11/plugins:'), ('_ModuleTable003_', 'ZHVsZWZpbGVzIiwgIi91b2xsaW5hcHBzL3YyL2N1cnJlbnQvdW9sL3NwYWNrL2VsOS9Db3JlIgosICIvdW9sbGluYXBwcy92Mi9jdXJyZW50L3VvbC9vdGhlci9lbDkiCiwgIi91b2xsaW5hcHBzL3YyL2N1cnJlbnQvc29jL3NwYWNrL2VsOS9Db3JlIgosICIvdW9sbGluYXBwcy92Mi9jdXJyZW50L3NvYy9vdGhlciIsICIvdXNyL3NoYXJlL21vZHVsZWZpbGVzL0xpbnV4IgosICIvdXNyL3NoYXJlL21vZHVsZWZpbGVzL0NvcmUiLCAiL3Vzci9zaGFyZS9sbW9kL2xtb2QvbW9kdWxlZmlsZXMvQ29yZSIsCn0sCnN5c3RlbUJhc2VNUEFUSCA9ICIvZXRjL3NjbC9tb2R1bGVmaWxlczovdXNyL3NoYXJlL21vZHVsZWZpbGVzOi91b2xsaW5hcHBzL3YyL2N1cnJlbnQvdW9sL3NwYWNr'), ('XDG_DATA_DIRS', '/uolstore/home/users/sc23oy/.local/share/flatpak/exports/share:/var/lib/flatpak/exports/share:/usr/local/share:/usr/share'), ('PYTHONPATH', '/opt/ros/humble/lib/python3.10/site-packages:/opt/ros/humble/local/lib/python3.10/dist-packages'), ('_ModuleTable004_', 'L2VsOS9Db3JlOi91b2xsaW5hcHBzL3YyL2N1cnJlbnQvdW9sL290aGVyL2VsOTovdW9sbGluYXBwcy92Mi9jdXJyZW50L3NvYy9zcGFjay9lbDkvQ29yZTovdW9sbGluYXBwcy92Mi9jdXJyZW50L3NvYy9vdGhlcjovdXNyL3NoYXJlL21vZHVsZWZpbGVzL0xpbnV4Oi91c3Ivc2hhcmUvbW9kdWxlZmlsZXMvQ29yZTovdXNyL3NoYXJlL2xtb2QvbG1vZC9tb2R1bGVmaWxlcy9Db3JlIiwKfQo='), ('SINGULARITY_NAME', 'comp3631.simg'), ('CC', '/usr/bin/gcc'), ('COLCON', '1'), ('__LMOD_REF_COUNT_MODULEPATH', '/uollinapps/v2/24-25/soc/spack/el9/gcc/14.2.0:1;/etc/scl/modulefiles:2;/usr/share/modulefiles:1;/uollinapps/v2/current/uol/spack/el9/Core:1;/uollinapps/v2/current/uol/other/el9:1;/uollinapps/v2/current/soc/spack/el9/Core:1;/uollinapps/v2/current/soc/other:1;/usr/share/modulefiles/Linux:1;/usr/share/modulefiles/Core:1;/usr/share/lmod/lmod/modulefiles/Core:1'), ('MANPATH', ':/usr/share/man/openmpi-x86_64:/uollinapps/v2/24-25/soc/packages/linux-rhel9-x86_64_v3/gcc-11.4.0/gcc-14.2.0-svuh5yskfnrwh537tvxvt642acswwlju/share/man:/usr/share/lmod/lmod/share/man:/opt/puppetlabs/puppet/share/man'), ('VTE_VERSION', '6402'), ('MPI_SUFFIX', '_openmpi'), ('__LMOD_REF_COUNT_MANPATH', ':3;/usr/share/man/openmpi-x86_64:1;/uollinapps/v2/24-25/soc/packages/linux-rhel9-x86_64_v3/gcc-11.4.0/gcc-14.2.0-svuh5yskfnrwh537tvxvt642acswwlju/share/man:1;/usr/share/lmod/lmod/share/man:1;/opt/puppetlabs/puppet/share/man:1'), ('MODULEPATH', '/uollinapps/v2/24-25/soc/spack/el9/gcc/14.2.0:/etc/scl/modulefiles:/usr/share/modulefiles:/uollinapps/v2/current/uol/spack/el9/Core:/uollinapps/v2/current/uol/other/el9:/uollinapps/v2/current/soc/spack/el9/Core:/uollinapps/v2/current/soc/other:/usr/share/modulefiles/Linux:/usr/share/modulefiles/Core:/usr/share/lmod/lmod/modulefiles/Core'), ('MODULESHOME', '/usr/share/Modules'), ('CMAKE_PREFIX_PATH', '/uollinapps/v2/24-25/soc/packages/linux-rhel9-x86_64_v3/gcc-11.4.0/gcc-14.2.0-svuh5yskfnrwh537tvxvt642acswwlju:/opt/ros/humble')]), 'shell': False}
[1.206437] (-) TimerEvent: {}
[1.206619] (turtlebot3_gazebo) JobProgress: {'identifier': 'turtlebot3_gazebo', 'progress': 'cmake'}
[1.207547] (turtlebot3_gazebo) Command: {'cmd': ['/usr/bin/cmake', '/uolstore/home/users/sc23oy/ros2_ws/src/turtlebot3_simulations/turtlebot3_gazebo', '-DCMAKE_INSTALL_PREFIX=/uolstore/home/users/sc23oy/ros2_ws/src/install/turtlebot3_gazebo'], 'cwd': '/uolstore/home/users/sc23oy/ros2_ws/src/build/turtlebot3_gazebo', 'env': OrderedDict([('LESSOPEN', '||/usr/bin/lesspipe.sh %s'), ('LMOD_DIR', '/usr/share/lmod/lmod/libexec'), ('MAIL', '/var/spool/mail/sc23oy'), ('USER', 'sc23oy'), ('__LMOD_REF_COUNT_CMAKE_PREFIX_PATH', '/uollinapps/v2/24-25/soc/packages/linux-rhel9-x86_64_v3/gcc-11.4.0/gcc-14.2.0-svuh5yskfnrwh537tvxvt642acswwlju:1'), ('HOSTNAME', 'feng-linux-07.leeds.ac.uk'), ('XDG_SESSION_TYPE', 'x11'), ('MPI_FORTRAN_MOD_DIR', '/usr/lib64/gfortran/modules/openmpi'), ('GIT_ASKPASS', '/usr/share/code/resources/app/extensions/git/dist/askpass.sh'), ('LMOD_PKG', '/usr/share/lmod/lmod'), ('SHLVL', '3'), ('LD_LIBRARY_PATH', '/usr/lib/x86_64-linux-gnu/gazebo-11/plugins:/opt/ros/humble/opt/rviz_ogre_vendor/lib:/opt/ros/humble/lib/x86_64-linux-gnu:/opt/ros/humble/lib:/.singularity.d/libs:/usr/lib/x86_64-linux-gnu/gazebo-11/plugins:'), ('MPI_INCLUDE', '/usr/include/openmpi-x86_64'), ('HOME', '/uolstore/home/users/sc23oy'), ('CHROME_DESKTOP', 'code-url-handler.desktop'), ('OLDPWD', '/uolstore/home/users/sc23oy/ros2_ws'), ('TERM_PROGRAM_VERSION', '1.86.2'), ('DESKTOP_SESSION', 'gnome'), ('USER_PATH', '/usr/lib64/openmpi/bin:/usr/lib64/qt6/bin:/uollinapps/v2/24-25/soc/packages/linux-rhel9-x86_64_v3/gcc-11.4.0/gcc-14.2.0-svuh5yskfnrwh537tvxvt642acswwlju/bin:/uolstore/home/users/sc23oy/.local/bin:/uolstore/home/users/sc23oy/bin:/usr/local/bin:/usr/local/sbin:/usr/bin:/usr/sbin:/opt/puppetlabs/bin:/bin:/usr/bin:/sbin:/usr/sbin:/usr/local/bin:/usr/local/sbin'), ('__LMOD_REF_COUNT_PKG_CONFIG_PATH', '/usr/lib64/openmpi/lib/pkgconfig:1'), ('GAZEBO_MASTER_URI', 'http://localhost:11345'), ('ROS_PYTHON_VERSION', '3'), ('FPATH', '/usr/share/lmod/lmod/init/ksh_funcs'), ('FC', '/uollinapps/v2/24-25/soc/packages/linux-rhel9-x86_64_v3/gcc-11.4.0/gcc-14.2.0-svuh5yskfnrwh537tvxvt642acswwlju/bin/gfortran'), ('VSCODE_GIT_ASKPASS_MAIN', '/usr/share/code/resources/app/extensions/git/dist/askpass-main.js'), ('PS1', '\\[\x1b]633;A\x07\\][COMP3631] Singularity> \\w $ \\[\x1b]633;B\x07\\]'), ('VSCODE_GIT_ASKPASS_NODE', '/usr/share/code/code'), ('MPI_PYTHON3_SITEARCH', '/usr/lib64/python3.9/site-packages/openmpi'), ('LMOD_FAMILY_COMPILER_VERSION', '14.2.0'), ('_LMFILES_', '/uollinapps/v2/current/soc/spack/el9/Core/gcc/14.2.0.lua:/usr/share/modulefiles/mpi/openmpi-x86_64'), ('DBUS_SESSION_BUS_ADDRESS', 'unix:abstract=/tmp/dbus-8qGMb8aiOx,guid=2ad71e69851b37c21bae78fe69eca169'), ('COLORTERM', 'truecolor'), ('APPTAINER_ENVIRONMENT', '/.singularity.d/env/91-environment.sh'), ('__LMOD_REF_COUNT_PATH', '/usr/lib64/openmpi/bin:1;/usr/lib64/qt6/bin:2;/uollinapps/v2/24-25/soc/packages/linux-rhel9-x86_64_v3/gcc-11.4.0/gcc-14.2.0-svuh5yskfnrwh537tvxvt642acswwlju/bin:1;/uolstore/home/users/sc23oy/.local/bin:1;/uolstore/home/users/sc23oy/bin:1;/usr/local/bin:1;/usr/local/sbin:1;/usr/bin:1;/usr/sbin:1;/opt/puppetlabs/bin:1'), ('LMOD_sys', 'Linux'), ('F77', '/uollinapps/v2/24-25/soc/packages/linux-rhel9-x86_64_v3/gcc-11.4.0/gcc-14.2.0-svuh5yskfnrwh537tvxvt642acswwlju/bin/gfortran'), ('which_declare', 'declare -f'), ('COLCON_PREFIX_PATH', '/uolstore/home/users/sc23oy/ros2_ws/install'), ('ROS_DISTRO', 'humble'), ('SINGULARITY_ENVIRONMENT', '/.singularity.d/env/91-environment.sh'), ('LOGNAME', 'sc23oy'), ('MPI_COMPILER', 'openmpi-x86_64'), ('LMOD_VERSION', '8.7.65'), ('_', '/usr/bin/colcon'), ('ROS_VERSION', '2'), ('MPI_LIB', '/usr/lib64/openmpi/lib'), ('PKG_CONFIG_PATH', '/usr/lib64/openmpi/lib/pkgconfig'), ('XDG_SESSION_CLASS', 'user'), ('USERNAME', 'sc23oy'), ('TERM', 'xterm-256color'), ('GAZEBO_MODEL_PATH', '/usr/share/gazebo-11/models:'), ('MPI_BIN', '/usr/lib64/openmpi/bin'), ('ROS_LOCALHOST_ONLY', '1'), ('HISTCONTROL', 'ignoredups'), ('OGRE_RESOURCE_PATH', '/usr/lib/x86_64-linux-gnu/OGRE-1.9.0'), ('PATH', '/opt/ros/humble/bin:/usr/lib64/qt6/bin:/uolstore/home/users/sc23oy/.local/bin:/uolstore/home/users/sc23oy/bin:/usr/local/sbin:/usr/local/bin:/usr/sbin:/usr/bin:/sbin:/bin'), ('MPI_HOME', '/usr/lib64/openmpi'), ('GDM_LANG', 'en_GB.UTF-8'), ('APPTAINER_COMMAND', 'shell'), ('LMOD_SETTARG_FULL_SUPPORT', 'no'), ('__LMOD_REF_COUNT_LD_LIBRARY_PATH', '/usr/lib64/openmpi/lib:1'), ('XDG_MENU_PREFIX', 'gnome-'), ('GNOME_TERMINAL_SCREEN', '/org/gnome/Terminal/screen/3e198ced_e144_4c1b_ba88_d3f0aa723bad'), ('XDG_RUNTIME_DIR', '/run/user/604234'), ('MPI_MAN', '/usr/share/man/openmpi-x86_64'), ('GDK_BACKEND', 'x11'), ('DISPLAY', ':1'), ('HISTSIZE', '1000'), ('APPTAINER_APPNAME', ''), ('LANG', 'en_US.UTF-8'), ('XDG_CURRENT_DESKTOP', 'GNOME'), ('LMOD_ROOT', '/usr/share/lmod'), ('XMODIFIERS', '@im=ibus'), ('XDG_SESSION_DESKTOP', 'gnome'), ('XAUTHORITY', '/run/gdm/auth-for-sc23oy-AYJ5N3/database'), ('LS_COLORS', 'rs=0:di=01;34:ln=01;36:mh=00:pi=40;33:so=01;35:do=01;35:bd=40;33;01:cd=40;33;01:or=40;31;01:mi=01;37;41:su=37;41:sg=30;43:ca=30;41:tw=30;42:ow=34;42:st=37;44:ex=01;32:*.tar=01;31:*.tgz=01;31:*.arc=01;31:*.arj=01;31:*.taz=01;31:*.lha=01;31:*.lz4=01;31:*.lzh=01;31:*.lzma=01;31:*.tlz=01;31:*.txz=01;31:*.tzo=01;31:*.t7z=01;31:*.zip=01;31:*.z=01;31:*.dz=01;31:*.gz=01;31:*.lrz=01;31:*.lz=01;31:*.lzo=01;31:*.xz=01;31:*.zst=01;31:*.tzst=01;31:*.bz2=01;31:*.bz=01;31:*.tbz=01;31:*.tbz2=01;31:*.tz=01;31:*.deb=01;31:*.rpm=01;31:*.jar=01;31:*.war=01;31:*.ear=01;31:*.sar=01;31:*.rar=01;31:*.alz=01;31:*.ace=01;31:*.zoo=01;31:*.cpio=01;31:*.7z=01;31:*.rz=01;31:*.cab=01;31:*.wim=01;31:*.swm=01;31:*.dwm=01;31:*.esd=01;31:*.jpg=01;35:*.jpeg=01;35:*.mjpg=01;35:*.mjpeg=01;35:*.gif=01;35:*.bmp=01;35:*.pbm=01;35:*.pgm=01;35:*.ppm=01;35:*.tga=01;35:*.xbm=01;35:*.xpm=01;35:*.tif=01;35:*.tiff=01;35:*.png=01;35:*.svg=01;35:*.svgz=01;35:*.mng=01;35:*.pcx=01;35:*.mov=01;35:*.mpg=01;35:*.mpeg=01;35:*.m2v=01;35:*.mkv=01;35:*.webm=01;35:*.webp=01;35:*.ogm=01;35:*.mp4=01;35:*.m4v=01;35:*.mp4v=01;35:*.vob=01;35:*.qt=01;35:*.nuv=01;35:*.wmv=01;35:*.asf=01;35:*.rm=01;35:*.rmvb=01;35:*.flc=01;35:*.avi=01;35:*.fli=01;35:*.flv=01;35:*.gl=01;35:*.dl=01;35:*.xcf=01;35:*.xwd=01;35:*.yuv=01;35:*.cgm=01;35:*.emf=01;35:*.ogv=01;35:*.ogx=01;35:*.aac=01;36:*.au=01;36:*.flac=01;36:*.m4a=01;36:*.mid=01;36:*.midi=01;36:*.mka=01;36:*.mp3=01;36:*.mpc=01;36:*.ogg=01;36:*.ra=01;36:*.wav=01;36:*.oga=01;36:*.opus=01;36:*.spx=01;36:*.xspf=01;36:'), ('VSCODE_GIT_IPC_HANDLE', '/run/user/604234/vscode-git-8fb86e4b5d.sock'), ('GNOME_TERMINAL_SERVICE', ':1.59'), ('TERM_PROGRAM', 'vscode'), ('ROS_DOMAIN_ID', '30'), ('AMENT_PREFIX_PATH', '/opt/ros/humble'), ('ORIGINAL_XDG_CURRENT_DESKTOP', 'GNOME'), ('SHELL', '/bin/bash'), ('KRB5CCNAME', 'KEYRING:persistent:604234'), ('MPI_SYSCONFIG', '/etc/openmpi-x86_64'), ('MODULEPATH_ROOT', '/usr/share/modulefiles'), ('NO_AT_BRIDGE', '1'), ('CXX', '/usr/bin/g++'), ('GDMSESSION', 'gnome'), ('APPTAINER_CONTAINER', '/vol/scratch/SoC/COMP3631/comp3631.simg'), ('APPTAINER_BIND', '/run/user/604234,/etc/localtime'), ('LMOD_FAMILY_COMPILER', 'gcc'), ('LMOD_CMD', '/usr/share/lmod/lmod/libexec/lmod'), ('_ModuleTable_Sz_', '4'), ('GAZEBO_RESOURCE_PATH', '/usr/share/gazebo-11:'), ('GAZEBO_MODEL_DATABASE_URI', 'http://models.gazebosim.org'), ('SINGULARITY_CONTAINER', '/vol/scratch/SoC/COMP3631/comp3631.simg'), ('VSCODE_GIT_ASKPASS_EXTRA_ARGS', ''), ('BASH_ENV', '/usr/share/lmod/lmod/init/bash'), ('QT_IM_MODULE', 'ibus'), ('SINGULARITY_BIND', '/run/user/604234,/etc/localtime'), ('_ModuleTable001_', 'X01vZHVsZVRhYmxlXyA9IHsKTVR2ZXJzaW9uID0gMywKY19yZWJ1aWxkVGltZSA9IGZhbHNlLApjX3Nob3J0VGltZSA9IGZhbHNlLApkZXB0aFQgPSB7fSwKZmFtaWx5ID0gewpjb21waWxlciA9ICJnY2MiLAp9LAptVCA9IHsKZ2NjID0gewphY3Rpb25BID0gewpbW3ByZXBlbmRfcGF0aCgiTU9EVUxFUEFUSCIsIi91b2xsaW5hcHBzL3YyLzI0LTI1L3NvYy9zcGFjay9lbDkvZ2NjLzE0LjIuMCIpXV0sCn0sCmZuID0gIi91b2xsaW5hcHBzL3YyL2N1cnJlbnQvc29jL3NwYWNrL2VsOS9Db3JlL2djYy8xNC4yLjAubHVhIiwKZnVsbE5hbWUgPSAiZ2NjLzE0LjIuMCIsCmxvYWRPcmRlciA9IDEsCnByb3BUID0ge30sCnN0YWNrRGVwdGggPSAwLApzdGF0dXMgPSAiYWN0aXZlIiwK'), ('DEBUGINFOD_IMA_CERT_PATH', '/etc/keys/ima:'), ('_ModuleTable002_', 'dXNlck5hbWUgPSAiZ2NjIiwKd1YgPSAiMDAwMDAwMDE0LjAwMDAwMDAwMi4qemZpbmFsIiwKfSwKbXBpID0gewpmbiA9ICIvdXNyL3NoYXJlL21vZHVsZWZpbGVzL21waS9vcGVubXBpLXg4Nl82NCIsCmZ1bGxOYW1lID0gIm1waS9vcGVubXBpLXg4Nl82NCIsCmxvYWRPcmRlciA9IDIsCnByb3BUID0ge30sCnN0YWNrRGVwdGggPSAwLApzdGF0dXMgPSAiYWN0aXZlIiwKdXNlck5hbWUgPSAibXBpIiwKd1YgPSAiKm9wZW5tcGkuKnguMDAwMDAwMDg2LipfLjAwMDAwMDA2NC4qemZpbmFsIiwKfSwKfSwKbXBhdGhBID0gewoiL3VvbGxpbmFwcHMvdjIvMjQtMjUvc29jL3NwYWNrL2VsOS9nY2MvMTQuMi4wIiwgIi9ldGMvc2NsL21vZHVsZWZpbGVzIgosICIvdXNyL3NoYXJlL21v'), ('PWD', '/uolstore/home/users/sc23oy/ros2_ws/src/build/turtlebot3_gazebo'), ('LOADEDMODULES', 'gcc/14.2.0:mpi/openmpi-x86_64'), ('TURTLEBOT3_MODEL', 'burger'), ('APPTAINER_NAME', 'comp3631.simg'), ('GAZEBO_PLUGIN_PATH', '/usr/lib/x86_64-linux-gnu/gazebo-11/plugins:'), ('_ModuleTable003_', 'ZHVsZWZpbGVzIiwgIi91b2xsaW5hcHBzL3YyL2N1cnJlbnQvdW9sL3NwYWNrL2VsOS9Db3JlIgosICIvdW9sbGluYXBwcy92Mi9jdXJyZW50L3VvbC9vdGhlci9lbDkiCiwgIi91b2xsaW5hcHBzL3YyL2N1cnJlbnQvc29jL3NwYWNrL2VsOS9Db3JlIgosICIvdW9sbGluYXBwcy92Mi9jdXJyZW50L3NvYy9vdGhlciIsICIvdXNyL3NoYXJlL21vZHVsZWZpbGVzL0xpbnV4IgosICIvdXNyL3NoYXJlL21vZHVsZWZpbGVzL0NvcmUiLCAiL3Vzci9zaGFyZS9sbW9kL2xtb2QvbW9kdWxlZmlsZXMvQ29yZSIsCn0sCnN5c3RlbUJhc2VNUEFUSCA9ICIvZXRjL3NjbC9tb2R1bGVmaWxlczovdXNyL3NoYXJlL21vZHVsZWZpbGVzOi91b2xsaW5hcHBzL3YyL2N1cnJlbnQvdW9sL3NwYWNr'), ('XDG_DATA_DIRS', '/uolstore/home/users/sc23oy/.local/share/flatpak/exports/share:/var/lib/flatpak/exports/share:/usr/local/share:/usr/share'), ('PYTHONPATH', '/opt/ros/humble/lib/python3.10/site-packages:/opt/ros/humble/local/lib/python3.10/dist-packages'), ('_ModuleTable004_', 'L2VsOS9Db3JlOi91b2xsaW5hcHBzL3YyL2N1cnJlbnQvdW9sL290aGVyL2VsOTovdW9sbGluYXBwcy92Mi9jdXJyZW50L3NvYy9zcGFjay9lbDkvQ29yZTovdW9sbGluYXBwcy92Mi9jdXJyZW50L3NvYy9vdGhlcjovdXNyL3NoYXJlL21vZHVsZWZpbGVzL0xpbnV4Oi91c3Ivc2hhcmUvbW9kdWxlZmlsZXMvQ29yZTovdXNyL3NoYXJlL2xtb2QvbG1vZC9tb2R1bGVmaWxlcy9Db3JlIiwKfQo='), ('SINGULARITY_NAME', 'comp3631.simg'), ('CC', '/usr/bin/gcc'), ('COLCON', '1'), ('__LMOD_REF_COUNT_MODULEPATH', '/uollinapps/v2/24-25/soc/spack/el9/gcc/14.2.0:1;/etc/scl/modulefiles:2;/usr/share/modulefiles:1;/uollinapps/v2/current/uol/spack/el9/Core:1;/uollinapps/v2/current/uol/other/el9:1;/uollinapps/v2/current/soc/spack/el9/Core:1;/uollinapps/v2/current/soc/other:1;/usr/share/modulefiles/Linux:1;/usr/share/modulefiles/Core:1;/usr/share/lmod/lmod/modulefiles/Core:1'), ('MANPATH', ':/usr/share/man/openmpi-x86_64:/uollinapps/v2/24-25/soc/packages/linux-rhel9-x86_64_v3/gcc-11.4.0/gcc-14.2.0-svuh5yskfnrwh537tvxvt642acswwlju/share/man:/usr/share/lmod/lmod/share/man:/opt/puppetlabs/puppet/share/man'), ('VTE_VERSION', '6402'), ('MPI_SUFFIX', '_openmpi'), ('__LMOD_REF_COUNT_MANPATH', ':3;/usr/share/man/openmpi-x86_64:1;/uollinapps/v2/24-25/soc/packages/linux-rhel9-x86_64_v3/gcc-11.4.0/gcc-14.2.0-svuh5yskfnrwh537tvxvt642acswwlju/share/man:1;/usr/share/lmod/lmod/share/man:1;/opt/puppetlabs/puppet/share/man:1'), ('MODULEPATH', '/uollinapps/v2/24-25/soc/spack/el9/gcc/14.2.0:/etc/scl/modulefiles:/usr/share/modulefiles:/uollinapps/v2/current/uol/spack/el9/Core:/uollinapps/v2/current/uol/other/el9:/uollinapps/v2/current/soc/spack/el9/Core:/uollinapps/v2/current/soc/other:/usr/share/modulefiles/Linux:/usr/share/modulefiles/Core:/usr/share/lmod/lmod/modulefiles/Core'), ('MODULESHOME', '/usr/share/Modules'), ('CMAKE_PREFIX_PATH', '/uollinapps/v2/24-25/soc/packages/linux-rhel9-x86_64_v3/gcc-11.4.0/gcc-14.2.0-svuh5yskfnrwh537tvxvt642acswwlju:/opt/ros/humble')]), 'shell': False}
[1.306545] (-) TimerEvent: {}
[1.406841] (-) TimerEvent: {}
[1.507162] (-) TimerEvent: {}
[1.607483] (-) TimerEvent: {}
[1.707815] (-) TimerEvent: {}
[1.808139] (-) TimerEvent: {}
[1.908523] (-) TimerEvent: {}
[2.008860] (-) TimerEvent: {}
[2.109185] (-) TimerEvent: {}
[2.209499] (-) TimerEvent: {}
[2.309857] (-) TimerEvent: {}
[2.410411] (-) TimerEvent: {}
[2.510862] (-) TimerEvent: {}
[2.611192] (-) TimerEvent: {}
[2.711512] (-) TimerEvent: {}
[2.811853] (-) TimerEvent: {}
[2.912247] (-) TimerEvent: {}
[3.012543] (-) TimerEvent: {}
[3.112850] (-) TimerEvent: {}
[3.213150] (-) TimerEvent: {}
[3.313458] (-) TimerEvent: {}
[3.413774] (-) TimerEvent: {}
[3.514111] (-) TimerEvent: {}
[3.614441] (-) TimerEvent: {}
[3.714757] (-) TimerEvent: {}
[3.815083] (-) TimerEvent: {}
[3.915395] (-) TimerEvent: {}
[4.015702] (-) TimerEvent: {}
[4.116047] (-) TimerEvent: {}
[4.216362] (-) TimerEvent: {}
[4.316795] (-) TimerEvent: {}
[4.371464] (turtlebot3_fake_node) StdoutLine: {'line': b'-- The C compiler identification is GNU 11.4.0\n'}
[4.372531] (turtlebot3_fake_node) StdoutLine: {'line': b'-- The CXX compiler identification is GNU 11.4.0\n'}
[4.372746] (turtlebot3_fake_node) StdoutLine: {'line': b'-- Detecting C compiler ABI info\n'}
[4.372835] (turtlebot3_fake_node) StdoutLine: {'line': b'-- Detecting C compiler ABI info - done\n'}
[4.372908] (turtlebot3_fake_node) StdoutLine: {'line': b'-- Check for working C compiler: /usr/bin/gcc - skipped\n'}
[4.372978] (turtlebot3_fake_node) StdoutLine: {'line': b'-- Detecting C compile features\n'}
[4.373046] (turtlebot3_fake_node) StdoutLine: {'line': b'-- Detecting C compile features - done\n'}
[4.373114] (turtlebot3_fake_node) StdoutLine: {'line': b'-- Detecting CXX compiler ABI info\n'}
[4.373182] (turtlebot3_fake_node) StdoutLine: {'line': b'-- Detecting CXX compiler ABI info - done\n'}
[4.373249] (turtlebot3_fake_node) StdoutLine: {'line': b'-- Check for working CXX compiler: /usr/bin/g++ - skipped\n'}
[4.373317] (turtlebot3_fake_node) StdoutLine: {'line': b'-- Detecting CXX compile features\n'}
[4.373380] (turtlebot3_fake_node) StdoutLine: {'line': b'-- Detecting CXX compile features - done\n'}
[4.373443] (turtlebot3_fake_node) StdoutLine: {'line': b'-- Found ament_cmake: 1.3.7 (/opt/ros/humble/share/ament_cmake/cmake)\n'}
[4.373509] (turtlebot3_fake_node) StdoutLine: {'line': b'-- Found Python3: /usr/bin/python3.10 (found version "3.10.12") found components: Interpreter \n'}
[4.373573] (turtlebot3_fake_node) StdoutLine: {'line': b'-- Found geometry_msgs: 4.2.3 (/opt/ros/humble/share/geometry_msgs/cmake)\n'}
[4.373637] (turtlebot3_fake_node) StdoutLine: {'line': b'-- Found rosidl_generator_c: 3.1.5 (/opt/ros/humble/share/rosidl_generator_c/cmake)\n'}
[4.373702] (turtlebot3_fake_node) StdoutLine: {'line': b'-- Found rosidl_adapter: 3.1.5 (/opt/ros/humble/share/rosidl_adapter/cmake)\n'}
[4.373766] (turtlebot3_fake_node) StdoutLine: {'line': b'-- Found rosidl_generator_cpp: 3.1.5 (/opt/ros/humble/share/rosidl_generator_cpp/cmake)\n'}
[4.373837] (turtlebot3_fake_node) StdoutLine: {'line': b'-- Using all available rosidl_typesupport_c: rosidl_typesupport_fastrtps_c;rosidl_typesupport_introspection_c\n'}
[4.373902] (turtlebot3_fake_node) StdoutLine: {'line': b'-- Using all available rosidl_typesupport_cpp: rosidl_typesupport_fastrtps_cpp;rosidl_typesupport_introspection_cpp\n'}
[4.374036] (turtlebot3_fake_node) StdoutLine: {'line': b'-- Found nav_msgs: 4.2.3 (/opt/ros/humble/share/nav_msgs/cmake)\n'}
[4.374101] (turtlebot3_fake_node) StdoutLine: {'line': b'-- Found rclcpp: 16.0.8 (/opt/ros/humble/share/rclcpp/cmake)\n'}
[4.374165] (turtlebot3_fake_node) StdoutLine: {'line': b'-- Found rmw_implementation_cmake: 6.1.1 (/opt/ros/humble/share/rmw_implementation_cmake/cmake)\n'}
[4.374231] (turtlebot3_fake_node) StdoutLine: {'line': b'-- Found rmw_fastrtps_cpp: 6.2.6 (/opt/ros/humble/share/rmw_fastrtps_cpp/cmake)\n'}
[4.374296] (turtlebot3_fake_node) StdoutLine: {'line': b'-- Found OpenSSL: /usr/lib/x86_64-linux-gnu/libcrypto.so (found version "3.0.2")  \n'}
[4.374359] (turtlebot3_fake_node) StdoutLine: {'line': b'-- Found FastRTPS: /opt/ros/humble/include  \n'}
[4.374423] (turtlebot3_fake_node) StdoutLine: {'line': b"-- Using RMW implementation 'rmw_fastrtps_cpp' as default\n"}
[4.374488] (turtlebot3_fake_node) StdoutLine: {'line': b'-- Looking for pthread.h\n'}
[4.374551] (turtlebot3_fake_node) StdoutLine: {'line': b'-- Looking for pthread.h - found\n'}
[4.374614] (turtlebot3_fake_node) StdoutLine: {'line': b'-- Performing Test CMAKE_HAVE_LIBC_PTHREAD\n'}
[4.374677] (turtlebot3_fake_node) StdoutLine: {'line': b'-- Performing Test CMAKE_HAVE_LIBC_PTHREAD - Success\n'}
[4.374740] (turtlebot3_fake_node) StdoutLine: {'line': b'-- Found Threads: TRUE  \n'}
[4.374815] (turtlebot3_fake_node) StdoutLine: {'line': b'-- Found sensor_msgs: 4.2.3 (/opt/ros/humble/share/sensor_msgs/cmake)\n'}
[4.374880] (turtlebot3_gazebo) StdoutLine: {'line': b'-- The C compiler identification is GNU 11.4.0\n'}
[4.375067] (turtlebot3_gazebo) StdoutLine: {'line': b'-- The CXX compiler identification is GNU 11.4.0\n'}
[4.375139] (turtlebot3_gazebo) StdoutLine: {'line': b'-- Detecting C compiler ABI info\n'}
[4.375205] (turtlebot3_gazebo) StdoutLine: {'line': b'-- Detecting C compiler ABI info - done\n'}
[4.375272] (turtlebot3_gazebo) StdoutLine: {'line': b'-- Check for working C compiler: /usr/bin/gcc - skipped\n'}
[4.375338] (turtlebot3_gazebo) StdoutLine: {'line': b'-- Detecting C compile features\n'}
[4.375403] (turtlebot3_gazebo) StdoutLine: {'line': b'-- Detecting C compile features - done\n'}
[4.375469] (turtlebot3_gazebo) StdoutLine: {'line': b'-- Detecting CXX compiler ABI info\n'}
[4.375534] (turtlebot3_gazebo) StdoutLine: {'line': b'-- Detecting CXX compiler ABI info - done\n'}
[4.375599] (turtlebot3_gazebo) StdoutLine: {'line': b'-- Check for working CXX compiler: /usr/bin/g++ - skipped\n'}
[4.375664] (turtlebot3_gazebo) StdoutLine: {'line': b'-- Detecting CXX compile features\n'}
[4.375729] (turtlebot3_gazebo) StdoutLine: {'line': b'-- Detecting CXX compile features - done\n'}
[4.376013] (turtlebot3_gazebo) StdoutLine: {'line': b'-- Found ament_cmake: 1.3.7 (/opt/ros/humble/share/ament_cmake/cmake)\n'}
[4.376090] (turtlebot3_gazebo) StdoutLine: {'line': b'-- Found Python3: /usr/bin/python3.10 (found version "3.10.12") found components: Interpreter \n'}
[4.376157] (turtlebot3_gazebo) StdoutLine: {'line': b'-- Found PkgConfig: /usr/bin/pkg-config (found version "0.29.2") \n'}
[4.376223] (turtlebot3_gazebo) StdoutLine: {'line': b"-- Checking for module 'bullet>=2.82'\n"}
[4.376289] (turtlebot3_gazebo) StdoutLine: {'line': b'--   Found bullet, version 3.05\n'}
[4.376354] (turtlebot3_gazebo) StdoutLine: {'line': b'-- Found fcl: /usr/include (found suitable version "0.7.0", minimum required is "0.5.0") \n'}
[4.376420] (turtlebot3_gazebo) StdoutLine: {'line': b'-- Found assimp: /usr/include (found version "5.2.0") \n'}
[4.376484] (turtlebot3_gazebo) StdoutLine: {'line': b'-- Found DART: /usr/include (Required is at least version "6.6") found components: dart \n'}
[4.376550] (turtlebot3_gazebo) StdoutLine: {'line': b'-- Found Boost: /usr/lib/x86_64-linux-gnu/cmake/Boost-1.74.0/BoostConfig.cmake (found suitable version "1.74.0", minimum required is "1.40.0") found components: thread system filesystem program_options regex iostreams date_time \n'}
[4.376692] (turtlebot3_gazebo) StdoutLine: {'line': b'-- Found Protobuf: /usr/lib/x86_64-linux-gnu/libprotobuf.so (found version "3.12.4") \n'}
[4.376759] (turtlebot3_gazebo) StdoutLine: {'line': b'-- Looking for ignition-math6 -- found version 6.15.1\n'}
[4.376832] (turtlebot3_gazebo) StdoutLine: {'line': b'-- Searching for dependencies of ignition-math6\n'}
[4.376899] (turtlebot3_gazebo) StdoutLine: {'line': b'-- Looking for OGRE...\n'}
[4.376966] (turtlebot3_gazebo) StdoutLine: {'line': b'-- OGRE_PREFIX_WATCH changed.\n'}
[4.377032] (turtlebot3_gazebo) StdoutLine: {'line': b"-- Checking for module 'OGRE'\n"}
[4.377097] (turtlebot3_gazebo) StdoutLine: {'line': b'--   Found OGRE, version 1.9.0\n'}
[4.377163] (turtlebot3_gazebo) StdoutLine: {'line': b'-- Found Ogre Ghadamon (1.9.0)\n'}
[4.377228] (turtlebot3_gazebo) StdoutLine: {'line': b'-- Found OGRE: optimized;/usr/lib/x86_64-linux-gnu/libOgreMain.so;debug;/usr/lib/x86_64-linux-gnu/libOgreMain.so\n'}
[4.377295] (turtlebot3_gazebo) StdoutLine: {'line': b'-- Looking for OGRE_Paging...\n'}
[4.377361] (turtlebot3_gazebo) StdoutLine: {'line': b'-- Found OGRE_Paging: optimized;/usr/lib/x86_64-linux-gnu/libOgrePaging.so;debug;/usr/lib/x86_64-linux-gnu/libOgrePaging.so\n'}
[4.377428] (turtlebot3_gazebo) StdoutLine: {'line': b'-- Looking for OGRE_Terrain...\n'}
[4.377493] (turtlebot3_gazebo) StdoutLine: {'line': b'-- Found OGRE_Terrain: optimized;/usr/lib/x86_64-linux-gnu/libOgreTerrain.so;debug;/usr/lib/x86_64-linux-gnu/libOgreTerrain.so\n'}
[4.377560] (turtlebot3_gazebo) StdoutLine: {'line': b'-- Looking for OGRE_Property...\n'}
[4.377627] (turtlebot3_gazebo) StdoutLine: {'line': b'-- Found OGRE_Property: optimized;/usr/lib/x86_64-linux-gnu/libOgreProperty.so;debug;/usr/lib/x86_64-linux-gnu/libOgreProperty.so\n'}
[4.377695] (turtlebot3_gazebo) StdoutLine: {'line': b'-- Looking for OGRE_RTShaderSystem...\n'}
[4.377762] (turtlebot3_gazebo) StdoutLine: {'line': b'-- Found OGRE_RTShaderSystem: optimized;/usr/lib/x86_64-linux-gnu/libOgreRTShaderSystem.so;debug;/usr/lib/x86_64-linux-gnu/libOgreRTShaderSystem.so\n'}
[4.377834] (turtlebot3_gazebo) StdoutLine: {'line': b'-- Looking for OGRE_Volume...\n'}
[4.377900] (turtlebot3_gazebo) StdoutLine: {'line': b'-- Found OGRE_Volume: optimized;/usr/lib/x86_64-linux-gnu/libOgreVolume.so;debug;/usr/lib/x86_64-linux-gnu/libOgreVolume.so\n'}
[4.377968] (turtlebot3_gazebo) StdoutLine: {'line': b'-- Looking for OGRE_Overlay...\n'}
[4.378034] (turtlebot3_gazebo) StdoutLine: {'line': b'-- Found OGRE_Overlay: optimized;/usr/lib/x86_64-linux-gnu/libOgreOverlay.so;debug;/usr/lib/x86_64-linux-gnu/libOgreOverlay.so\n'}
[4.378102] (turtlebot3_gazebo) StdoutLine: {'line': b'-- Looking for ignition-math6 -- found version 6.15.1\n'}
[4.378169] (turtlebot3_gazebo) StdoutLine: {'line': b'-- Looking for ignition-transport8 -- found version 8.2.1\n'}
[4.378235] (turtlebot3_gazebo) StdoutLine: {'line': b'-- Searching for dependencies of ignition-transport8\n'}
[4.378302] (turtlebot3_gazebo) StdoutLine: {'line': b'-- Found Protobuf: /usr/lib/x86_64-linux-gnu/libprotobuf.so (found suitable version "3.12.4", minimum required is "3") \n'}
[4.378369] (turtlebot3_gazebo) StdoutLine: {'line': b'-- Config-file not installed for ZeroMQ -- checking for pkg-config\n'}
[4.378436] (turtlebot3_gazebo) StdoutLine: {'line': b"-- Checking for module 'libzmq >= 4'\n"}
[4.378502] (turtlebot3_gazebo) StdoutLine: {'line': b'--   Found libzmq , version 4.3.4\n'}
[4.378569] (turtlebot3_gazebo) StdoutLine: {'line': b'-- Found ZeroMQ: TRUE (Required is at least version "4") \n'}
[4.378637] (turtlebot3_gazebo) StdoutLine: {'line': b"-- Checking for module 'uuid'\n"}
[4.378703] (turtlebot3_gazebo) StdoutLine: {'line': b'--   Found uuid, version 2.37.2\n'}
[4.378770] (turtlebot3_gazebo) StdoutLine: {'line': b'-- Found UUID: TRUE  \n'}
[4.378841] (turtlebot3_gazebo) StdoutLine: {'line': b'-- Looking for ignition-msgs5 -- found version 5.8.1\n'}
[4.378954] (turtlebot3_gazebo) StdoutLine: {'line': b'-- Searching for dependencies of ignition-msgs5\n'}
[4.379050] (turtlebot3_gazebo) StdoutLine: {'line': b'-- Looking for ignition-math6 -- found version 6.15.1\n'}
[4.379118] (turtlebot3_gazebo) StdoutLine: {'line': b"-- Checking for module 'tinyxml2'\n"}
[4.379187] (turtlebot3_gazebo) StderrLine: {'line': b'\x1b[33mCMake Warning (dev) at /usr/share/cmake-3.22/Modules/FindPackageHandleStandardArgs.cmake:438 (message):\n'}
[4.379272] (turtlebot3_gazebo) StderrLine: {'line': b'  The package name passed to `find_package_handle_standard_args` (PkgConfig)\n'}
[4.379340] (turtlebot3_gazebo) StderrLine: {'line': b'  does not match the name of the calling package (gazebo).  This can lead to\n'}
[4.379405] (turtlebot3_gazebo) StderrLine: {'line': b'  problems in calling code that expects `find_package` result variables\n'}
[4.379471] (turtlebot3_gazebo) StderrLine: {'line': b'  (e.g., `_FOUND`) to follow a certain pattern.\n'}
[4.379537] (turtlebot3_gazebo) StderrLine: {'line': b'Call Stack (most recent call first):\n'}
[4.379603] (turtlebot3_gazebo) StderrLine: {'line': b'  /usr/share/cmake-3.22/Modules/FindPkgConfig.cmake:99 (find_package_handle_standard_args)\n'}
[4.379669] (turtlebot3_gazebo) StderrLine: {'line': b'  /usr/lib/x86_64-linux-gnu/cmake/gazebo/gazebo-config.cmake:72 (include)\n'}
[4.379735] (turtlebot3_gazebo) StderrLine: {'line': b'  CMakeLists.txt:23 (find_package)\n'}
[4.379806] (turtlebot3_gazebo) StderrLine: {'line': b'This warning is for project developers.  Use -Wno-dev to suppress it.\n'}
[4.380097] (turtlebot3_gazebo) StderrLine: {'line': b'\x1b[0m\n'}
[4.385842] (turtlebot3_gazebo) StdoutLine: {'line': b'--   Found tinyxml2, version 9.0.0\n'}
[4.416815] (-) TimerEvent: {}
[4.436603] (turtlebot3_gazebo) StdoutLine: {'line': b'-- Looking for ignition-msgs5 -- found version 5.8.1\n'}
[4.448343] (turtlebot3_gazebo) StdoutLine: {'line': b'-- Looking for ignition-common3 -- found version 3.14.0\n'}
[4.449211] (turtlebot3_gazebo) StdoutLine: {'line': b'-- Searching for dependencies of ignition-common3\n'}
[4.450895] (turtlebot3_gazebo) StdoutLine: {'line': b'-- Looking for dlfcn.h - found\n'}
[4.452144] (turtlebot3_gazebo) StdoutLine: {'line': b'-- Looking for libdl - found\n'}
[4.454237] (turtlebot3_gazebo) StdoutLine: {'line': b'-- Found DL: TRUE  \n'}
[4.484408] (turtlebot3_gazebo) StdoutLine: {'line': b'-- Found tinyobjloader: /usr/lib/x86_64-linux-gnu/cmake/tinyobjloader/tinyobjloader-config.cmake (found version "2.0.0") \n'}
[4.486626] (turtlebot3_gazebo) StdoutLine: {'line': b'-- Searching for <ignition-common3> component [graphics]\n'}
[4.489534] (turtlebot3_fake_node) StdoutLine: {'line': b'-- Found tf2: 0.25.5 (/opt/ros/humble/share/tf2/cmake)\n'}
[4.496833] (turtlebot3_gazebo) StdoutLine: {'line': b'-- Looking for ignition-common3-graphics -- found version 3.14.0\n'}
[4.497880] (turtlebot3_gazebo) StdoutLine: {'line': b'-- Searching for dependencies of ignition-common3-graphics\n'}
[4.498522] (turtlebot3_gazebo) StdoutLine: {'line': b'-- Looking for ignition-math6 -- found version 6.15.1\n'}
[4.511150] (turtlebot3_gazebo) StdoutLine: {'line': b'-- Looking for ignition-fuel_tools4 -- found version 4.4.0\n'}
[4.512015] (turtlebot3_gazebo) StdoutLine: {'line': b'-- Searching for dependencies of ignition-fuel_tools4\n'}
[4.516891] (-) TimerEvent: {}
[4.528912] (turtlebot3_fake_node) StdoutLine: {'line': b'-- Found tf2_msgs: 0.25.5 (/opt/ros/humble/share/tf2_msgs/cmake)\n'}
[4.616998] (-) TimerEvent: {}
[4.643462] (turtlebot3_gazebo) StdoutLine: {'line': b'-- Found CURL: /usr/lib/x86_64-linux-gnu/libcurl.so (found version "7.81.0")  \n'}
[4.663987] (turtlebot3_gazebo) StdoutLine: {'line': b"-- Checking for module 'jsoncpp'\n"}
[4.682275] (turtlebot3_gazebo) StdoutLine: {'line': b'--   Found jsoncpp, version 1.9.5\n'}
[4.717068] (-) TimerEvent: {}
[4.726585] (turtlebot3_gazebo) StdoutLine: {'line': b'-- Found JSONCPP: TRUE  \n'}
[4.735951] (turtlebot3_gazebo) StdoutLine: {'line': b"-- Checking for module 'libzip'\n"}
[4.758056] (turtlebot3_gazebo) StdoutLine: {'line': b'--   Found libzip, version 1.7.3\n'}
[4.773439] (turtlebot3_fake_node) StdoutLine: {'line': b'-- Found turtlebot3_msgs: 2.2.3 (/opt/ros/humble/share/turtlebot3_msgs/cmake)\n'}
[4.806169] (turtlebot3_gazebo) StdoutLine: {'line': b'-- Found ZIP: TRUE  \n'}
[4.806946] (turtlebot3_gazebo) StdoutLine: {'line': b'-- Looking for ignition-common3 -- found version 3.14.0\n'}
[4.807608] (turtlebot3_gazebo) StdoutLine: {'line': b'-- Looking for ignition-math6 -- found version 6.15.1\n'}
[4.808290] (turtlebot3_gazebo) StdoutLine: {'line': b'-- Looking for ignition-msgs5 -- found version 5.8.1\n'}
[4.817141] (-) TimerEvent: {}
[4.828711] (turtlebot3_gazebo) StdoutLine: {'line': b'-- Found gazebo_ros_pkgs: 3.7.0 (/opt/ros/humble/share/gazebo_ros_pkgs/cmake)\n'}
[4.832043] (turtlebot3_gazebo) StdoutLine: {'line': b'-- Found geometry_msgs: 4.2.3 (/opt/ros/humble/share/geometry_msgs/cmake)\n'}
[4.897414] (turtlebot3_gazebo) StdoutLine: {'line': b'-- Found rosidl_generator_c: 3.1.5 (/opt/ros/humble/share/rosidl_generator_c/cmake)\n'}
[4.909536] (turtlebot3_gazebo) StdoutLine: {'line': b'-- Found rosidl_adapter: 3.1.5 (/opt/ros/humble/share/rosidl_adapter/cmake)\n'}
[4.917231] (-) TimerEvent: {}
[4.927043] (turtlebot3_gazebo) StdoutLine: {'line': b'-- Found rosidl_generator_cpp: 3.1.5 (/opt/ros/humble/share/rosidl_generator_cpp/cmake)\n'}
[4.953899] (turtlebot3_gazebo) StdoutLine: {'line': b'-- Using all available rosidl_typesupport_c: rosidl_typesupport_fastrtps_c;rosidl_typesupport_introspection_c\n'}
[4.991193] (turtlebot3_gazebo) StdoutLine: {'line': b'-- Using all available rosidl_typesupport_cpp: rosidl_typesupport_fastrtps_cpp;rosidl_typesupport_introspection_cpp\n'}
[5.017304] (-) TimerEvent: {}
[5.117565] (-) TimerEvent: {}
[5.129861] (turtlebot3_fake_node) StdoutLine: {'line': b'-- Configuring done\n'}
[5.214675] (turtlebot3_gazebo) StdoutLine: {'line': b'-- Found nav_msgs: 4.2.3 (/opt/ros/humble/share/nav_msgs/cmake)\n'}
[5.217624] (-) TimerEvent: {}
[5.268685] (turtlebot3_fake_node) StdoutLine: {'line': b'-- Generating done\n'}
[5.293210] (turtlebot3_fake_node) StdoutLine: {'line': b'-- Build files have been written to: /uolstore/home/users/sc23oy/ros2_ws/src/build/turtlebot3_fake_node\n'}
[5.308922] (turtlebot3_fake_node) CommandEnded: {'returncode': 0}
[5.310109] (turtlebot3_fake_node) JobProgress: {'identifier': 'turtlebot3_fake_node', 'progress': 'build'}
[5.311686] (turtlebot3_fake_node) Command: {'cmd': ['/usr/bin/cmake', '--build', '/uolstore/home/users/sc23oy/ros2_ws/src/build/turtlebot3_fake_node', '--', '-j48', '-l48'], 'cwd': '/uolstore/home/users/sc23oy/ros2_ws/src/build/turtlebot3_fake_node', 'env': OrderedDict([('LESSOPEN', '||/usr/bin/lesspipe.sh %s'), ('LMOD_DIR', '/usr/share/lmod/lmod/libexec'), ('MAIL', '/var/spool/mail/sc23oy'), ('USER', 'sc23oy'), ('__LMOD_REF_COUNT_CMAKE_PREFIX_PATH', '/uollinapps/v2/24-25/soc/packages/linux-rhel9-x86_64_v3/gcc-11.4.0/gcc-14.2.0-svuh5yskfnrwh537tvxvt642acswwlju:1'), ('HOSTNAME', 'feng-linux-07.leeds.ac.uk'), ('XDG_SESSION_TYPE', 'x11'), ('MPI_FORTRAN_MOD_DIR', '/usr/lib64/gfortran/modules/openmpi'), ('GIT_ASKPASS', '/usr/share/code/resources/app/extensions/git/dist/askpass.sh'), ('LMOD_PKG', '/usr/share/lmod/lmod'), ('SHLVL', '3'), ('LD_LIBRARY_PATH', '/usr/lib/x86_64-linux-gnu/gazebo-11/plugins:/opt/ros/humble/opt/rviz_ogre_vendor/lib:/opt/ros/humble/lib/x86_64-linux-gnu:/opt/ros/humble/lib:/.singularity.d/libs:/usr/lib/x86_64-linux-gnu/gazebo-11/plugins:'), ('MPI_INCLUDE', '/usr/include/openmpi-x86_64'), ('HOME', '/uolstore/home/users/sc23oy'), ('CHROME_DESKTOP', 'code-url-handler.desktop'), ('OLDPWD', '/uolstore/home/users/sc23oy/ros2_ws'), ('TERM_PROGRAM_VERSION', '1.86.2'), ('DESKTOP_SESSION', 'gnome'), ('USER_PATH', '/usr/lib64/openmpi/bin:/usr/lib64/qt6/bin:/uollinapps/v2/24-25/soc/packages/linux-rhel9-x86_64_v3/gcc-11.4.0/gcc-14.2.0-svuh5yskfnrwh537tvxvt642acswwlju/bin:/uolstore/home/users/sc23oy/.local/bin:/uolstore/home/users/sc23oy/bin:/usr/local/bin:/usr/local/sbin:/usr/bin:/usr/sbin:/opt/puppetlabs/bin:/bin:/usr/bin:/sbin:/usr/sbin:/usr/local/bin:/usr/local/sbin'), ('__LMOD_REF_COUNT_PKG_CONFIG_PATH', '/usr/lib64/openmpi/lib/pkgconfig:1'), ('GAZEBO_MASTER_URI', 'http://localhost:11345'), ('ROS_PYTHON_VERSION', '3'), ('FPATH', '/usr/share/lmod/lmod/init/ksh_funcs'), ('FC', '/uollinapps/v2/24-25/soc/packages/linux-rhel9-x86_64_v3/gcc-11.4.0/gcc-14.2.0-svuh5yskfnrwh537tvxvt642acswwlju/bin/gfortran'), ('VSCODE_GIT_ASKPASS_MAIN', '/usr/share/code/resources/app/extensions/git/dist/askpass-main.js'), ('PS1', '\\[\x1b]633;A\x07\\][COMP3631] Singularity> \\w $ \\[\x1b]633;B\x07\\]'), ('VSCODE_GIT_ASKPASS_NODE', '/usr/share/code/code'), ('MPI_PYTHON3_SITEARCH', '/usr/lib64/python3.9/site-packages/openmpi'), ('LMOD_FAMILY_COMPILER_VERSION', '14.2.0'), ('_LMFILES_', '/uollinapps/v2/current/soc/spack/el9/Core/gcc/14.2.0.lua:/usr/share/modulefiles/mpi/openmpi-x86_64'), ('DBUS_SESSION_BUS_ADDRESS', 'unix:abstract=/tmp/dbus-8qGMb8aiOx,guid=2ad71e69851b37c21bae78fe69eca169'), ('COLORTERM', 'truecolor'), ('APPTAINER_ENVIRONMENT', '/.singularity.d/env/91-environment.sh'), ('__LMOD_REF_COUNT_PATH', '/usr/lib64/openmpi/bin:1;/usr/lib64/qt6/bin:2;/uollinapps/v2/24-25/soc/packages/linux-rhel9-x86_64_v3/gcc-11.4.0/gcc-14.2.0-svuh5yskfnrwh537tvxvt642acswwlju/bin:1;/uolstore/home/users/sc23oy/.local/bin:1;/uolstore/home/users/sc23oy/bin:1;/usr/local/bin:1;/usr/local/sbin:1;/usr/bin:1;/usr/sbin:1;/opt/puppetlabs/bin:1'), ('LMOD_sys', 'Linux'), ('F77', '/uollinapps/v2/24-25/soc/packages/linux-rhel9-x86_64_v3/gcc-11.4.0/gcc-14.2.0-svuh5yskfnrwh537tvxvt642acswwlju/bin/gfortran'), ('which_declare', 'declare -f'), ('COLCON_PREFIX_PATH', '/uolstore/home/users/sc23oy/ros2_ws/install'), ('ROS_DISTRO', 'humble'), ('SINGULARITY_ENVIRONMENT', '/.singularity.d/env/91-environment.sh'), ('LOGNAME', 'sc23oy'), ('MPI_COMPILER', 'openmpi-x86_64'), ('LMOD_VERSION', '8.7.65'), ('_', '/usr/bin/colcon'), ('ROS_VERSION', '2'), ('MPI_LIB', '/usr/lib64/openmpi/lib'), ('PKG_CONFIG_PATH', '/usr/lib64/openmpi/lib/pkgconfig'), ('XDG_SESSION_CLASS', 'user'), ('USERNAME', 'sc23oy'), ('TERM', 'xterm-256color'), ('GAZEBO_MODEL_PATH', '/usr/share/gazebo-11/models:'), ('MPI_BIN', '/usr/lib64/openmpi/bin'), ('ROS_LOCALHOST_ONLY', '1'), ('HISTCONTROL', 'ignoredups'), ('OGRE_RESOURCE_PATH', '/usr/lib/x86_64-linux-gnu/OGRE-1.9.0'), ('PATH', '/opt/ros/humble/bin:/usr/lib64/qt6/bin:/uolstore/home/users/sc23oy/.local/bin:/uolstore/home/users/sc23oy/bin:/usr/local/sbin:/usr/local/bin:/usr/sbin:/usr/bin:/sbin:/bin'), ('MPI_HOME', '/usr/lib64/openmpi'), ('GDM_LANG', 'en_GB.UTF-8'), ('APPTAINER_COMMAND', 'shell'), ('LMOD_SETTARG_FULL_SUPPORT', 'no'), ('__LMOD_REF_COUNT_LD_LIBRARY_PATH', '/usr/lib64/openmpi/lib:1'), ('XDG_MENU_PREFIX', 'gnome-'), ('GNOME_TERMINAL_SCREEN', '/org/gnome/Terminal/screen/3e198ced_e144_4c1b_ba88_d3f0aa723bad'), ('XDG_RUNTIME_DIR', '/run/user/604234'), ('MPI_MAN', '/usr/share/man/openmpi-x86_64'), ('GDK_BACKEND', 'x11'), ('DISPLAY', ':1'), ('HISTSIZE', '1000'), ('APPTAINER_APPNAME', ''), ('LANG', 'en_US.UTF-8'), ('XDG_CURRENT_DESKTOP', 'GNOME'), ('LMOD_ROOT', '/usr/share/lmod'), ('XMODIFIERS', '@im=ibus'), ('XDG_SESSION_DESKTOP', 'gnome'), ('XAUTHORITY', '/run/gdm/auth-for-sc23oy-AYJ5N3/database'), ('LS_COLORS', 'rs=0:di=01;34:ln=01;36:mh=00:pi=40;33:so=01;35:do=01;35:bd=40;33;01:cd=40;33;01:or=40;31;01:mi=01;37;41:su=37;41:sg=30;43:ca=30;41:tw=30;42:ow=34;42:st=37;44:ex=01;32:*.tar=01;31:*.tgz=01;31:*.arc=01;31:*.arj=01;31:*.taz=01;31:*.lha=01;31:*.lz4=01;31:*.lzh=01;31:*.lzma=01;31:*.tlz=01;31:*.txz=01;31:*.tzo=01;31:*.t7z=01;31:*.zip=01;31:*.z=01;31:*.dz=01;31:*.gz=01;31:*.lrz=01;31:*.lz=01;31:*.lzo=01;31:*.xz=01;31:*.zst=01;31:*.tzst=01;31:*.bz2=01;31:*.bz=01;31:*.tbz=01;31:*.tbz2=01;31:*.tz=01;31:*.deb=01;31:*.rpm=01;31:*.jar=01;31:*.war=01;31:*.ear=01;31:*.sar=01;31:*.rar=01;31:*.alz=01;31:*.ace=01;31:*.zoo=01;31:*.cpio=01;31:*.7z=01;31:*.rz=01;31:*.cab=01;31:*.wim=01;31:*.swm=01;31:*.dwm=01;31:*.esd=01;31:*.jpg=01;35:*.jpeg=01;35:*.mjpg=01;35:*.mjpeg=01;35:*.gif=01;35:*.bmp=01;35:*.pbm=01;35:*.pgm=01;35:*.ppm=01;35:*.tga=01;35:*.xbm=01;35:*.xpm=01;35:*.tif=01;35:*.tiff=01;35:*.png=01;35:*.svg=01;35:*.svgz=01;35:*.mng=01;35:*.pcx=01;35:*.mov=01;35:*.mpg=01;35:*.mpeg=01;35:*.m2v=01;35:*.mkv=01;35:*.webm=01;35:*.webp=01;35:*.ogm=01;35:*.mp4=01;35:*.m4v=01;35:*.mp4v=01;35:*.vob=01;35:*.qt=01;35:*.nuv=01;35:*.wmv=01;35:*.asf=01;35:*.rm=01;35:*.rmvb=01;35:*.flc=01;35:*.avi=01;35:*.fli=01;35:*.flv=01;35:*.gl=01;35:*.dl=01;35:*.xcf=01;35:*.xwd=01;35:*.yuv=01;35:*.cgm=01;35:*.emf=01;35:*.ogv=01;35:*.ogx=01;35:*.aac=01;36:*.au=01;36:*.flac=01;36:*.m4a=01;36:*.mid=01;36:*.midi=01;36:*.mka=01;36:*.mp3=01;36:*.mpc=01;36:*.ogg=01;36:*.ra=01;36:*.wav=01;36:*.oga=01;36:*.opus=01;36:*.spx=01;36:*.xspf=01;36:'), ('VSCODE_GIT_IPC_HANDLE', '/run/user/604234/vscode-git-8fb86e4b5d.sock'), ('GNOME_TERMINAL_SERVICE', ':1.59'), ('TERM_PROGRAM', 'vscode'), ('ROS_DOMAIN_ID', '30'), ('AMENT_PREFIX_PATH', '/opt/ros/humble'), ('ORIGINAL_XDG_CURRENT_DESKTOP', 'GNOME'), ('SHELL', '/bin/bash'), ('KRB5CCNAME', 'KEYRING:persistent:604234'), ('MPI_SYSCONFIG', '/etc/openmpi-x86_64'), ('MODULEPATH_ROOT', '/usr/share/modulefiles'), ('NO_AT_BRIDGE', '1'), ('CXX', '/usr/bin/g++'), ('GDMSESSION', 'gnome'), ('APPTAINER_CONTAINER', '/vol/scratch/SoC/COMP3631/comp3631.simg'), ('APPTAINER_BIND', '/run/user/604234,/etc/localtime'), ('LMOD_FAMILY_COMPILER', 'gcc'), ('LMOD_CMD', '/usr/share/lmod/lmod/libexec/lmod'), ('_ModuleTable_Sz_', '4'), ('GAZEBO_RESOURCE_PATH', '/usr/share/gazebo-11:'), ('GAZEBO_MODEL_DATABASE_URI', 'http://models.gazebosim.org'), ('SINGULARITY_CONTAINER', '/vol/scratch/SoC/COMP3631/comp3631.simg'), ('VSCODE_GIT_ASKPASS_EXTRA_ARGS', ''), ('BASH_ENV', '/usr/share/lmod/lmod/init/bash'), ('QT_IM_MODULE', 'ibus'), ('SINGULARITY_BIND', '/run/user/604234,/etc/localtime'), ('_ModuleTable001_', 'X01vZHVsZVRhYmxlXyA9IHsKTVR2ZXJzaW9uID0gMywKY19yZWJ1aWxkVGltZSA9IGZhbHNlLApjX3Nob3J0VGltZSA9IGZhbHNlLApkZXB0aFQgPSB7fSwKZmFtaWx5ID0gewpjb21waWxlciA9ICJnY2MiLAp9LAptVCA9IHsKZ2NjID0gewphY3Rpb25BID0gewpbW3ByZXBlbmRfcGF0aCgiTU9EVUxFUEFUSCIsIi91b2xsaW5hcHBzL3YyLzI0LTI1L3NvYy9zcGFjay9lbDkvZ2NjLzE0LjIuMCIpXV0sCn0sCmZuID0gIi91b2xsaW5hcHBzL3YyL2N1cnJlbnQvc29jL3NwYWNrL2VsOS9Db3JlL2djYy8xNC4yLjAubHVhIiwKZnVsbE5hbWUgPSAiZ2NjLzE0LjIuMCIsCmxvYWRPcmRlciA9IDEsCnByb3BUID0ge30sCnN0YWNrRGVwdGggPSAwLApzdGF0dXMgPSAiYWN0aXZlIiwK'), ('DEBUGINFOD_IMA_CERT_PATH', '/etc/keys/ima:'), ('_ModuleTable002_', 'dXNlck5hbWUgPSAiZ2NjIiwKd1YgPSAiMDAwMDAwMDE0LjAwMDAwMDAwMi4qemZpbmFsIiwKfSwKbXBpID0gewpmbiA9ICIvdXNyL3NoYXJlL21vZHVsZWZpbGVzL21waS9vcGVubXBpLXg4Nl82NCIsCmZ1bGxOYW1lID0gIm1waS9vcGVubXBpLXg4Nl82NCIsCmxvYWRPcmRlciA9IDIsCnByb3BUID0ge30sCnN0YWNrRGVwdGggPSAwLApzdGF0dXMgPSAiYWN0aXZlIiwKdXNlck5hbWUgPSAibXBpIiwKd1YgPSAiKm9wZW5tcGkuKnguMDAwMDAwMDg2LipfLjAwMDAwMDA2NC4qemZpbmFsIiwKfSwKfSwKbXBhdGhBID0gewoiL3VvbGxpbmFwcHMvdjIvMjQtMjUvc29jL3NwYWNrL2VsOS9nY2MvMTQuMi4wIiwgIi9ldGMvc2NsL21vZHVsZWZpbGVzIgosICIvdXNyL3NoYXJlL21v'), ('PWD', '/uolstore/home/users/sc23oy/ros2_ws/src/build/turtlebot3_fake_node'), ('LOADEDMODULES', 'gcc/14.2.0:mpi/openmpi-x86_64'), ('TURTLEBOT3_MODEL', 'burger'), ('APPTAINER_NAME', 'comp3631.simg'), ('GAZEBO_PLUGIN_PATH', '/usr/lib/x86_64-linux-gnu/gazebo-11/plugins:'), ('_ModuleTable003_', 'ZHVsZWZpbGVzIiwgIi91b2xsaW5hcHBzL3YyL2N1cnJlbnQvdW9sL3NwYWNrL2VsOS9Db3JlIgosICIvdW9sbGluYXBwcy92Mi9jdXJyZW50L3VvbC9vdGhlci9lbDkiCiwgIi91b2xsaW5hcHBzL3YyL2N1cnJlbnQvc29jL3NwYWNrL2VsOS9Db3JlIgosICIvdW9sbGluYXBwcy92Mi9jdXJyZW50L3NvYy9vdGhlciIsICIvdXNyL3NoYXJlL21vZHVsZWZpbGVzL0xpbnV4IgosICIvdXNyL3NoYXJlL21vZHVsZWZpbGVzL0NvcmUiLCAiL3Vzci9zaGFyZS9sbW9kL2xtb2QvbW9kdWxlZmlsZXMvQ29yZSIsCn0sCnN5c3RlbUJhc2VNUEFUSCA9ICIvZXRjL3NjbC9tb2R1bGVmaWxlczovdXNyL3NoYXJlL21vZHVsZWZpbGVzOi91b2xsaW5hcHBzL3YyL2N1cnJlbnQvdW9sL3NwYWNr'), ('XDG_DATA_DIRS', '/uolstore/home/users/sc23oy/.local/share/flatpak/exports/share:/var/lib/flatpak/exports/share:/usr/local/share:/usr/share'), ('PYTHONPATH', '/opt/ros/humble/lib/python3.10/site-packages:/opt/ros/humble/local/lib/python3.10/dist-packages'), ('_ModuleTable004_', 'L2VsOS9Db3JlOi91b2xsaW5hcHBzL3YyL2N1cnJlbnQvdW9sL290aGVyL2VsOTovdW9sbGluYXBwcy92Mi9jdXJyZW50L3NvYy9zcGFjay9lbDkvQ29yZTovdW9sbGluYXBwcy92Mi9jdXJyZW50L3NvYy9vdGhlcjovdXNyL3NoYXJlL21vZHVsZWZpbGVzL0xpbnV4Oi91c3Ivc2hhcmUvbW9kdWxlZmlsZXMvQ29yZTovdXNyL3NoYXJlL2xtb2QvbG1vZC9tb2R1bGVmaWxlcy9Db3JlIiwKfQo='), ('SINGULARITY_NAME', 'comp3631.simg'), ('CC', '/usr/bin/gcc'), ('COLCON', '1'), ('__LMOD_REF_COUNT_MODULEPATH', '/uollinapps/v2/24-25/soc/spack/el9/gcc/14.2.0:1;/etc/scl/modulefiles:2;/usr/share/modulefiles:1;/uollinapps/v2/current/uol/spack/el9/Core:1;/uollinapps/v2/current/uol/other/el9:1;/uollinapps/v2/current/soc/spack/el9/Core:1;/uollinapps/v2/current/soc/other:1;/usr/share/modulefiles/Linux:1;/usr/share/modulefiles/Core:1;/usr/share/lmod/lmod/modulefiles/Core:1'), ('MANPATH', ':/usr/share/man/openmpi-x86_64:/uollinapps/v2/24-25/soc/packages/linux-rhel9-x86_64_v3/gcc-11.4.0/gcc-14.2.0-svuh5yskfnrwh537tvxvt642acswwlju/share/man:/usr/share/lmod/lmod/share/man:/opt/puppetlabs/puppet/share/man'), ('VTE_VERSION', '6402'), ('MPI_SUFFIX', '_openmpi'), ('__LMOD_REF_COUNT_MANPATH', ':3;/usr/share/man/openmpi-x86_64:1;/uollinapps/v2/24-25/soc/packages/linux-rhel9-x86_64_v3/gcc-11.4.0/gcc-14.2.0-svuh5yskfnrwh537tvxvt642acswwlju/share/man:1;/usr/share/lmod/lmod/share/man:1;/opt/puppetlabs/puppet/share/man:1'), ('MODULEPATH', '/uollinapps/v2/24-25/soc/spack/el9/gcc/14.2.0:/etc/scl/modulefiles:/usr/share/modulefiles:/uollinapps/v2/current/uol/spack/el9/Core:/uollinapps/v2/current/uol/other/el9:/uollinapps/v2/current/soc/spack/el9/Core:/uollinapps/v2/current/soc/other:/usr/share/modulefiles/Linux:/usr/share/modulefiles/Core:/usr/share/lmod/lmod/modulefiles/Core'), ('MODULESHOME', '/usr/share/Modules'), ('CMAKE_PREFIX_PATH', '/uollinapps/v2/24-25/soc/packages/linux-rhel9-x86_64_v3/gcc-11.4.0/gcc-14.2.0-svuh5yskfnrwh537tvxvt642acswwlju:/opt/ros/humble')]), 'shell': False}
[5.317697] (-) TimerEvent: {}
[5.355005] (turtlebot3_gazebo) StdoutLine: {'line': b'-- Found rclcpp: 16.0.8 (/opt/ros/humble/share/rclcpp/cmake)\n'}
[5.417826] (-) TimerEvent: {}
[5.472942] (turtlebot3_fake_node) StdoutLine: {'line': b'[ 50%] \x1b[32mBuilding CXX object CMakeFiles/turtlebot3_fake_node.dir/src/turtlebot3_fake_node.cpp.o\x1b[0m\n'}
[5.512455] (turtlebot3_gazebo) StdoutLine: {'line': b'-- Found rmw_implementation_cmake: 6.1.1 (/opt/ros/humble/share/rmw_implementation_cmake/cmake)\n'}
[5.517891] (-) TimerEvent: {}
[5.524684] (turtlebot3_gazebo) StdoutLine: {'line': b'-- Found rmw_fastrtps_cpp: 6.2.6 (/opt/ros/humble/share/rmw_fastrtps_cpp/cmake)\n'}
[5.618010] (-) TimerEvent: {}
[5.718427] (-) TimerEvent: {}
[5.737035] (lab1) Command: {'cmd': ['/usr/bin/python3', 'setup.py', 'egg_info', '--egg-base', '../build/lab1', 'build', '--build-base', '/uolstore/home/users/sc23oy/ros2_ws/src/build/lab1/build', 'install', '--record', '/uolstore/home/users/sc23oy/ros2_ws/src/build/lab1/install.log', '--single-version-externally-managed'], 'cwd': '/uolstore/home/users/sc23oy/ros2_ws/src/lab1', 'env': {'LESSOPEN': '||/usr/bin/lesspipe.sh %s', 'LMOD_DIR': '/usr/share/lmod/lmod/libexec', 'MAIL': '/var/spool/mail/sc23oy', 'USER': 'sc23oy', '__LMOD_REF_COUNT_CMAKE_PREFIX_PATH': '/uollinapps/v2/24-25/soc/packages/linux-rhel9-x86_64_v3/gcc-11.4.0/gcc-14.2.0-svuh5yskfnrwh537tvxvt642acswwlju:1', 'HOSTNAME': 'feng-linux-07.leeds.ac.uk', 'XDG_SESSION_TYPE': 'x11', 'MPI_FORTRAN_MOD_DIR': '/usr/lib64/gfortran/modules/openmpi', 'GIT_ASKPASS': '/usr/share/code/resources/app/extensions/git/dist/askpass.sh', 'LMOD_PKG': '/usr/share/lmod/lmod', 'SHLVL': '3', 'LD_LIBRARY_PATH': '/usr/lib/x86_64-linux-gnu/gazebo-11/plugins:/opt/ros/humble/opt/rviz_ogre_vendor/lib:/opt/ros/humble/lib/x86_64-linux-gnu:/opt/ros/humble/lib:/.singularity.d/libs:/usr/lib/x86_64-linux-gnu/gazebo-11/plugins:', 'MPI_INCLUDE': '/usr/include/openmpi-x86_64', 'HOME': '/uolstore/home/users/sc23oy', 'CHROME_DESKTOP': 'code-url-handler.desktop', 'OLDPWD': '/uolstore/home/users/sc23oy/ros2_ws', 'TERM_PROGRAM_VERSION': '1.86.2', 'DESKTOP_SESSION': 'gnome', 'USER_PATH': '/usr/lib64/openmpi/bin:/usr/lib64/qt6/bin:/uollinapps/v2/24-25/soc/packages/linux-rhel9-x86_64_v3/gcc-11.4.0/gcc-14.2.0-svuh5yskfnrwh537tvxvt642acswwlju/bin:/uolstore/home/users/sc23oy/.local/bin:/uolstore/home/users/sc23oy/bin:/usr/local/bin:/usr/local/sbin:/usr/bin:/usr/sbin:/opt/puppetlabs/bin:/bin:/usr/bin:/sbin:/usr/sbin:/usr/local/bin:/usr/local/sbin', '__LMOD_REF_COUNT_PKG_CONFIG_PATH': '/usr/lib64/openmpi/lib/pkgconfig:1', 'GAZEBO_MASTER_URI': 'http://localhost:11345', 'ROS_PYTHON_VERSION': '3', 'FPATH': '/usr/share/lmod/lmod/init/ksh_funcs', 'FC': '/uollinapps/v2/24-25/soc/packages/linux-rhel9-x86_64_v3/gcc-11.4.0/gcc-14.2.0-svuh5yskfnrwh537tvxvt642acswwlju/bin/gfortran', 'VSCODE_GIT_ASKPASS_MAIN': '/usr/share/code/resources/app/extensions/git/dist/askpass-main.js', 'PS1': '\\[\x1b]633;A\x07\\][COMP3631] Singularity> \\w $ \\[\x1b]633;B\x07\\]', 'VSCODE_GIT_ASKPASS_NODE': '/usr/share/code/code', 'MPI_PYTHON3_SITEARCH': '/usr/lib64/python3.9/site-packages/openmpi', 'LMOD_FAMILY_COMPILER_VERSION': '14.2.0', '_LMFILES_': '/uollinapps/v2/current/soc/spack/el9/Core/gcc/14.2.0.lua:/usr/share/modulefiles/mpi/openmpi-x86_64', 'DBUS_SESSION_BUS_ADDRESS': 'unix:abstract=/tmp/dbus-8qGMb8aiOx,guid=2ad71e69851b37c21bae78fe69eca169', 'COLORTERM': 'truecolor', 'APPTAINER_ENVIRONMENT': '/.singularity.d/env/91-environment.sh', '__LMOD_REF_COUNT_PATH': '/usr/lib64/openmpi/bin:1;/usr/lib64/qt6/bin:2;/uollinapps/v2/24-25/soc/packages/linux-rhel9-x86_64_v3/gcc-11.4.0/gcc-14.2.0-svuh5yskfnrwh537tvxvt642acswwlju/bin:1;/uolstore/home/users/sc23oy/.local/bin:1;/uolstore/home/users/sc23oy/bin:1;/usr/local/bin:1;/usr/local/sbin:1;/usr/bin:1;/usr/sbin:1;/opt/puppetlabs/bin:1', 'LMOD_sys': 'Linux', 'F77': '/uollinapps/v2/24-25/soc/packages/linux-rhel9-x86_64_v3/gcc-11.4.0/gcc-14.2.0-svuh5yskfnrwh537tvxvt642acswwlju/bin/gfortran', 'which_declare': 'declare -f', 'COLCON_PREFIX_PATH': '/uolstore/home/users/sc23oy/ros2_ws/install', 'ROS_DISTRO': 'humble', 'SINGULARITY_ENVIRONMENT': '/.singularity.d/env/91-environment.sh', 'LOGNAME': 'sc23oy', 'MPI_COMPILER': 'openmpi-x86_64', 'LMOD_VERSION': '8.7.65', '_': '/usr/bin/colcon', 'ROS_VERSION': '2', 'MPI_LIB': '/usr/lib64/openmpi/lib', 'PKG_CONFIG_PATH': '/usr/lib64/openmpi/lib/pkgconfig', 'XDG_SESSION_CLASS': 'user', 'USERNAME': 'sc23oy', 'TERM': 'xterm-256color', 'GAZEBO_MODEL_PATH': '/usr/share/gazebo-11/models:', 'MPI_BIN': '/usr/lib64/openmpi/bin', 'ROS_LOCALHOST_ONLY': '1', 'HISTCONTROL': 'ignoredups', 'OGRE_RESOURCE_PATH': '/usr/lib/x86_64-linux-gnu/OGRE-1.9.0', 'PATH': '/opt/ros/humble/bin:/usr/lib64/qt6/bin:/uolstore/home/users/sc23oy/.local/bin:/uolstore/home/users/sc23oy/bin:/usr/local/sbin:/usr/local/bin:/usr/sbin:/usr/bin:/sbin:/bin', 'MPI_HOME': '/usr/lib64/openmpi', 'GDM_LANG': 'en_GB.UTF-8', 'APPTAINER_COMMAND': 'shell', 'LMOD_SETTARG_FULL_SUPPORT': 'no', '__LMOD_REF_COUNT_LD_LIBRARY_PATH': '/usr/lib64/openmpi/lib:1', 'XDG_MENU_PREFIX': 'gnome-', 'GNOME_TERMINAL_SCREEN': '/org/gnome/Terminal/screen/3e198ced_e144_4c1b_ba88_d3f0aa723bad', 'XDG_RUNTIME_DIR': '/run/user/604234', 'MPI_MAN': '/usr/share/man/openmpi-x86_64', 'GDK_BACKEND': 'x11', 'DISPLAY': ':1', 'HISTSIZE': '1000', 'APPTAINER_APPNAME': '', 'LANG': 'en_US.UTF-8', 'XDG_CURRENT_DESKTOP': 'GNOME', 'LMOD_ROOT': '/usr/share/lmod', 'XMODIFIERS': '@im=ibus', 'XDG_SESSION_DESKTOP': 'gnome', 'XAUTHORITY': '/run/gdm/auth-for-sc23oy-AYJ5N3/database', 'LS_COLORS': 'rs=0:di=01;34:ln=01;36:mh=00:pi=40;33:so=01;35:do=01;35:bd=40;33;01:cd=40;33;01:or=40;31;01:mi=01;37;41:su=37;41:sg=30;43:ca=30;41:tw=30;42:ow=34;42:st=37;44:ex=01;32:*.tar=01;31:*.tgz=01;31:*.arc=01;31:*.arj=01;31:*.taz=01;31:*.lha=01;31:*.lz4=01;31:*.lzh=01;31:*.lzma=01;31:*.tlz=01;31:*.txz=01;31:*.tzo=01;31:*.t7z=01;31:*.zip=01;31:*.z=01;31:*.dz=01;31:*.gz=01;31:*.lrz=01;31:*.lz=01;31:*.lzo=01;31:*.xz=01;31:*.zst=01;31:*.tzst=01;31:*.bz2=01;31:*.bz=01;31:*.tbz=01;31:*.tbz2=01;31:*.tz=01;31:*.deb=01;31:*.rpm=01;31:*.jar=01;31:*.war=01;31:*.ear=01;31:*.sar=01;31:*.rar=01;31:*.alz=01;31:*.ace=01;31:*.zoo=01;31:*.cpio=01;31:*.7z=01;31:*.rz=01;31:*.cab=01;31:*.wim=01;31:*.swm=01;31:*.dwm=01;31:*.esd=01;31:*.jpg=01;35:*.jpeg=01;35:*.mjpg=01;35:*.mjpeg=01;35:*.gif=01;35:*.bmp=01;35:*.pbm=01;35:*.pgm=01;35:*.ppm=01;35:*.tga=01;35:*.xbm=01;35:*.xpm=01;35:*.tif=01;35:*.tiff=01;35:*.png=01;35:*.svg=01;35:*.svgz=01;35:*.mng=01;35:*.pcx=01;35:*.mov=01;35:*.mpg=01;35:*.mpeg=01;35:*.m2v=01;35:*.mkv=01;35:*.webm=01;35:*.webp=01;35:*.ogm=01;35:*.mp4=01;35:*.m4v=01;35:*.mp4v=01;35:*.vob=01;35:*.qt=01;35:*.nuv=01;35:*.wmv=01;35:*.asf=01;35:*.rm=01;35:*.rmvb=01;35:*.flc=01;35:*.avi=01;35:*.fli=01;35:*.flv=01;35:*.gl=01;35:*.dl=01;35:*.xcf=01;35:*.xwd=01;35:*.yuv=01;35:*.cgm=01;35:*.emf=01;35:*.ogv=01;35:*.ogx=01;35:*.aac=01;36:*.au=01;36:*.flac=01;36:*.m4a=01;36:*.mid=01;36:*.midi=01;36:*.mka=01;36:*.mp3=01;36:*.mpc=01;36:*.ogg=01;36:*.ra=01;36:*.wav=01;36:*.oga=01;36:*.opus=01;36:*.spx=01;36:*.xspf=01;36:', 'VSCODE_GIT_IPC_HANDLE': '/run/user/604234/vscode-git-8fb86e4b5d.sock', 'GNOME_TERMINAL_SERVICE': ':1.59', 'TERM_PROGRAM': 'vscode', 'ROS_DOMAIN_ID': '30', 'AMENT_PREFIX_PATH': '/opt/ros/humble', 'ORIGINAL_XDG_CURRENT_DESKTOP': 'GNOME', 'SHELL': '/bin/bash', 'KRB5CCNAME': 'KEYRING:persistent:604234', 'MPI_SYSCONFIG': '/etc/openmpi-x86_64', 'MODULEPATH_ROOT': '/usr/share/modulefiles', 'NO_AT_BRIDGE': '1', 'CXX': '/usr/bin/g++', 'GDMSESSION': 'gnome', 'APPTAINER_CONTAINER': '/vol/scratch/SoC/COMP3631/comp3631.simg', 'APPTAINER_BIND': '/run/user/604234,/etc/localtime', 'LMOD_FAMILY_COMPILER': 'gcc', 'LMOD_CMD': '/usr/share/lmod/lmod/libexec/lmod', '_ModuleTable_Sz_': '4', 'GAZEBO_RESOURCE_PATH': '/usr/share/gazebo-11:', 'GAZEBO_MODEL_DATABASE_URI': 'http://models.gazebosim.org', 'SINGULARITY_CONTAINER': '/vol/scratch/SoC/COMP3631/comp3631.simg', 'VSCODE_GIT_ASKPASS_EXTRA_ARGS': '', 'BASH_ENV': '/usr/share/lmod/lmod/init/bash', 'QT_IM_MODULE': 'ibus', 'SINGULARITY_BIND': '/run/user/604234,/etc/localtime', '_ModuleTable001_': 'X01vZHVsZVRhYmxlXyA9IHsKTVR2ZXJzaW9uID0gMywKY19yZWJ1aWxkVGltZSA9IGZhbHNlLApjX3Nob3J0VGltZSA9IGZhbHNlLApkZXB0aFQgPSB7fSwKZmFtaWx5ID0gewpjb21waWxlciA9ICJnY2MiLAp9LAptVCA9IHsKZ2NjID0gewphY3Rpb25BID0gewpbW3ByZXBlbmRfcGF0aCgiTU9EVUxFUEFUSCIsIi91b2xsaW5hcHBzL3YyLzI0LTI1L3NvYy9zcGFjay9lbDkvZ2NjLzE0LjIuMCIpXV0sCn0sCmZuID0gIi91b2xsaW5hcHBzL3YyL2N1cnJlbnQvc29jL3NwYWNrL2VsOS9Db3JlL2djYy8xNC4yLjAubHVhIiwKZnVsbE5hbWUgPSAiZ2NjLzE0LjIuMCIsCmxvYWRPcmRlciA9IDEsCnByb3BUID0ge30sCnN0YWNrRGVwdGggPSAwLApzdGF0dXMgPSAiYWN0aXZlIiwK', 'DEBUGINFOD_IMA_CERT_PATH': '/etc/keys/ima:', '_ModuleTable002_': 'dXNlck5hbWUgPSAiZ2NjIiwKd1YgPSAiMDAwMDAwMDE0LjAwMDAwMDAwMi4qemZpbmFsIiwKfSwKbXBpID0gewpmbiA9ICIvdXNyL3NoYXJlL21vZHVsZWZpbGVzL21waS9vcGVubXBpLXg4Nl82NCIsCmZ1bGxOYW1lID0gIm1waS9vcGVubXBpLXg4Nl82NCIsCmxvYWRPcmRlciA9IDIsCnByb3BUID0ge30sCnN0YWNrRGVwdGggPSAwLApzdGF0dXMgPSAiYWN0aXZlIiwKdXNlck5hbWUgPSAibXBpIiwKd1YgPSAiKm9wZW5tcGkuKnguMDAwMDAwMDg2LipfLjAwMDAwMDA2NC4qemZpbmFsIiwKfSwKfSwKbXBhdGhBID0gewoiL3VvbGxpbmFwcHMvdjIvMjQtMjUvc29jL3NwYWNrL2VsOS9nY2MvMTQuMi4wIiwgIi9ldGMvc2NsL21vZHVsZWZpbGVzIgosICIvdXNyL3NoYXJlL21v', 'PWD': '/uolstore/home/users/sc23oy/ros2_ws/src/build/lab1', 'LOADEDMODULES': 'gcc/14.2.0:mpi/openmpi-x86_64', 'TURTLEBOT3_MODEL': 'burger', 'APPTAINER_NAME': 'comp3631.simg', 'GAZEBO_PLUGIN_PATH': '/usr/lib/x86_64-linux-gnu/gazebo-11/plugins:', '_ModuleTable003_': 'ZHVsZWZpbGVzIiwgIi91b2xsaW5hcHBzL3YyL2N1cnJlbnQvdW9sL3NwYWNrL2VsOS9Db3JlIgosICIvdW9sbGluYXBwcy92Mi9jdXJyZW50L3VvbC9vdGhlci9lbDkiCiwgIi91b2xsaW5hcHBzL3YyL2N1cnJlbnQvc29jL3NwYWNrL2VsOS9Db3JlIgosICIvdW9sbGluYXBwcy92Mi9jdXJyZW50L3NvYy9vdGhlciIsICIvdXNyL3NoYXJlL21vZHVsZWZpbGVzL0xpbnV4IgosICIvdXNyL3NoYXJlL21vZHVsZWZpbGVzL0NvcmUiLCAiL3Vzci9zaGFyZS9sbW9kL2xtb2QvbW9kdWxlZmlsZXMvQ29yZSIsCn0sCnN5c3RlbUJhc2VNUEFUSCA9ICIvZXRjL3NjbC9tb2R1bGVmaWxlczovdXNyL3NoYXJlL21vZHVsZWZpbGVzOi91b2xsaW5hcHBzL3YyL2N1cnJlbnQvdW9sL3NwYWNr', 'XDG_DATA_DIRS': '/uolstore/home/users/sc23oy/.local/share/flatpak/exports/share:/var/lib/flatpak/exports/share:/usr/local/share:/usr/share', 'PYTHONPATH': '/uolstore/home/users/sc23oy/ros2_ws/src/build/lab1/prefix_override:/uolstore/home/users/sc23oy/ros2_ws/src/install/lab1/lib/python3.10/site-packages:/opt/ros/humble/lib/python3.10/site-packages:/opt/ros/humble/local/lib/python3.10/dist-packages', '_ModuleTable004_': 'L2VsOS9Db3JlOi91b2xsaW5hcHBzL3YyL2N1cnJlbnQvdW9sL290aGVyL2VsOTovdW9sbGluYXBwcy92Mi9jdXJyZW50L3NvYy9zcGFjay9lbDkvQ29yZTovdW9sbGluYXBwcy92Mi9jdXJyZW50L3NvYy9vdGhlcjovdXNyL3NoYXJlL21vZHVsZWZpbGVzL0xpbnV4Oi91c3Ivc2hhcmUvbW9kdWxlZmlsZXMvQ29yZTovdXNyL3NoYXJlL2xtb2QvbG1vZC9tb2R1bGVmaWxlcy9Db3JlIiwKfQo=', 'SINGULARITY_NAME': 'comp3631.simg', 'CC': '/usr/bin/gcc', 'COLCON': '1', '__LMOD_REF_COUNT_MODULEPATH': '/uollinapps/v2/24-25/soc/spack/el9/gcc/14.2.0:1;/etc/scl/modulefiles:2;/usr/share/modulefiles:1;/uollinapps/v2/current/uol/spack/el9/Core:1;/uollinapps/v2/current/uol/other/el9:1;/uollinapps/v2/current/soc/spack/el9/Core:1;/uollinapps/v2/current/soc/other:1;/usr/share/modulefiles/Linux:1;/usr/share/modulefiles/Core:1;/usr/share/lmod/lmod/modulefiles/Core:1', 'MANPATH': ':/usr/share/man/openmpi-x86_64:/uollinapps/v2/24-25/soc/packages/linux-rhel9-x86_64_v3/gcc-11.4.0/gcc-14.2.0-svuh5yskfnrwh537tvxvt642acswwlju/share/man:/usr/share/lmod/lmod/share/man:/opt/puppetlabs/puppet/share/man', 'VTE_VERSION': '6402', 'MPI_SUFFIX': '_openmpi', '__LMOD_REF_COUNT_MANPATH': ':3;/usr/share/man/openmpi-x86_64:1;/uollinapps/v2/24-25/soc/packages/linux-rhel9-x86_64_v3/gcc-11.4.0/gcc-14.2.0-svuh5yskfnrwh537tvxvt642acswwlju/share/man:1;/usr/share/lmod/lmod/share/man:1;/opt/puppetlabs/puppet/share/man:1', 'MODULEPATH': '/uollinapps/v2/24-25/soc/spack/el9/gcc/14.2.0:/etc/scl/modulefiles:/usr/share/modulefiles:/uollinapps/v2/current/uol/spack/el9/Core:/uollinapps/v2/current/uol/other/el9:/uollinapps/v2/current/soc/spack/el9/Core:/uollinapps/v2/current/soc/other:/usr/share/modulefiles/Linux:/usr/share/modulefiles/Core:/usr/share/lmod/lmod/modulefiles/Core', 'MODULESHOME': '/usr/share/Modules', 'CMAKE_PREFIX_PATH': '/uollinapps/v2/24-25/soc/packages/linux-rhel9-x86_64_v3/gcc-11.4.0/gcc-14.2.0-svuh5yskfnrwh537tvxvt642acswwlju'}, 'shell': False}
[5.765425] (turtlebot3_gazebo) StdoutLine: {'line': b'-- Found OpenSSL: /usr/lib/x86_64-linux-gnu/libcrypto.so (found version "3.0.2")  \n'}
[5.817110] (lab4) Command: {'cmd': ['/usr/bin/python3', 'setup.py', 'egg_info', '--egg-base', '../build/lab4', 'build', '--build-base', '/uolstore/home/users/sc23oy/ros2_ws/src/build/lab4/build', 'install', '--record', '/uolstore/home/users/sc23oy/ros2_ws/src/build/lab4/install.log', '--single-version-externally-managed'], 'cwd': '/uolstore/home/users/sc23oy/ros2_ws/src/lab4', 'env': {'LESSOPEN': '||/usr/bin/lesspipe.sh %s', 'LMOD_DIR': '/usr/share/lmod/lmod/libexec', 'MAIL': '/var/spool/mail/sc23oy', 'USER': 'sc23oy', '__LMOD_REF_COUNT_CMAKE_PREFIX_PATH': '/uollinapps/v2/24-25/soc/packages/linux-rhel9-x86_64_v3/gcc-11.4.0/gcc-14.2.0-svuh5yskfnrwh537tvxvt642acswwlju:1', 'HOSTNAME': 'feng-linux-07.leeds.ac.uk', 'XDG_SESSION_TYPE': 'x11', 'MPI_FORTRAN_MOD_DIR': '/usr/lib64/gfortran/modules/openmpi', 'GIT_ASKPASS': '/usr/share/code/resources/app/extensions/git/dist/askpass.sh', 'LMOD_PKG': '/usr/share/lmod/lmod', 'SHLVL': '3', 'LD_LIBRARY_PATH': '/usr/lib/x86_64-linux-gnu/gazebo-11/plugins:/opt/ros/humble/opt/rviz_ogre_vendor/lib:/opt/ros/humble/lib/x86_64-linux-gnu:/opt/ros/humble/lib:/.singularity.d/libs:/usr/lib/x86_64-linux-gnu/gazebo-11/plugins:', 'MPI_INCLUDE': '/usr/include/openmpi-x86_64', 'HOME': '/uolstore/home/users/sc23oy', 'CHROME_DESKTOP': 'code-url-handler.desktop', 'OLDPWD': '/uolstore/home/users/sc23oy/ros2_ws', 'TERM_PROGRAM_VERSION': '1.86.2', 'DESKTOP_SESSION': 'gnome', 'USER_PATH': '/usr/lib64/openmpi/bin:/usr/lib64/qt6/bin:/uollinapps/v2/24-25/soc/packages/linux-rhel9-x86_64_v3/gcc-11.4.0/gcc-14.2.0-svuh5yskfnrwh537tvxvt642acswwlju/bin:/uolstore/home/users/sc23oy/.local/bin:/uolstore/home/users/sc23oy/bin:/usr/local/bin:/usr/local/sbin:/usr/bin:/usr/sbin:/opt/puppetlabs/bin:/bin:/usr/bin:/sbin:/usr/sbin:/usr/local/bin:/usr/local/sbin', '__LMOD_REF_COUNT_PKG_CONFIG_PATH': '/usr/lib64/openmpi/lib/pkgconfig:1', 'GAZEBO_MASTER_URI': 'http://localhost:11345', 'ROS_PYTHON_VERSION': '3', 'FPATH': '/usr/share/lmod/lmod/init/ksh_funcs', 'FC': '/uollinapps/v2/24-25/soc/packages/linux-rhel9-x86_64_v3/gcc-11.4.0/gcc-14.2.0-svuh5yskfnrwh537tvxvt642acswwlju/bin/gfortran', 'VSCODE_GIT_ASKPASS_MAIN': '/usr/share/code/resources/app/extensions/git/dist/askpass-main.js', 'PS1': '\\[\x1b]633;A\x07\\][COMP3631] Singularity> \\w $ \\[\x1b]633;B\x07\\]', 'VSCODE_GIT_ASKPASS_NODE': '/usr/share/code/code', 'MPI_PYTHON3_SITEARCH': '/usr/lib64/python3.9/site-packages/openmpi', 'LMOD_FAMILY_COMPILER_VERSION': '14.2.0', '_LMFILES_': '/uollinapps/v2/current/soc/spack/el9/Core/gcc/14.2.0.lua:/usr/share/modulefiles/mpi/openmpi-x86_64', 'DBUS_SESSION_BUS_ADDRESS': 'unix:abstract=/tmp/dbus-8qGMb8aiOx,guid=2ad71e69851b37c21bae78fe69eca169', 'COLORTERM': 'truecolor', 'APPTAINER_ENVIRONMENT': '/.singularity.d/env/91-environment.sh', '__LMOD_REF_COUNT_PATH': '/usr/lib64/openmpi/bin:1;/usr/lib64/qt6/bin:2;/uollinapps/v2/24-25/soc/packages/linux-rhel9-x86_64_v3/gcc-11.4.0/gcc-14.2.0-svuh5yskfnrwh537tvxvt642acswwlju/bin:1;/uolstore/home/users/sc23oy/.local/bin:1;/uolstore/home/users/sc23oy/bin:1;/usr/local/bin:1;/usr/local/sbin:1;/usr/bin:1;/usr/sbin:1;/opt/puppetlabs/bin:1', 'LMOD_sys': 'Linux', 'F77': '/uollinapps/v2/24-25/soc/packages/linux-rhel9-x86_64_v3/gcc-11.4.0/gcc-14.2.0-svuh5yskfnrwh537tvxvt642acswwlju/bin/gfortran', 'which_declare': 'declare -f', 'COLCON_PREFIX_PATH': '/uolstore/home/users/sc23oy/ros2_ws/install', 'ROS_DISTRO': 'humble', 'SINGULARITY_ENVIRONMENT': '/.singularity.d/env/91-environment.sh', 'LOGNAME': 'sc23oy', 'MPI_COMPILER': 'openmpi-x86_64', 'LMOD_VERSION': '8.7.65', '_': '/usr/bin/colcon', 'ROS_VERSION': '2', 'MPI_LIB': '/usr/lib64/openmpi/lib', 'PKG_CONFIG_PATH': '/usr/lib64/openmpi/lib/pkgconfig', 'XDG_SESSION_CLASS': 'user', 'USERNAME': 'sc23oy', 'TERM': 'xterm-256color', 'GAZEBO_MODEL_PATH': '/usr/share/gazebo-11/models:', 'MPI_BIN': '/usr/lib64/openmpi/bin', 'ROS_LOCALHOST_ONLY': '1', 'HISTCONTROL': 'ignoredups', 'OGRE_RESOURCE_PATH': '/usr/lib/x86_64-linux-gnu/OGRE-1.9.0', 'PATH': '/opt/ros/humble/bin:/usr/lib64/qt6/bin:/uolstore/home/users/sc23oy/.local/bin:/uolstore/home/users/sc23oy/bin:/usr/local/sbin:/usr/local/bin:/usr/sbin:/usr/bin:/sbin:/bin', 'MPI_HOME': '/usr/lib64/openmpi', 'GDM_LANG': 'en_GB.UTF-8', 'APPTAINER_COMMAND': 'shell', 'LMOD_SETTARG_FULL_SUPPORT': 'no', '__LMOD_REF_COUNT_LD_LIBRARY_PATH': '/usr/lib64/openmpi/lib:1', 'XDG_MENU_PREFIX': 'gnome-', 'GNOME_TERMINAL_SCREEN': '/org/gnome/Terminal/screen/3e198ced_e144_4c1b_ba88_d3f0aa723bad', 'XDG_RUNTIME_DIR': '/run/user/604234', 'MPI_MAN': '/usr/share/man/openmpi-x86_64', 'GDK_BACKEND': 'x11', 'DISPLAY': ':1', 'HISTSIZE': '1000', 'APPTAINER_APPNAME': '', 'LANG': 'en_US.UTF-8', 'XDG_CURRENT_DESKTOP': 'GNOME', 'LMOD_ROOT': '/usr/share/lmod', 'XMODIFIERS': '@im=ibus', 'XDG_SESSION_DESKTOP': 'gnome', 'XAUTHORITY': '/run/gdm/auth-for-sc23oy-AYJ5N3/database', 'LS_COLORS': 'rs=0:di=01;34:ln=01;36:mh=00:pi=40;33:so=01;35:do=01;35:bd=40;33;01:cd=40;33;01:or=40;31;01:mi=01;37;41:su=37;41:sg=30;43:ca=30;41:tw=30;42:ow=34;42:st=37;44:ex=01;32:*.tar=01;31:*.tgz=01;31:*.arc=01;31:*.arj=01;31:*.taz=01;31:*.lha=01;31:*.lz4=01;31:*.lzh=01;31:*.lzma=01;31:*.tlz=01;31:*.txz=01;31:*.tzo=01;31:*.t7z=01;31:*.zip=01;31:*.z=01;31:*.dz=01;31:*.gz=01;31:*.lrz=01;31:*.lz=01;31:*.lzo=01;31:*.xz=01;31:*.zst=01;31:*.tzst=01;31:*.bz2=01;31:*.bz=01;31:*.tbz=01;31:*.tbz2=01;31:*.tz=01;31:*.deb=01;31:*.rpm=01;31:*.jar=01;31:*.war=01;31:*.ear=01;31:*.sar=01;31:*.rar=01;31:*.alz=01;31:*.ace=01;31:*.zoo=01;31:*.cpio=01;31:*.7z=01;31:*.rz=01;31:*.cab=01;31:*.wim=01;31:*.swm=01;31:*.dwm=01;31:*.esd=01;31:*.jpg=01;35:*.jpeg=01;35:*.mjpg=01;35:*.mjpeg=01;35:*.gif=01;35:*.bmp=01;35:*.pbm=01;35:*.pgm=01;35:*.ppm=01;35:*.tga=01;35:*.xbm=01;35:*.xpm=01;35:*.tif=01;35:*.tiff=01;35:*.png=01;35:*.svg=01;35:*.svgz=01;35:*.mng=01;35:*.pcx=01;35:*.mov=01;35:*.mpg=01;35:*.mpeg=01;35:*.m2v=01;35:*.mkv=01;35:*.webm=01;35:*.webp=01;35:*.ogm=01;35:*.mp4=01;35:*.m4v=01;35:*.mp4v=01;35:*.vob=01;35:*.qt=01;35:*.nuv=01;35:*.wmv=01;35:*.asf=01;35:*.rm=01;35:*.rmvb=01;35:*.flc=01;35:*.avi=01;35:*.fli=01;35:*.flv=01;35:*.gl=01;35:*.dl=01;35:*.xcf=01;35:*.xwd=01;35:*.yuv=01;35:*.cgm=01;35:*.emf=01;35:*.ogv=01;35:*.ogx=01;35:*.aac=01;36:*.au=01;36:*.flac=01;36:*.m4a=01;36:*.mid=01;36:*.midi=01;36:*.mka=01;36:*.mp3=01;36:*.mpc=01;36:*.ogg=01;36:*.ra=01;36:*.wav=01;36:*.oga=01;36:*.opus=01;36:*.spx=01;36:*.xspf=01;36:', 'VSCODE_GIT_IPC_HANDLE': '/run/user/604234/vscode-git-8fb86e4b5d.sock', 'GNOME_TERMINAL_SERVICE': ':1.59', 'TERM_PROGRAM': 'vscode', 'ROS_DOMAIN_ID': '30', 'AMENT_PREFIX_PATH': '/opt/ros/humble', 'ORIGINAL_XDG_CURRENT_DESKTOP': 'GNOME', 'SHELL': '/bin/bash', 'KRB5CCNAME': 'KEYRING:persistent:604234', 'MPI_SYSCONFIG': '/etc/openmpi-x86_64', 'MODULEPATH_ROOT': '/usr/share/modulefiles', 'NO_AT_BRIDGE': '1', 'CXX': '/usr/bin/g++', 'GDMSESSION': 'gnome', 'APPTAINER_CONTAINER': '/vol/scratch/SoC/COMP3631/comp3631.simg', 'APPTAINER_BIND': '/run/user/604234,/etc/localtime', 'LMOD_FAMILY_COMPILER': 'gcc', 'LMOD_CMD': '/usr/share/lmod/lmod/libexec/lmod', '_ModuleTable_Sz_': '4', 'GAZEBO_RESOURCE_PATH': '/usr/share/gazebo-11:', 'GAZEBO_MODEL_DATABASE_URI': 'http://models.gazebosim.org', 'SINGULARITY_CONTAINER': '/vol/scratch/SoC/COMP3631/comp3631.simg', 'VSCODE_GIT_ASKPASS_EXTRA_ARGS': '', 'BASH_ENV': '/usr/share/lmod/lmod/init/bash', 'QT_IM_MODULE': 'ibus', 'SINGULARITY_BIND': '/run/user/604234,/etc/localtime', '_ModuleTable001_': 'X01vZHVsZVRhYmxlXyA9IHsKTVR2ZXJzaW9uID0gMywKY19yZWJ1aWxkVGltZSA9IGZhbHNlLApjX3Nob3J0VGltZSA9IGZhbHNlLApkZXB0aFQgPSB7fSwKZmFtaWx5ID0gewpjb21waWxlciA9ICJnY2MiLAp9LAptVCA9IHsKZ2NjID0gewphY3Rpb25BID0gewpbW3ByZXBlbmRfcGF0aCgiTU9EVUxFUEFUSCIsIi91b2xsaW5hcHBzL3YyLzI0LTI1L3NvYy9zcGFjay9lbDkvZ2NjLzE0LjIuMCIpXV0sCn0sCmZuID0gIi91b2xsaW5hcHBzL3YyL2N1cnJlbnQvc29jL3NwYWNrL2VsOS9Db3JlL2djYy8xNC4yLjAubHVhIiwKZnVsbE5hbWUgPSAiZ2NjLzE0LjIuMCIsCmxvYWRPcmRlciA9IDEsCnByb3BUID0ge30sCnN0YWNrRGVwdGggPSAwLApzdGF0dXMgPSAiYWN0aXZlIiwK', 'DEBUGINFOD_IMA_CERT_PATH': '/etc/keys/ima:', '_ModuleTable002_': 'dXNlck5hbWUgPSAiZ2NjIiwKd1YgPSAiMDAwMDAwMDE0LjAwMDAwMDAwMi4qemZpbmFsIiwKfSwKbXBpID0gewpmbiA9ICIvdXNyL3NoYXJlL21vZHVsZWZpbGVzL21waS9vcGVubXBpLXg4Nl82NCIsCmZ1bGxOYW1lID0gIm1waS9vcGVubXBpLXg4Nl82NCIsCmxvYWRPcmRlciA9IDIsCnByb3BUID0ge30sCnN0YWNrRGVwdGggPSAwLApzdGF0dXMgPSAiYWN0aXZlIiwKdXNlck5hbWUgPSAibXBpIiwKd1YgPSAiKm9wZW5tcGkuKnguMDAwMDAwMDg2LipfLjAwMDAwMDA2NC4qemZpbmFsIiwKfSwKfSwKbXBhdGhBID0gewoiL3VvbGxpbmFwcHMvdjIvMjQtMjUvc29jL3NwYWNrL2VsOS9nY2MvMTQuMi4wIiwgIi9ldGMvc2NsL21vZHVsZWZpbGVzIgosICIvdXNyL3NoYXJlL21v', 'PWD': '/uolstore/home/users/sc23oy/ros2_ws/src/build/lab4', 'LOADEDMODULES': 'gcc/14.2.0:mpi/openmpi-x86_64', 'TURTLEBOT3_MODEL': 'burger', 'APPTAINER_NAME': 'comp3631.simg', 'GAZEBO_PLUGIN_PATH': '/usr/lib/x86_64-linux-gnu/gazebo-11/plugins:', '_ModuleTable003_': 'ZHVsZWZpbGVzIiwgIi91b2xsaW5hcHBzL3YyL2N1cnJlbnQvdW9sL3NwYWNrL2VsOS9Db3JlIgosICIvdW9sbGluYXBwcy92Mi9jdXJyZW50L3VvbC9vdGhlci9lbDkiCiwgIi91b2xsaW5hcHBzL3YyL2N1cnJlbnQvc29jL3NwYWNrL2VsOS9Db3JlIgosICIvdW9sbGluYXBwcy92Mi9jdXJyZW50L3NvYy9vdGhlciIsICIvdXNyL3NoYXJlL21vZHVsZWZpbGVzL0xpbnV4IgosICIvdXNyL3NoYXJlL21vZHVsZWZpbGVzL0NvcmUiLCAiL3Vzci9zaGFyZS9sbW9kL2xtb2QvbW9kdWxlZmlsZXMvQ29yZSIsCn0sCnN5c3RlbUJhc2VNUEFUSCA9ICIvZXRjL3NjbC9tb2R1bGVmaWxlczovdXNyL3NoYXJlL21vZHVsZWZpbGVzOi91b2xsaW5hcHBzL3YyL2N1cnJlbnQvdW9sL3NwYWNr', 'XDG_DATA_DIRS': '/uolstore/home/users/sc23oy/.local/share/flatpak/exports/share:/var/lib/flatpak/exports/share:/usr/local/share:/usr/share', 'PYTHONPATH': '/uolstore/home/users/sc23oy/ros2_ws/src/build/lab4/prefix_override:/uolstore/home/users/sc23oy/ros2_ws/src/install/lab4/lib/python3.10/site-packages:/opt/ros/humble/lib/python3.10/site-packages:/opt/ros/humble/local/lib/python3.10/dist-packages', '_ModuleTable004_': 'L2VsOS9Db3JlOi91b2xsaW5hcHBzL3YyL2N1cnJlbnQvdW9sL290aGVyL2VsOTovdW9sbGluYXBwcy92Mi9jdXJyZW50L3NvYy9zcGFjay9lbDkvQ29yZTovdW9sbGluYXBwcy92Mi9jdXJyZW50L3NvYy9vdGhlcjovdXNyL3NoYXJlL21vZHVsZWZpbGVzL0xpbnV4Oi91c3Ivc2hhcmUvbW9kdWxlZmlsZXMvQ29yZTovdXNyL3NoYXJlL2xtb2QvbG1vZC9tb2R1bGVmaWxlcy9Db3JlIiwKfQo=', 'SINGULARITY_NAME': 'comp3631.simg', 'CC': '/usr/bin/gcc', 'COLCON': '1', '__LMOD_REF_COUNT_MODULEPATH': '/uollinapps/v2/24-25/soc/spack/el9/gcc/14.2.0:1;/etc/scl/modulefiles:2;/usr/share/modulefiles:1;/uollinapps/v2/current/uol/spack/el9/Core:1;/uollinapps/v2/current/uol/other/el9:1;/uollinapps/v2/current/soc/spack/el9/Core:1;/uollinapps/v2/current/soc/other:1;/usr/share/modulefiles/Linux:1;/usr/share/modulefiles/Core:1;/usr/share/lmod/lmod/modulefiles/Core:1', 'MANPATH': ':/usr/share/man/openmpi-x86_64:/uollinapps/v2/24-25/soc/packages/linux-rhel9-x86_64_v3/gcc-11.4.0/gcc-14.2.0-svuh5yskfnrwh537tvxvt642acswwlju/share/man:/usr/share/lmod/lmod/share/man:/opt/puppetlabs/puppet/share/man', 'VTE_VERSION': '6402', 'MPI_SUFFIX': '_openmpi', '__LMOD_REF_COUNT_MANPATH': ':3;/usr/share/man/openmpi-x86_64:1;/uollinapps/v2/24-25/soc/packages/linux-rhel9-x86_64_v3/gcc-11.4.0/gcc-14.2.0-svuh5yskfnrwh537tvxvt642acswwlju/share/man:1;/usr/share/lmod/lmod/share/man:1;/opt/puppetlabs/puppet/share/man:1', 'MODULEPATH': '/uollinapps/v2/24-25/soc/spack/el9/gcc/14.2.0:/etc/scl/modulefiles:/usr/share/modulefiles:/uollinapps/v2/current/uol/spack/el9/Core:/uollinapps/v2/current/uol/other/el9:/uollinapps/v2/current/soc/spack/el9/Core:/uollinapps/v2/current/soc/other:/usr/share/modulefiles/Linux:/usr/share/modulefiles/Core:/usr/share/lmod/lmod/modulefiles/Core', 'MODULESHOME': '/usr/share/Modules', 'CMAKE_PREFIX_PATH': '/uollinapps/v2/24-25/soc/packages/linux-rhel9-x86_64_v3/gcc-11.4.0/gcc-14.2.0-svuh5yskfnrwh537tvxvt642acswwlju'}, 'shell': False}
[5.822795] (-) TimerEvent: {}
[5.832111] (turtlebot3_gazebo) StdoutLine: {'line': b'-- Found FastRTPS: /opt/ros/humble/include  \n'}
[5.859065] (ros2_project_sc23oy) Command: {'cmd': ['/usr/bin/python3', 'setup.py', 'egg_info', '--egg-base', '../build/ros2_project_sc23oy', 'build', '--build-base', '/uolstore/home/users/sc23oy/ros2_ws/src/build/ros2_project_sc23oy/build', 'install', '--record', '/uolstore/home/users/sc23oy/ros2_ws/src/build/ros2_project_sc23oy/install.log', '--single-version-externally-managed'], 'cwd': '/uolstore/home/users/sc23oy/ros2_ws/src/ros2_project_sc23oy', 'env': {'LESSOPEN': '||/usr/bin/lesspipe.sh %s', 'LMOD_DIR': '/usr/share/lmod/lmod/libexec', 'MAIL': '/var/spool/mail/sc23oy', 'USER': 'sc23oy', '__LMOD_REF_COUNT_CMAKE_PREFIX_PATH': '/uollinapps/v2/24-25/soc/packages/linux-rhel9-x86_64_v3/gcc-11.4.0/gcc-14.2.0-svuh5yskfnrwh537tvxvt642acswwlju:1', 'HOSTNAME': 'feng-linux-07.leeds.ac.uk', 'XDG_SESSION_TYPE': 'x11', 'MPI_FORTRAN_MOD_DIR': '/usr/lib64/gfortran/modules/openmpi', 'GIT_ASKPASS': '/usr/share/code/resources/app/extensions/git/dist/askpass.sh', 'LMOD_PKG': '/usr/share/lmod/lmod', 'SHLVL': '3', 'LD_LIBRARY_PATH': '/usr/lib/x86_64-linux-gnu/gazebo-11/plugins:/opt/ros/humble/opt/rviz_ogre_vendor/lib:/opt/ros/humble/lib/x86_64-linux-gnu:/opt/ros/humble/lib:/.singularity.d/libs:/usr/lib/x86_64-linux-gnu/gazebo-11/plugins:', 'MPI_INCLUDE': '/usr/include/openmpi-x86_64', 'HOME': '/uolstore/home/users/sc23oy', 'CHROME_DESKTOP': 'code-url-handler.desktop', 'OLDPWD': '/uolstore/home/users/sc23oy/ros2_ws', 'TERM_PROGRAM_VERSION': '1.86.2', 'DESKTOP_SESSION': 'gnome', 'USER_PATH': '/usr/lib64/openmpi/bin:/usr/lib64/qt6/bin:/uollinapps/v2/24-25/soc/packages/linux-rhel9-x86_64_v3/gcc-11.4.0/gcc-14.2.0-svuh5yskfnrwh537tvxvt642acswwlju/bin:/uolstore/home/users/sc23oy/.local/bin:/uolstore/home/users/sc23oy/bin:/usr/local/bin:/usr/local/sbin:/usr/bin:/usr/sbin:/opt/puppetlabs/bin:/bin:/usr/bin:/sbin:/usr/sbin:/usr/local/bin:/usr/local/sbin', '__LMOD_REF_COUNT_PKG_CONFIG_PATH': '/usr/lib64/openmpi/lib/pkgconfig:1', 'GAZEBO_MASTER_URI': 'http://localhost:11345', 'ROS_PYTHON_VERSION': '3', 'FPATH': '/usr/share/lmod/lmod/init/ksh_funcs', 'FC': '/uollinapps/v2/24-25/soc/packages/linux-rhel9-x86_64_v3/gcc-11.4.0/gcc-14.2.0-svuh5yskfnrwh537tvxvt642acswwlju/bin/gfortran', 'VSCODE_GIT_ASKPASS_MAIN': '/usr/share/code/resources/app/extensions/git/dist/askpass-main.js', 'PS1': '\\[\x1b]633;A\x07\\][COMP3631] Singularity> \\w $ \\[\x1b]633;B\x07\\]', 'VSCODE_GIT_ASKPASS_NODE': '/usr/share/code/code', 'MPI_PYTHON3_SITEARCH': '/usr/lib64/python3.9/site-packages/openmpi', 'LMOD_FAMILY_COMPILER_VERSION': '14.2.0', '_LMFILES_': '/uollinapps/v2/current/soc/spack/el9/Core/gcc/14.2.0.lua:/usr/share/modulefiles/mpi/openmpi-x86_64', 'DBUS_SESSION_BUS_ADDRESS': 'unix:abstract=/tmp/dbus-8qGMb8aiOx,guid=2ad71e69851b37c21bae78fe69eca169', 'COLORTERM': 'truecolor', 'APPTAINER_ENVIRONMENT': '/.singularity.d/env/91-environment.sh', '__LMOD_REF_COUNT_PATH': '/usr/lib64/openmpi/bin:1;/usr/lib64/qt6/bin:2;/uollinapps/v2/24-25/soc/packages/linux-rhel9-x86_64_v3/gcc-11.4.0/gcc-14.2.0-svuh5yskfnrwh537tvxvt642acswwlju/bin:1;/uolstore/home/users/sc23oy/.local/bin:1;/uolstore/home/users/sc23oy/bin:1;/usr/local/bin:1;/usr/local/sbin:1;/usr/bin:1;/usr/sbin:1;/opt/puppetlabs/bin:1', 'LMOD_sys': 'Linux', 'F77': '/uollinapps/v2/24-25/soc/packages/linux-rhel9-x86_64_v3/gcc-11.4.0/gcc-14.2.0-svuh5yskfnrwh537tvxvt642acswwlju/bin/gfortran', 'which_declare': 'declare -f', 'COLCON_PREFIX_PATH': '/uolstore/home/users/sc23oy/ros2_ws/install', 'ROS_DISTRO': 'humble', 'SINGULARITY_ENVIRONMENT': '/.singularity.d/env/91-environment.sh', 'LOGNAME': 'sc23oy', 'MPI_COMPILER': 'openmpi-x86_64', 'LMOD_VERSION': '8.7.65', '_': '/usr/bin/colcon', 'ROS_VERSION': '2', 'MPI_LIB': '/usr/lib64/openmpi/lib', 'PKG_CONFIG_PATH': '/usr/lib64/openmpi/lib/pkgconfig', 'XDG_SESSION_CLASS': 'user', 'USERNAME': 'sc23oy', 'TERM': 'xterm-256color', 'GAZEBO_MODEL_PATH': '/usr/share/gazebo-11/models:', 'MPI_BIN': '/usr/lib64/openmpi/bin', 'ROS_LOCALHOST_ONLY': '1', 'HISTCONTROL': 'ignoredups', 'OGRE_RESOURCE_PATH': '/usr/lib/x86_64-linux-gnu/OGRE-1.9.0', 'PATH': '/opt/ros/humble/bin:/usr/lib64/qt6/bin:/uolstore/home/users/sc23oy/.local/bin:/uolstore/home/users/sc23oy/bin:/usr/local/sbin:/usr/local/bin:/usr/sbin:/usr/bin:/sbin:/bin', 'MPI_HOME': '/usr/lib64/openmpi', 'GDM_LANG': 'en_GB.UTF-8', 'APPTAINER_COMMAND': 'shell', 'LMOD_SETTARG_FULL_SUPPORT': 'no', '__LMOD_REF_COUNT_LD_LIBRARY_PATH': '/usr/lib64/openmpi/lib:1', 'XDG_MENU_PREFIX': 'gnome-', 'GNOME_TERMINAL_SCREEN': '/org/gnome/Terminal/screen/3e198ced_e144_4c1b_ba88_d3f0aa723bad', 'XDG_RUNTIME_DIR': '/run/user/604234', 'MPI_MAN': '/usr/share/man/openmpi-x86_64', 'GDK_BACKEND': 'x11', 'DISPLAY': ':1', 'HISTSIZE': '1000', 'APPTAINER_APPNAME': '', 'LANG': 'en_US.UTF-8', 'XDG_CURRENT_DESKTOP': 'GNOME', 'LMOD_ROOT': '/usr/share/lmod', 'XMODIFIERS': '@im=ibus', 'XDG_SESSION_DESKTOP': 'gnome', 'XAUTHORITY': '/run/gdm/auth-for-sc23oy-AYJ5N3/database', 'LS_COLORS': 'rs=0:di=01;34:ln=01;36:mh=00:pi=40;33:so=01;35:do=01;35:bd=40;33;01:cd=40;33;01:or=40;31;01:mi=01;37;41:su=37;41:sg=30;43:ca=30;41:tw=30;42:ow=34;42:st=37;44:ex=01;32:*.tar=01;31:*.tgz=01;31:*.arc=01;31:*.arj=01;31:*.taz=01;31:*.lha=01;31:*.lz4=01;31:*.lzh=01;31:*.lzma=01;31:*.tlz=01;31:*.txz=01;31:*.tzo=01;31:*.t7z=01;31:*.zip=01;31:*.z=01;31:*.dz=01;31:*.gz=01;31:*.lrz=01;31:*.lz=01;31:*.lzo=01;31:*.xz=01;31:*.zst=01;31:*.tzst=01;31:*.bz2=01;31:*.bz=01;31:*.tbz=01;31:*.tbz2=01;31:*.tz=01;31:*.deb=01;31:*.rpm=01;31:*.jar=01;31:*.war=01;31:*.ear=01;31:*.sar=01;31:*.rar=01;31:*.alz=01;31:*.ace=01;31:*.zoo=01;31:*.cpio=01;31:*.7z=01;31:*.rz=01;31:*.cab=01;31:*.wim=01;31:*.swm=01;31:*.dwm=01;31:*.esd=01;31:*.jpg=01;35:*.jpeg=01;35:*.mjpg=01;35:*.mjpeg=01;35:*.gif=01;35:*.bmp=01;35:*.pbm=01;35:*.pgm=01;35:*.ppm=01;35:*.tga=01;35:*.xbm=01;35:*.xpm=01;35:*.tif=01;35:*.tiff=01;35:*.png=01;35:*.svg=01;35:*.svgz=01;35:*.mng=01;35:*.pcx=01;35:*.mov=01;35:*.mpg=01;35:*.mpeg=01;35:*.m2v=01;35:*.mkv=01;35:*.webm=01;35:*.webp=01;35:*.ogm=01;35:*.mp4=01;35:*.m4v=01;35:*.mp4v=01;35:*.vob=01;35:*.qt=01;35:*.nuv=01;35:*.wmv=01;35:*.asf=01;35:*.rm=01;35:*.rmvb=01;35:*.flc=01;35:*.avi=01;35:*.fli=01;35:*.flv=01;35:*.gl=01;35:*.dl=01;35:*.xcf=01;35:*.xwd=01;35:*.yuv=01;35:*.cgm=01;35:*.emf=01;35:*.ogv=01;35:*.ogx=01;35:*.aac=01;36:*.au=01;36:*.flac=01;36:*.m4a=01;36:*.mid=01;36:*.midi=01;36:*.mka=01;36:*.mp3=01;36:*.mpc=01;36:*.ogg=01;36:*.ra=01;36:*.wav=01;36:*.oga=01;36:*.opus=01;36:*.spx=01;36:*.xspf=01;36:', 'VSCODE_GIT_IPC_HANDLE': '/run/user/604234/vscode-git-8fb86e4b5d.sock', 'GNOME_TERMINAL_SERVICE': ':1.59', 'TERM_PROGRAM': 'vscode', 'ROS_DOMAIN_ID': '30', 'AMENT_PREFIX_PATH': '/opt/ros/humble', 'ORIGINAL_XDG_CURRENT_DESKTOP': 'GNOME', 'SHELL': '/bin/bash', 'KRB5CCNAME': 'KEYRING:persistent:604234', 'MPI_SYSCONFIG': '/etc/openmpi-x86_64', 'MODULEPATH_ROOT': '/usr/share/modulefiles', 'NO_AT_BRIDGE': '1', 'CXX': '/usr/bin/g++', 'GDMSESSION': 'gnome', 'APPTAINER_CONTAINER': '/vol/scratch/SoC/COMP3631/comp3631.simg', 'APPTAINER_BIND': '/run/user/604234,/etc/localtime', 'LMOD_FAMILY_COMPILER': 'gcc', 'LMOD_CMD': '/usr/share/lmod/lmod/libexec/lmod', '_ModuleTable_Sz_': '4', 'GAZEBO_RESOURCE_PATH': '/usr/share/gazebo-11:', 'GAZEBO_MODEL_DATABASE_URI': 'http://models.gazebosim.org', 'SINGULARITY_CONTAINER': '/vol/scratch/SoC/COMP3631/comp3631.simg', 'VSCODE_GIT_ASKPASS_EXTRA_ARGS': '', 'BASH_ENV': '/usr/share/lmod/lmod/init/bash', 'QT_IM_MODULE': 'ibus', 'SINGULARITY_BIND': '/run/user/604234,/etc/localtime', '_ModuleTable001_': 'X01vZHVsZVRhYmxlXyA9IHsKTVR2ZXJzaW9uID0gMywKY19yZWJ1aWxkVGltZSA9IGZhbHNlLApjX3Nob3J0VGltZSA9IGZhbHNlLApkZXB0aFQgPSB7fSwKZmFtaWx5ID0gewpjb21waWxlciA9ICJnY2MiLAp9LAptVCA9IHsKZ2NjID0gewphY3Rpb25BID0gewpbW3ByZXBlbmRfcGF0aCgiTU9EVUxFUEFUSCIsIi91b2xsaW5hcHBzL3YyLzI0LTI1L3NvYy9zcGFjay9lbDkvZ2NjLzE0LjIuMCIpXV0sCn0sCmZuID0gIi91b2xsaW5hcHBzL3YyL2N1cnJlbnQvc29jL3NwYWNrL2VsOS9Db3JlL2djYy8xNC4yLjAubHVhIiwKZnVsbE5hbWUgPSAiZ2NjLzE0LjIuMCIsCmxvYWRPcmRlciA9IDEsCnByb3BUID0ge30sCnN0YWNrRGVwdGggPSAwLApzdGF0dXMgPSAiYWN0aXZlIiwK', 'DEBUGINFOD_IMA_CERT_PATH': '/etc/keys/ima:', '_ModuleTable002_': 'dXNlck5hbWUgPSAiZ2NjIiwKd1YgPSAiMDAwMDAwMDE0LjAwMDAwMDAwMi4qemZpbmFsIiwKfSwKbXBpID0gewpmbiA9ICIvdXNyL3NoYXJlL21vZHVsZWZpbGVzL21waS9vcGVubXBpLXg4Nl82NCIsCmZ1bGxOYW1lID0gIm1waS9vcGVubXBpLXg4Nl82NCIsCmxvYWRPcmRlciA9IDIsCnByb3BUID0ge30sCnN0YWNrRGVwdGggPSAwLApzdGF0dXMgPSAiYWN0aXZlIiwKdXNlck5hbWUgPSAibXBpIiwKd1YgPSAiKm9wZW5tcGkuKnguMDAwMDAwMDg2LipfLjAwMDAwMDA2NC4qemZpbmFsIiwKfSwKfSwKbXBhdGhBID0gewoiL3VvbGxpbmFwcHMvdjIvMjQtMjUvc29jL3NwYWNrL2VsOS9nY2MvMTQuMi4wIiwgIi9ldGMvc2NsL21vZHVsZWZpbGVzIgosICIvdXNyL3NoYXJlL21v', 'PWD': '/uolstore/home/users/sc23oy/ros2_ws/src/build/ros2_project_sc23oy', 'LOADEDMODULES': 'gcc/14.2.0:mpi/openmpi-x86_64', 'TURTLEBOT3_MODEL': 'burger', 'APPTAINER_NAME': 'comp3631.simg', 'GAZEBO_PLUGIN_PATH': '/usr/lib/x86_64-linux-gnu/gazebo-11/plugins:', '_ModuleTable003_': 'ZHVsZWZpbGVzIiwgIi91b2xsaW5hcHBzL3YyL2N1cnJlbnQvdW9sL3NwYWNrL2VsOS9Db3JlIgosICIvdW9sbGluYXBwcy92Mi9jdXJyZW50L3VvbC9vdGhlci9lbDkiCiwgIi91b2xsaW5hcHBzL3YyL2N1cnJlbnQvc29jL3NwYWNrL2VsOS9Db3JlIgosICIvdW9sbGluYXBwcy92Mi9jdXJyZW50L3NvYy9vdGhlciIsICIvdXNyL3NoYXJlL21vZHVsZWZpbGVzL0xpbnV4IgosICIvdXNyL3NoYXJlL21vZHVsZWZpbGVzL0NvcmUiLCAiL3Vzci9zaGFyZS9sbW9kL2xtb2QvbW9kdWxlZmlsZXMvQ29yZSIsCn0sCnN5c3RlbUJhc2VNUEFUSCA9ICIvZXRjL3NjbC9tb2R1bGVmaWxlczovdXNyL3NoYXJlL21vZHVsZWZpbGVzOi91b2xsaW5hcHBzL3YyL2N1cnJlbnQvdW9sL3NwYWNr', 'XDG_DATA_DIRS': '/uolstore/home/users/sc23oy/.local/share/flatpak/exports/share:/var/lib/flatpak/exports/share:/usr/local/share:/usr/share', 'PYTHONPATH': '/uolstore/home/users/sc23oy/ros2_ws/src/build/ros2_project_sc23oy/prefix_override:/uolstore/home/users/sc23oy/ros2_ws/src/install/ros2_project_sc23oy/lib/python3.10/site-packages:/opt/ros/humble/lib/python3.10/site-packages:/opt/ros/humble/local/lib/python3.10/dist-packages', '_ModuleTable004_': 'L2VsOS9Db3JlOi91b2xsaW5hcHBzL3YyL2N1cnJlbnQvdW9sL290aGVyL2VsOTovdW9sbGluYXBwcy92Mi9jdXJyZW50L3NvYy9zcGFjay9lbDkvQ29yZTovdW9sbGluYXBwcy92Mi9jdXJyZW50L3NvYy9vdGhlcjovdXNyL3NoYXJlL21vZHVsZWZpbGVzL0xpbnV4Oi91c3Ivc2hhcmUvbW9kdWxlZmlsZXMvQ29yZTovdXNyL3NoYXJlL2xtb2QvbG1vZC9tb2R1bGVmaWxlcy9Db3JlIiwKfQo=', 'SINGULARITY_NAME': 'comp3631.simg', 'CC': '/usr/bin/gcc', 'COLCON': '1', '__LMOD_REF_COUNT_MODULEPATH': '/uollinapps/v2/24-25/soc/spack/el9/gcc/14.2.0:1;/etc/scl/modulefiles:2;/usr/share/modulefiles:1;/uollinapps/v2/current/uol/spack/el9/Core:1;/uollinapps/v2/current/uol/other/el9:1;/uollinapps/v2/current/soc/spack/el9/Core:1;/uollinapps/v2/current/soc/other:1;/usr/share/modulefiles/Linux:1;/usr/share/modulefiles/Core:1;/usr/share/lmod/lmod/modulefiles/Core:1', 'MANPATH': ':/usr/share/man/openmpi-x86_64:/uollinapps/v2/24-25/soc/packages/linux-rhel9-x86_64_v3/gcc-11.4.0/gcc-14.2.0-svuh5yskfnrwh537tvxvt642acswwlju/share/man:/usr/share/lmod/lmod/share/man:/opt/puppetlabs/puppet/share/man', 'VTE_VERSION': '6402', 'MPI_SUFFIX': '_openmpi', '__LMOD_REF_COUNT_MANPATH': ':3;/usr/share/man/openmpi-x86_64:1;/uollinapps/v2/24-25/soc/packages/linux-rhel9-x86_64_v3/gcc-11.4.0/gcc-14.2.0-svuh5yskfnrwh537tvxvt642acswwlju/share/man:1;/usr/share/lmod/lmod/share/man:1;/opt/puppetlabs/puppet/share/man:1', 'MODULEPATH': '/uollinapps/v2/24-25/soc/spack/el9/gcc/14.2.0:/etc/scl/modulefiles:/usr/share/modulefiles:/uollinapps/v2/current/uol/spack/el9/Core:/uollinapps/v2/current/uol/other/el9:/uollinapps/v2/current/soc/spack/el9/Core:/uollinapps/v2/current/soc/other:/usr/share/modulefiles/Linux:/usr/share/modulefiles/Core:/usr/share/lmod/lmod/modulefiles/Core', 'MODULESHOME': '/usr/share/Modules', 'CMAKE_PREFIX_PATH': '/uollinapps/v2/24-25/soc/packages/linux-rhel9-x86_64_v3/gcc-11.4.0/gcc-14.2.0-svuh5yskfnrwh537tvxvt642acswwlju'}, 'shell': False}
[5.867788] (lab3) Command: {'cmd': ['/usr/bin/python3', 'setup.py', 'egg_info', '--egg-base', '../build/lab3', 'build', '--build-base', '/uolstore/home/users/sc23oy/ros2_ws/src/build/lab3/build', 'install', '--record', '/uolstore/home/users/sc23oy/ros2_ws/src/build/lab3/install.log', '--single-version-externally-managed'], 'cwd': '/uolstore/home/users/sc23oy/ros2_ws/src/lab3', 'env': {'LESSOPEN': '||/usr/bin/lesspipe.sh %s', 'LMOD_DIR': '/usr/share/lmod/lmod/libexec', 'MAIL': '/var/spool/mail/sc23oy', 'USER': 'sc23oy', '__LMOD_REF_COUNT_CMAKE_PREFIX_PATH': '/uollinapps/v2/24-25/soc/packages/linux-rhel9-x86_64_v3/gcc-11.4.0/gcc-14.2.0-svuh5yskfnrwh537tvxvt642acswwlju:1', 'HOSTNAME': 'feng-linux-07.leeds.ac.uk', 'XDG_SESSION_TYPE': 'x11', 'MPI_FORTRAN_MOD_DIR': '/usr/lib64/gfortran/modules/openmpi', 'GIT_ASKPASS': '/usr/share/code/resources/app/extensions/git/dist/askpass.sh', 'LMOD_PKG': '/usr/share/lmod/lmod', 'SHLVL': '3', 'LD_LIBRARY_PATH': '/usr/lib/x86_64-linux-gnu/gazebo-11/plugins:/opt/ros/humble/opt/rviz_ogre_vendor/lib:/opt/ros/humble/lib/x86_64-linux-gnu:/opt/ros/humble/lib:/.singularity.d/libs:/usr/lib/x86_64-linux-gnu/gazebo-11/plugins:', 'MPI_INCLUDE': '/usr/include/openmpi-x86_64', 'HOME': '/uolstore/home/users/sc23oy', 'CHROME_DESKTOP': 'code-url-handler.desktop', 'OLDPWD': '/uolstore/home/users/sc23oy/ros2_ws', 'TERM_PROGRAM_VERSION': '1.86.2', 'DESKTOP_SESSION': 'gnome', 'USER_PATH': '/usr/lib64/openmpi/bin:/usr/lib64/qt6/bin:/uollinapps/v2/24-25/soc/packages/linux-rhel9-x86_64_v3/gcc-11.4.0/gcc-14.2.0-svuh5yskfnrwh537tvxvt642acswwlju/bin:/uolstore/home/users/sc23oy/.local/bin:/uolstore/home/users/sc23oy/bin:/usr/local/bin:/usr/local/sbin:/usr/bin:/usr/sbin:/opt/puppetlabs/bin:/bin:/usr/bin:/sbin:/usr/sbin:/usr/local/bin:/usr/local/sbin', '__LMOD_REF_COUNT_PKG_CONFIG_PATH': '/usr/lib64/openmpi/lib/pkgconfig:1', 'GAZEBO_MASTER_URI': 'http://localhost:11345', 'ROS_PYTHON_VERSION': '3', 'FPATH': '/usr/share/lmod/lmod/init/ksh_funcs', 'FC': '/uollinapps/v2/24-25/soc/packages/linux-rhel9-x86_64_v3/gcc-11.4.0/gcc-14.2.0-svuh5yskfnrwh537tvxvt642acswwlju/bin/gfortran', 'VSCODE_GIT_ASKPASS_MAIN': '/usr/share/code/resources/app/extensions/git/dist/askpass-main.js', 'PS1': '\\[\x1b]633;A\x07\\][COMP3631] Singularity> \\w $ \\[\x1b]633;B\x07\\]', 'VSCODE_GIT_ASKPASS_NODE': '/usr/share/code/code', 'MPI_PYTHON3_SITEARCH': '/usr/lib64/python3.9/site-packages/openmpi', 'LMOD_FAMILY_COMPILER_VERSION': '14.2.0', '_LMFILES_': '/uollinapps/v2/current/soc/spack/el9/Core/gcc/14.2.0.lua:/usr/share/modulefiles/mpi/openmpi-x86_64', 'DBUS_SESSION_BUS_ADDRESS': 'unix:abstract=/tmp/dbus-8qGMb8aiOx,guid=2ad71e69851b37c21bae78fe69eca169', 'COLORTERM': 'truecolor', 'APPTAINER_ENVIRONMENT': '/.singularity.d/env/91-environment.sh', '__LMOD_REF_COUNT_PATH': '/usr/lib64/openmpi/bin:1;/usr/lib64/qt6/bin:2;/uollinapps/v2/24-25/soc/packages/linux-rhel9-x86_64_v3/gcc-11.4.0/gcc-14.2.0-svuh5yskfnrwh537tvxvt642acswwlju/bin:1;/uolstore/home/users/sc23oy/.local/bin:1;/uolstore/home/users/sc23oy/bin:1;/usr/local/bin:1;/usr/local/sbin:1;/usr/bin:1;/usr/sbin:1;/opt/puppetlabs/bin:1', 'LMOD_sys': 'Linux', 'F77': '/uollinapps/v2/24-25/soc/packages/linux-rhel9-x86_64_v3/gcc-11.4.0/gcc-14.2.0-svuh5yskfnrwh537tvxvt642acswwlju/bin/gfortran', 'which_declare': 'declare -f', 'COLCON_PREFIX_PATH': '/uolstore/home/users/sc23oy/ros2_ws/install', 'ROS_DISTRO': 'humble', 'SINGULARITY_ENVIRONMENT': '/.singularity.d/env/91-environment.sh', 'LOGNAME': 'sc23oy', 'MPI_COMPILER': 'openmpi-x86_64', 'LMOD_VERSION': '8.7.65', '_': '/usr/bin/colcon', 'ROS_VERSION': '2', 'MPI_LIB': '/usr/lib64/openmpi/lib', 'PKG_CONFIG_PATH': '/usr/lib64/openmpi/lib/pkgconfig', 'XDG_SESSION_CLASS': 'user', 'USERNAME': 'sc23oy', 'TERM': 'xterm-256color', 'GAZEBO_MODEL_PATH': '/usr/share/gazebo-11/models:', 'MPI_BIN': '/usr/lib64/openmpi/bin', 'ROS_LOCALHOST_ONLY': '1', 'HISTCONTROL': 'ignoredups', 'OGRE_RESOURCE_PATH': '/usr/lib/x86_64-linux-gnu/OGRE-1.9.0', 'PATH': '/opt/ros/humble/bin:/usr/lib64/qt6/bin:/uolstore/home/users/sc23oy/.local/bin:/uolstore/home/users/sc23oy/bin:/usr/local/sbin:/usr/local/bin:/usr/sbin:/usr/bin:/sbin:/bin', 'MPI_HOME': '/usr/lib64/openmpi', 'GDM_LANG': 'en_GB.UTF-8', 'APPTAINER_COMMAND': 'shell', 'LMOD_SETTARG_FULL_SUPPORT': 'no', '__LMOD_REF_COUNT_LD_LIBRARY_PATH': '/usr/lib64/openmpi/lib:1', 'XDG_MENU_PREFIX': 'gnome-', 'GNOME_TERMINAL_SCREEN': '/org/gnome/Terminal/screen/3e198ced_e144_4c1b_ba88_d3f0aa723bad', 'XDG_RUNTIME_DIR': '/run/user/604234', 'MPI_MAN': '/usr/share/man/openmpi-x86_64', 'GDK_BACKEND': 'x11', 'DISPLAY': ':1', 'HISTSIZE': '1000', 'APPTAINER_APPNAME': '', 'LANG': 'en_US.UTF-8', 'XDG_CURRENT_DESKTOP': 'GNOME', 'LMOD_ROOT': '/usr/share/lmod', 'XMODIFIERS': '@im=ibus', 'XDG_SESSION_DESKTOP': 'gnome', 'XAUTHORITY': '/run/gdm/auth-for-sc23oy-AYJ5N3/database', 'LS_COLORS': 'rs=0:di=01;34:ln=01;36:mh=00:pi=40;33:so=01;35:do=01;35:bd=40;33;01:cd=40;33;01:or=40;31;01:mi=01;37;41:su=37;41:sg=30;43:ca=30;41:tw=30;42:ow=34;42:st=37;44:ex=01;32:*.tar=01;31:*.tgz=01;31:*.arc=01;31:*.arj=01;31:*.taz=01;31:*.lha=01;31:*.lz4=01;31:*.lzh=01;31:*.lzma=01;31:*.tlz=01;31:*.txz=01;31:*.tzo=01;31:*.t7z=01;31:*.zip=01;31:*.z=01;31:*.dz=01;31:*.gz=01;31:*.lrz=01;31:*.lz=01;31:*.lzo=01;31:*.xz=01;31:*.zst=01;31:*.tzst=01;31:*.bz2=01;31:*.bz=01;31:*.tbz=01;31:*.tbz2=01;31:*.tz=01;31:*.deb=01;31:*.rpm=01;31:*.jar=01;31:*.war=01;31:*.ear=01;31:*.sar=01;31:*.rar=01;31:*.alz=01;31:*.ace=01;31:*.zoo=01;31:*.cpio=01;31:*.7z=01;31:*.rz=01;31:*.cab=01;31:*.wim=01;31:*.swm=01;31:*.dwm=01;31:*.esd=01;31:*.jpg=01;35:*.jpeg=01;35:*.mjpg=01;35:*.mjpeg=01;35:*.gif=01;35:*.bmp=01;35:*.pbm=01;35:*.pgm=01;35:*.ppm=01;35:*.tga=01;35:*.xbm=01;35:*.xpm=01;35:*.tif=01;35:*.tiff=01;35:*.png=01;35:*.svg=01;35:*.svgz=01;35:*.mng=01;35:*.pcx=01;35:*.mov=01;35:*.mpg=01;35:*.mpeg=01;35:*.m2v=01;35:*.mkv=01;35:*.webm=01;35:*.webp=01;35:*.ogm=01;35:*.mp4=01;35:*.m4v=01;35:*.mp4v=01;35:*.vob=01;35:*.qt=01;35:*.nuv=01;35:*.wmv=01;35:*.asf=01;35:*.rm=01;35:*.rmvb=01;35:*.flc=01;35:*.avi=01;35:*.fli=01;35:*.flv=01;35:*.gl=01;35:*.dl=01;35:*.xcf=01;35:*.xwd=01;35:*.yuv=01;35:*.cgm=01;35:*.emf=01;35:*.ogv=01;35:*.ogx=01;35:*.aac=01;36:*.au=01;36:*.flac=01;36:*.m4a=01;36:*.mid=01;36:*.midi=01;36:*.mka=01;36:*.mp3=01;36:*.mpc=01;36:*.ogg=01;36:*.ra=01;36:*.wav=01;36:*.oga=01;36:*.opus=01;36:*.spx=01;36:*.xspf=01;36:', 'VSCODE_GIT_IPC_HANDLE': '/run/user/604234/vscode-git-8fb86e4b5d.sock', 'GNOME_TERMINAL_SERVICE': ':1.59', 'TERM_PROGRAM': 'vscode', 'ROS_DOMAIN_ID': '30', 'AMENT_PREFIX_PATH': '/opt/ros/humble', 'ORIGINAL_XDG_CURRENT_DESKTOP': 'GNOME', 'SHELL': '/bin/bash', 'KRB5CCNAME': 'KEYRING:persistent:604234', 'MPI_SYSCONFIG': '/etc/openmpi-x86_64', 'MODULEPATH_ROOT': '/usr/share/modulefiles', 'NO_AT_BRIDGE': '1', 'CXX': '/usr/bin/g++', 'GDMSESSION': 'gnome', 'APPTAINER_CONTAINER': '/vol/scratch/SoC/COMP3631/comp3631.simg', 'APPTAINER_BIND': '/run/user/604234,/etc/localtime', 'LMOD_FAMILY_COMPILER': 'gcc', 'LMOD_CMD': '/usr/share/lmod/lmod/libexec/lmod', '_ModuleTable_Sz_': '4', 'GAZEBO_RESOURCE_PATH': '/usr/share/gazebo-11:', 'GAZEBO_MODEL_DATABASE_URI': 'http://models.gazebosim.org', 'SINGULARITY_CONTAINER': '/vol/scratch/SoC/COMP3631/comp3631.simg', 'VSCODE_GIT_ASKPASS_EXTRA_ARGS': '', 'BASH_ENV': '/usr/share/lmod/lmod/init/bash', 'QT_IM_MODULE': 'ibus', 'SINGULARITY_BIND': '/run/user/604234,/etc/localtime', '_ModuleTable001_': 'X01vZHVsZVRhYmxlXyA9IHsKTVR2ZXJzaW9uID0gMywKY19yZWJ1aWxkVGltZSA9IGZhbHNlLApjX3Nob3J0VGltZSA9IGZhbHNlLApkZXB0aFQgPSB7fSwKZmFtaWx5ID0gewpjb21waWxlciA9ICJnY2MiLAp9LAptVCA9IHsKZ2NjID0gewphY3Rpb25BID0gewpbW3ByZXBlbmRfcGF0aCgiTU9EVUxFUEFUSCIsIi91b2xsaW5hcHBzL3YyLzI0LTI1L3NvYy9zcGFjay9lbDkvZ2NjLzE0LjIuMCIpXV0sCn0sCmZuID0gIi91b2xsaW5hcHBzL3YyL2N1cnJlbnQvc29jL3NwYWNrL2VsOS9Db3JlL2djYy8xNC4yLjAubHVhIiwKZnVsbE5hbWUgPSAiZ2NjLzE0LjIuMCIsCmxvYWRPcmRlciA9IDEsCnByb3BUID0ge30sCnN0YWNrRGVwdGggPSAwLApzdGF0dXMgPSAiYWN0aXZlIiwK', 'DEBUGINFOD_IMA_CERT_PATH': '/etc/keys/ima:', '_ModuleTable002_': 'dXNlck5hbWUgPSAiZ2NjIiwKd1YgPSAiMDAwMDAwMDE0LjAwMDAwMDAwMi4qemZpbmFsIiwKfSwKbXBpID0gewpmbiA9ICIvdXNyL3NoYXJlL21vZHVsZWZpbGVzL21waS9vcGVubXBpLXg4Nl82NCIsCmZ1bGxOYW1lID0gIm1waS9vcGVubXBpLXg4Nl82NCIsCmxvYWRPcmRlciA9IDIsCnByb3BUID0ge30sCnN0YWNrRGVwdGggPSAwLApzdGF0dXMgPSAiYWN0aXZlIiwKdXNlck5hbWUgPSAibXBpIiwKd1YgPSAiKm9wZW5tcGkuKnguMDAwMDAwMDg2LipfLjAwMDAwMDA2NC4qemZpbmFsIiwKfSwKfSwKbXBhdGhBID0gewoiL3VvbGxpbmFwcHMvdjIvMjQtMjUvc29jL3NwYWNrL2VsOS9nY2MvMTQuMi4wIiwgIi9ldGMvc2NsL21vZHVsZWZpbGVzIgosICIvdXNyL3NoYXJlL21v', 'PWD': '/uolstore/home/users/sc23oy/ros2_ws/src/build/lab3', 'LOADEDMODULES': 'gcc/14.2.0:mpi/openmpi-x86_64', 'TURTLEBOT3_MODEL': 'burger', 'APPTAINER_NAME': 'comp3631.simg', 'GAZEBO_PLUGIN_PATH': '/usr/lib/x86_64-linux-gnu/gazebo-11/plugins:', '_ModuleTable003_': 'ZHVsZWZpbGVzIiwgIi91b2xsaW5hcHBzL3YyL2N1cnJlbnQvdW9sL3NwYWNrL2VsOS9Db3JlIgosICIvdW9sbGluYXBwcy92Mi9jdXJyZW50L3VvbC9vdGhlci9lbDkiCiwgIi91b2xsaW5hcHBzL3YyL2N1cnJlbnQvc29jL3NwYWNrL2VsOS9Db3JlIgosICIvdW9sbGluYXBwcy92Mi9jdXJyZW50L3NvYy9vdGhlciIsICIvdXNyL3NoYXJlL21vZHVsZWZpbGVzL0xpbnV4IgosICIvdXNyL3NoYXJlL21vZHVsZWZpbGVzL0NvcmUiLCAiL3Vzci9zaGFyZS9sbW9kL2xtb2QvbW9kdWxlZmlsZXMvQ29yZSIsCn0sCnN5c3RlbUJhc2VNUEFUSCA9ICIvZXRjL3NjbC9tb2R1bGVmaWxlczovdXNyL3NoYXJlL21vZHVsZWZpbGVzOi91b2xsaW5hcHBzL3YyL2N1cnJlbnQvdW9sL3NwYWNr', 'XDG_DATA_DIRS': '/uolstore/home/users/sc23oy/.local/share/flatpak/exports/share:/var/lib/flatpak/exports/share:/usr/local/share:/usr/share', 'PYTHONPATH': '/uolstore/home/users/sc23oy/ros2_ws/src/build/lab3/prefix_override:/uolstore/home/users/sc23oy/ros2_ws/src/install/lab3/lib/python3.10/site-packages:/opt/ros/humble/lib/python3.10/site-packages:/opt/ros/humble/local/lib/python3.10/dist-packages', '_ModuleTable004_': 'L2VsOS9Db3JlOi91b2xsaW5hcHBzL3YyL2N1cnJlbnQvdW9sL290aGVyL2VsOTovdW9sbGluYXBwcy92Mi9jdXJyZW50L3NvYy9zcGFjay9lbDkvQ29yZTovdW9sbGluYXBwcy92Mi9jdXJyZW50L3NvYy9vdGhlcjovdXNyL3NoYXJlL21vZHVsZWZpbGVzL0xpbnV4Oi91c3Ivc2hhcmUvbW9kdWxlZmlsZXMvQ29yZTovdXNyL3NoYXJlL2xtb2QvbG1vZC9tb2R1bGVmaWxlcy9Db3JlIiwKfQo=', 'SINGULARITY_NAME': 'comp3631.simg', 'CC': '/usr/bin/gcc', 'COLCON': '1', '__LMOD_REF_COUNT_MODULEPATH': '/uollinapps/v2/24-25/soc/spack/el9/gcc/14.2.0:1;/etc/scl/modulefiles:2;/usr/share/modulefiles:1;/uollinapps/v2/current/uol/spack/el9/Core:1;/uollinapps/v2/current/uol/other/el9:1;/uollinapps/v2/current/soc/spack/el9/Core:1;/uollinapps/v2/current/soc/other:1;/usr/share/modulefiles/Linux:1;/usr/share/modulefiles/Core:1;/usr/share/lmod/lmod/modulefiles/Core:1', 'MANPATH': ':/usr/share/man/openmpi-x86_64:/uollinapps/v2/24-25/soc/packages/linux-rhel9-x86_64_v3/gcc-11.4.0/gcc-14.2.0-svuh5yskfnrwh537tvxvt642acswwlju/share/man:/usr/share/lmod/lmod/share/man:/opt/puppetlabs/puppet/share/man', 'VTE_VERSION': '6402', 'MPI_SUFFIX': '_openmpi', '__LMOD_REF_COUNT_MANPATH': ':3;/usr/share/man/openmpi-x86_64:1;/uollinapps/v2/24-25/soc/packages/linux-rhel9-x86_64_v3/gcc-11.4.0/gcc-14.2.0-svuh5yskfnrwh537tvxvt642acswwlju/share/man:1;/usr/share/lmod/lmod/share/man:1;/opt/puppetlabs/puppet/share/man:1', 'MODULEPATH': '/uollinapps/v2/24-25/soc/spack/el9/gcc/14.2.0:/etc/scl/modulefiles:/usr/share/modulefiles:/uollinapps/v2/current/uol/spack/el9/Core:/uollinapps/v2/current/uol/other/el9:/uollinapps/v2/current/soc/spack/el9/Core:/uollinapps/v2/current/soc/other:/usr/share/modulefiles/Linux:/usr/share/modulefiles/Core:/usr/share/lmod/lmod/modulefiles/Core', 'MODULESHOME': '/usr/share/Modules', 'CMAKE_PREFIX_PATH': '/uollinapps/v2/24-25/soc/packages/linux-rhel9-x86_64_v3/gcc-11.4.0/gcc-14.2.0-svuh5yskfnrwh537tvxvt642acswwlju'}, 'shell': False}
[5.876750] (lab5) Command: {'cmd': ['/usr/bin/python3', 'setup.py', 'egg_info', '--egg-base', '../build/lab5', 'build', '--build-base', '/uolstore/home/users/sc23oy/ros2_ws/src/build/lab5/build', 'install', '--record', '/uolstore/home/users/sc23oy/ros2_ws/src/build/lab5/install.log', '--single-version-externally-managed'], 'cwd': '/uolstore/home/users/sc23oy/ros2_ws/src/lab5', 'env': {'LESSOPEN': '||/usr/bin/lesspipe.sh %s', 'LMOD_DIR': '/usr/share/lmod/lmod/libexec', 'MAIL': '/var/spool/mail/sc23oy', 'USER': 'sc23oy', '__LMOD_REF_COUNT_CMAKE_PREFIX_PATH': '/uollinapps/v2/24-25/soc/packages/linux-rhel9-x86_64_v3/gcc-11.4.0/gcc-14.2.0-svuh5yskfnrwh537tvxvt642acswwlju:1', 'HOSTNAME': 'feng-linux-07.leeds.ac.uk', 'XDG_SESSION_TYPE': 'x11', 'MPI_FORTRAN_MOD_DIR': '/usr/lib64/gfortran/modules/openmpi', 'GIT_ASKPASS': '/usr/share/code/resources/app/extensions/git/dist/askpass.sh', 'LMOD_PKG': '/usr/share/lmod/lmod', 'SHLVL': '3', 'LD_LIBRARY_PATH': '/usr/lib/x86_64-linux-gnu/gazebo-11/plugins:/opt/ros/humble/opt/rviz_ogre_vendor/lib:/opt/ros/humble/lib/x86_64-linux-gnu:/opt/ros/humble/lib:/.singularity.d/libs:/usr/lib/x86_64-linux-gnu/gazebo-11/plugins:', 'MPI_INCLUDE': '/usr/include/openmpi-x86_64', 'HOME': '/uolstore/home/users/sc23oy', 'CHROME_DESKTOP': 'code-url-handler.desktop', 'OLDPWD': '/uolstore/home/users/sc23oy/ros2_ws', 'TERM_PROGRAM_VERSION': '1.86.2', 'DESKTOP_SESSION': 'gnome', 'USER_PATH': '/usr/lib64/openmpi/bin:/usr/lib64/qt6/bin:/uollinapps/v2/24-25/soc/packages/linux-rhel9-x86_64_v3/gcc-11.4.0/gcc-14.2.0-svuh5yskfnrwh537tvxvt642acswwlju/bin:/uolstore/home/users/sc23oy/.local/bin:/uolstore/home/users/sc23oy/bin:/usr/local/bin:/usr/local/sbin:/usr/bin:/usr/sbin:/opt/puppetlabs/bin:/bin:/usr/bin:/sbin:/usr/sbin:/usr/local/bin:/usr/local/sbin', '__LMOD_REF_COUNT_PKG_CONFIG_PATH': '/usr/lib64/openmpi/lib/pkgconfig:1', 'GAZEBO_MASTER_URI': 'http://localhost:11345', 'ROS_PYTHON_VERSION': '3', 'FPATH': '/usr/share/lmod/lmod/init/ksh_funcs', 'FC': '/uollinapps/v2/24-25/soc/packages/linux-rhel9-x86_64_v3/gcc-11.4.0/gcc-14.2.0-svuh5yskfnrwh537tvxvt642acswwlju/bin/gfortran', 'VSCODE_GIT_ASKPASS_MAIN': '/usr/share/code/resources/app/extensions/git/dist/askpass-main.js', 'PS1': '\\[\x1b]633;A\x07\\][COMP3631] Singularity> \\w $ \\[\x1b]633;B\x07\\]', 'VSCODE_GIT_ASKPASS_NODE': '/usr/share/code/code', 'MPI_PYTHON3_SITEARCH': '/usr/lib64/python3.9/site-packages/openmpi', 'LMOD_FAMILY_COMPILER_VERSION': '14.2.0', '_LMFILES_': '/uollinapps/v2/current/soc/spack/el9/Core/gcc/14.2.0.lua:/usr/share/modulefiles/mpi/openmpi-x86_64', 'DBUS_SESSION_BUS_ADDRESS': 'unix:abstract=/tmp/dbus-8qGMb8aiOx,guid=2ad71e69851b37c21bae78fe69eca169', 'COLORTERM': 'truecolor', 'APPTAINER_ENVIRONMENT': '/.singularity.d/env/91-environment.sh', '__LMOD_REF_COUNT_PATH': '/usr/lib64/openmpi/bin:1;/usr/lib64/qt6/bin:2;/uollinapps/v2/24-25/soc/packages/linux-rhel9-x86_64_v3/gcc-11.4.0/gcc-14.2.0-svuh5yskfnrwh537tvxvt642acswwlju/bin:1;/uolstore/home/users/sc23oy/.local/bin:1;/uolstore/home/users/sc23oy/bin:1;/usr/local/bin:1;/usr/local/sbin:1;/usr/bin:1;/usr/sbin:1;/opt/puppetlabs/bin:1', 'LMOD_sys': 'Linux', 'F77': '/uollinapps/v2/24-25/soc/packages/linux-rhel9-x86_64_v3/gcc-11.4.0/gcc-14.2.0-svuh5yskfnrwh537tvxvt642acswwlju/bin/gfortran', 'which_declare': 'declare -f', 'COLCON_PREFIX_PATH': '/uolstore/home/users/sc23oy/ros2_ws/install', 'ROS_DISTRO': 'humble', 'SINGULARITY_ENVIRONMENT': '/.singularity.d/env/91-environment.sh', 'LOGNAME': 'sc23oy', 'MPI_COMPILER': 'openmpi-x86_64', 'LMOD_VERSION': '8.7.65', '_': '/usr/bin/colcon', 'ROS_VERSION': '2', 'MPI_LIB': '/usr/lib64/openmpi/lib', 'PKG_CONFIG_PATH': '/usr/lib64/openmpi/lib/pkgconfig', 'XDG_SESSION_CLASS': 'user', 'USERNAME': 'sc23oy', 'TERM': 'xterm-256color', 'GAZEBO_MODEL_PATH': '/usr/share/gazebo-11/models:', 'MPI_BIN': '/usr/lib64/openmpi/bin', 'ROS_LOCALHOST_ONLY': '1', 'HISTCONTROL': 'ignoredups', 'OGRE_RESOURCE_PATH': '/usr/lib/x86_64-linux-gnu/OGRE-1.9.0', 'PATH': '/opt/ros/humble/bin:/usr/lib64/qt6/bin:/uolstore/home/users/sc23oy/.local/bin:/uolstore/home/users/sc23oy/bin:/usr/local/sbin:/usr/local/bin:/usr/sbin:/usr/bin:/sbin:/bin', 'MPI_HOME': '/usr/lib64/openmpi', 'GDM_LANG': 'en_GB.UTF-8', 'APPTAINER_COMMAND': 'shell', 'LMOD_SETTARG_FULL_SUPPORT': 'no', '__LMOD_REF_COUNT_LD_LIBRARY_PATH': '/usr/lib64/openmpi/lib:1', 'XDG_MENU_PREFIX': 'gnome-', 'GNOME_TERMINAL_SCREEN': '/org/gnome/Terminal/screen/3e198ced_e144_4c1b_ba88_d3f0aa723bad', 'XDG_RUNTIME_DIR': '/run/user/604234', 'MPI_MAN': '/usr/share/man/openmpi-x86_64', 'GDK_BACKEND': 'x11', 'DISPLAY': ':1', 'HISTSIZE': '1000', 'APPTAINER_APPNAME': '', 'LANG': 'en_US.UTF-8', 'XDG_CURRENT_DESKTOP': 'GNOME', 'LMOD_ROOT': '/usr/share/lmod', 'XMODIFIERS': '@im=ibus', 'XDG_SESSION_DESKTOP': 'gnome', 'XAUTHORITY': '/run/gdm/auth-for-sc23oy-AYJ5N3/database', 'LS_COLORS': 'rs=0:di=01;34:ln=01;36:mh=00:pi=40;33:so=01;35:do=01;35:bd=40;33;01:cd=40;33;01:or=40;31;01:mi=01;37;41:su=37;41:sg=30;43:ca=30;41:tw=30;42:ow=34;42:st=37;44:ex=01;32:*.tar=01;31:*.tgz=01;31:*.arc=01;31:*.arj=01;31:*.taz=01;31:*.lha=01;31:*.lz4=01;31:*.lzh=01;31:*.lzma=01;31:*.tlz=01;31:*.txz=01;31:*.tzo=01;31:*.t7z=01;31:*.zip=01;31:*.z=01;31:*.dz=01;31:*.gz=01;31:*.lrz=01;31:*.lz=01;31:*.lzo=01;31:*.xz=01;31:*.zst=01;31:*.tzst=01;31:*.bz2=01;31:*.bz=01;31:*.tbz=01;31:*.tbz2=01;31:*.tz=01;31:*.deb=01;31:*.rpm=01;31:*.jar=01;31:*.war=01;31:*.ear=01;31:*.sar=01;31:*.rar=01;31:*.alz=01;31:*.ace=01;31:*.zoo=01;31:*.cpio=01;31:*.7z=01;31:*.rz=01;31:*.cab=01;31:*.wim=01;31:*.swm=01;31:*.dwm=01;31:*.esd=01;31:*.jpg=01;35:*.jpeg=01;35:*.mjpg=01;35:*.mjpeg=01;35:*.gif=01;35:*.bmp=01;35:*.pbm=01;35:*.pgm=01;35:*.ppm=01;35:*.tga=01;35:*.xbm=01;35:*.xpm=01;35:*.tif=01;35:*.tiff=01;35:*.png=01;35:*.svg=01;35:*.svgz=01;35:*.mng=01;35:*.pcx=01;35:*.mov=01;35:*.mpg=01;35:*.mpeg=01;35:*.m2v=01;35:*.mkv=01;35:*.webm=01;35:*.webp=01;35:*.ogm=01;35:*.mp4=01;35:*.m4v=01;35:*.mp4v=01;35:*.vob=01;35:*.qt=01;35:*.nuv=01;35:*.wmv=01;35:*.asf=01;35:*.rm=01;35:*.rmvb=01;35:*.flc=01;35:*.avi=01;35:*.fli=01;35:*.flv=01;35:*.gl=01;35:*.dl=01;35:*.xcf=01;35:*.xwd=01;35:*.yuv=01;35:*.cgm=01;35:*.emf=01;35:*.ogv=01;35:*.ogx=01;35:*.aac=01;36:*.au=01;36:*.flac=01;36:*.m4a=01;36:*.mid=01;36:*.midi=01;36:*.mka=01;36:*.mp3=01;36:*.mpc=01;36:*.ogg=01;36:*.ra=01;36:*.wav=01;36:*.oga=01;36:*.opus=01;36:*.spx=01;36:*.xspf=01;36:', 'VSCODE_GIT_IPC_HANDLE': '/run/user/604234/vscode-git-8fb86e4b5d.sock', 'GNOME_TERMINAL_SERVICE': ':1.59', 'TERM_PROGRAM': 'vscode', 'ROS_DOMAIN_ID': '30', 'AMENT_PREFIX_PATH': '/opt/ros/humble', 'ORIGINAL_XDG_CURRENT_DESKTOP': 'GNOME', 'SHELL': '/bin/bash', 'KRB5CCNAME': 'KEYRING:persistent:604234', 'MPI_SYSCONFIG': '/etc/openmpi-x86_64', 'MODULEPATH_ROOT': '/usr/share/modulefiles', 'NO_AT_BRIDGE': '1', 'CXX': '/usr/bin/g++', 'GDMSESSION': 'gnome', 'APPTAINER_CONTAINER': '/vol/scratch/SoC/COMP3631/comp3631.simg', 'APPTAINER_BIND': '/run/user/604234,/etc/localtime', 'LMOD_FAMILY_COMPILER': 'gcc', 'LMOD_CMD': '/usr/share/lmod/lmod/libexec/lmod', '_ModuleTable_Sz_': '4', 'GAZEBO_RESOURCE_PATH': '/usr/share/gazebo-11:', 'GAZEBO_MODEL_DATABASE_URI': 'http://models.gazebosim.org', 'SINGULARITY_CONTAINER': '/vol/scratch/SoC/COMP3631/comp3631.simg', 'VSCODE_GIT_ASKPASS_EXTRA_ARGS': '', 'BASH_ENV': '/usr/share/lmod/lmod/init/bash', 'QT_IM_MODULE': 'ibus', 'SINGULARITY_BIND': '/run/user/604234,/etc/localtime', '_ModuleTable001_': 'X01vZHVsZVRhYmxlXyA9IHsKTVR2ZXJzaW9uID0gMywKY19yZWJ1aWxkVGltZSA9IGZhbHNlLApjX3Nob3J0VGltZSA9IGZhbHNlLApkZXB0aFQgPSB7fSwKZmFtaWx5ID0gewpjb21waWxlciA9ICJnY2MiLAp9LAptVCA9IHsKZ2NjID0gewphY3Rpb25BID0gewpbW3ByZXBlbmRfcGF0aCgiTU9EVUxFUEFUSCIsIi91b2xsaW5hcHBzL3YyLzI0LTI1L3NvYy9zcGFjay9lbDkvZ2NjLzE0LjIuMCIpXV0sCn0sCmZuID0gIi91b2xsaW5hcHBzL3YyL2N1cnJlbnQvc29jL3NwYWNrL2VsOS9Db3JlL2djYy8xNC4yLjAubHVhIiwKZnVsbE5hbWUgPSAiZ2NjLzE0LjIuMCIsCmxvYWRPcmRlciA9IDEsCnByb3BUID0ge30sCnN0YWNrRGVwdGggPSAwLApzdGF0dXMgPSAiYWN0aXZlIiwK', 'DEBUGINFOD_IMA_CERT_PATH': '/etc/keys/ima:', '_ModuleTable002_': 'dXNlck5hbWUgPSAiZ2NjIiwKd1YgPSAiMDAwMDAwMDE0LjAwMDAwMDAwMi4qemZpbmFsIiwKfSwKbXBpID0gewpmbiA9ICIvdXNyL3NoYXJlL21vZHVsZWZpbGVzL21waS9vcGVubXBpLXg4Nl82NCIsCmZ1bGxOYW1lID0gIm1waS9vcGVubXBpLXg4Nl82NCIsCmxvYWRPcmRlciA9IDIsCnByb3BUID0ge30sCnN0YWNrRGVwdGggPSAwLApzdGF0dXMgPSAiYWN0aXZlIiwKdXNlck5hbWUgPSAibXBpIiwKd1YgPSAiKm9wZW5tcGkuKnguMDAwMDAwMDg2LipfLjAwMDAwMDA2NC4qemZpbmFsIiwKfSwKfSwKbXBhdGhBID0gewoiL3VvbGxpbmFwcHMvdjIvMjQtMjUvc29jL3NwYWNrL2VsOS9nY2MvMTQuMi4wIiwgIi9ldGMvc2NsL21vZHVsZWZpbGVzIgosICIvdXNyL3NoYXJlL21v', 'PWD': '/uolstore/home/users/sc23oy/ros2_ws/src/build/lab5', 'LOADEDMODULES': 'gcc/14.2.0:mpi/openmpi-x86_64', 'TURTLEBOT3_MODEL': 'burger', 'APPTAINER_NAME': 'comp3631.simg', 'GAZEBO_PLUGIN_PATH': '/usr/lib/x86_64-linux-gnu/gazebo-11/plugins:', '_ModuleTable003_': 'ZHVsZWZpbGVzIiwgIi91b2xsaW5hcHBzL3YyL2N1cnJlbnQvdW9sL3NwYWNrL2VsOS9Db3JlIgosICIvdW9sbGluYXBwcy92Mi9jdXJyZW50L3VvbC9vdGhlci9lbDkiCiwgIi91b2xsaW5hcHBzL3YyL2N1cnJlbnQvc29jL3NwYWNrL2VsOS9Db3JlIgosICIvdW9sbGluYXBwcy92Mi9jdXJyZW50L3NvYy9vdGhlciIsICIvdXNyL3NoYXJlL21vZHVsZWZpbGVzL0xpbnV4IgosICIvdXNyL3NoYXJlL21vZHVsZWZpbGVzL0NvcmUiLCAiL3Vzci9zaGFyZS9sbW9kL2xtb2QvbW9kdWxlZmlsZXMvQ29yZSIsCn0sCnN5c3RlbUJhc2VNUEFUSCA9ICIvZXRjL3NjbC9tb2R1bGVmaWxlczovdXNyL3NoYXJlL21vZHVsZWZpbGVzOi91b2xsaW5hcHBzL3YyL2N1cnJlbnQvdW9sL3NwYWNr', 'XDG_DATA_DIRS': '/uolstore/home/users/sc23oy/.local/share/flatpak/exports/share:/var/lib/flatpak/exports/share:/usr/local/share:/usr/share', 'PYTHONPATH': '/uolstore/home/users/sc23oy/ros2_ws/src/build/lab5/prefix_override:/uolstore/home/users/sc23oy/ros2_ws/src/install/lab5/lib/python3.10/site-packages:/opt/ros/humble/lib/python3.10/site-packages:/opt/ros/humble/local/lib/python3.10/dist-packages', '_ModuleTable004_': 'L2VsOS9Db3JlOi91b2xsaW5hcHBzL3YyL2N1cnJlbnQvdW9sL290aGVyL2VsOTovdW9sbGluYXBwcy92Mi9jdXJyZW50L3NvYy9zcGFjay9lbDkvQ29yZTovdW9sbGluYXBwcy92Mi9jdXJyZW50L3NvYy9vdGhlcjovdXNyL3NoYXJlL21vZHVsZWZpbGVzL0xpbnV4Oi91c3Ivc2hhcmUvbW9kdWxlZmlsZXMvQ29yZTovdXNyL3NoYXJlL2xtb2QvbG1vZC9tb2R1bGVmaWxlcy9Db3JlIiwKfQo=', 'SINGULARITY_NAME': 'comp3631.simg', 'CC': '/usr/bin/gcc', 'COLCON': '1', '__LMOD_REF_COUNT_MODULEPATH': '/uollinapps/v2/24-25/soc/spack/el9/gcc/14.2.0:1;/etc/scl/modulefiles:2;/usr/share/modulefiles:1;/uollinapps/v2/current/uol/spack/el9/Core:1;/uollinapps/v2/current/uol/other/el9:1;/uollinapps/v2/current/soc/spack/el9/Core:1;/uollinapps/v2/current/soc/other:1;/usr/share/modulefiles/Linux:1;/usr/share/modulefiles/Core:1;/usr/share/lmod/lmod/modulefiles/Core:1', 'MANPATH': ':/usr/share/man/openmpi-x86_64:/uollinapps/v2/24-25/soc/packages/linux-rhel9-x86_64_v3/gcc-11.4.0/gcc-14.2.0-svuh5yskfnrwh537tvxvt642acswwlju/share/man:/usr/share/lmod/lmod/share/man:/opt/puppetlabs/puppet/share/man', 'VTE_VERSION': '6402', 'MPI_SUFFIX': '_openmpi', '__LMOD_REF_COUNT_MANPATH': ':3;/usr/share/man/openmpi-x86_64:1;/uollinapps/v2/24-25/soc/packages/linux-rhel9-x86_64_v3/gcc-11.4.0/gcc-14.2.0-svuh5yskfnrwh537tvxvt642acswwlju/share/man:1;/usr/share/lmod/lmod/share/man:1;/opt/puppetlabs/puppet/share/man:1', 'MODULEPATH': '/uollinapps/v2/24-25/soc/spack/el9/gcc/14.2.0:/etc/scl/modulefiles:/usr/share/modulefiles:/uollinapps/v2/current/uol/spack/el9/Core:/uollinapps/v2/current/uol/other/el9:/uollinapps/v2/current/soc/spack/el9/Core:/uollinapps/v2/current/soc/other:/usr/share/modulefiles/Linux:/usr/share/modulefiles/Core:/usr/share/lmod/lmod/modulefiles/Core', 'MODULESHOME': '/usr/share/Modules', 'CMAKE_PREFIX_PATH': '/uollinapps/v2/24-25/soc/packages/linux-rhel9-x86_64_v3/gcc-11.4.0/gcc-14.2.0-svuh5yskfnrwh537tvxvt642acswwlju'}, 'shell': False}
[5.884967] (lab2) Command: {'cmd': ['/usr/bin/python3', 'setup.py', 'egg_info', '--egg-base', '../build/lab2', 'build', '--build-base', '/uolstore/home/users/sc23oy/ros2_ws/src/build/lab2/build', 'install', '--record', '/uolstore/home/users/sc23oy/ros2_ws/src/build/lab2/install.log', '--single-version-externally-managed'], 'cwd': '/uolstore/home/users/sc23oy/ros2_ws/src/lab2', 'env': {'LESSOPEN': '||/usr/bin/lesspipe.sh %s', 'LMOD_DIR': '/usr/share/lmod/lmod/libexec', 'MAIL': '/var/spool/mail/sc23oy', 'USER': 'sc23oy', '__LMOD_REF_COUNT_CMAKE_PREFIX_PATH': '/uollinapps/v2/24-25/soc/packages/linux-rhel9-x86_64_v3/gcc-11.4.0/gcc-14.2.0-svuh5yskfnrwh537tvxvt642acswwlju:1', 'HOSTNAME': 'feng-linux-07.leeds.ac.uk', 'XDG_SESSION_TYPE': 'x11', 'MPI_FORTRAN_MOD_DIR': '/usr/lib64/gfortran/modules/openmpi', 'GIT_ASKPASS': '/usr/share/code/resources/app/extensions/git/dist/askpass.sh', 'LMOD_PKG': '/usr/share/lmod/lmod', 'SHLVL': '3', 'LD_LIBRARY_PATH': '/usr/lib/x86_64-linux-gnu/gazebo-11/plugins:/opt/ros/humble/opt/rviz_ogre_vendor/lib:/opt/ros/humble/lib/x86_64-linux-gnu:/opt/ros/humble/lib:/.singularity.d/libs:/usr/lib/x86_64-linux-gnu/gazebo-11/plugins:', 'MPI_INCLUDE': '/usr/include/openmpi-x86_64', 'HOME': '/uolstore/home/users/sc23oy', 'CHROME_DESKTOP': 'code-url-handler.desktop', 'OLDPWD': '/uolstore/home/users/sc23oy/ros2_ws', 'TERM_PROGRAM_VERSION': '1.86.2', 'DESKTOP_SESSION': 'gnome', 'USER_PATH': '/usr/lib64/openmpi/bin:/usr/lib64/qt6/bin:/uollinapps/v2/24-25/soc/packages/linux-rhel9-x86_64_v3/gcc-11.4.0/gcc-14.2.0-svuh5yskfnrwh537tvxvt642acswwlju/bin:/uolstore/home/users/sc23oy/.local/bin:/uolstore/home/users/sc23oy/bin:/usr/local/bin:/usr/local/sbin:/usr/bin:/usr/sbin:/opt/puppetlabs/bin:/bin:/usr/bin:/sbin:/usr/sbin:/usr/local/bin:/usr/local/sbin', '__LMOD_REF_COUNT_PKG_CONFIG_PATH': '/usr/lib64/openmpi/lib/pkgconfig:1', 'GAZEBO_MASTER_URI': 'http://localhost:11345', 'ROS_PYTHON_VERSION': '3', 'FPATH': '/usr/share/lmod/lmod/init/ksh_funcs', 'FC': '/uollinapps/v2/24-25/soc/packages/linux-rhel9-x86_64_v3/gcc-11.4.0/gcc-14.2.0-svuh5yskfnrwh537tvxvt642acswwlju/bin/gfortran', 'VSCODE_GIT_ASKPASS_MAIN': '/usr/share/code/resources/app/extensions/git/dist/askpass-main.js', 'PS1': '\\[\x1b]633;A\x07\\][COMP3631] Singularity> \\w $ \\[\x1b]633;B\x07\\]', 'VSCODE_GIT_ASKPASS_NODE': '/usr/share/code/code', 'MPI_PYTHON3_SITEARCH': '/usr/lib64/python3.9/site-packages/openmpi', 'LMOD_FAMILY_COMPILER_VERSION': '14.2.0', '_LMFILES_': '/uollinapps/v2/current/soc/spack/el9/Core/gcc/14.2.0.lua:/usr/share/modulefiles/mpi/openmpi-x86_64', 'DBUS_SESSION_BUS_ADDRESS': 'unix:abstract=/tmp/dbus-8qGMb8aiOx,guid=2ad71e69851b37c21bae78fe69eca169', 'COLORTERM': 'truecolor', 'APPTAINER_ENVIRONMENT': '/.singularity.d/env/91-environment.sh', '__LMOD_REF_COUNT_PATH': '/usr/lib64/openmpi/bin:1;/usr/lib64/qt6/bin:2;/uollinapps/v2/24-25/soc/packages/linux-rhel9-x86_64_v3/gcc-11.4.0/gcc-14.2.0-svuh5yskfnrwh537tvxvt642acswwlju/bin:1;/uolstore/home/users/sc23oy/.local/bin:1;/uolstore/home/users/sc23oy/bin:1;/usr/local/bin:1;/usr/local/sbin:1;/usr/bin:1;/usr/sbin:1;/opt/puppetlabs/bin:1', 'LMOD_sys': 'Linux', 'F77': '/uollinapps/v2/24-25/soc/packages/linux-rhel9-x86_64_v3/gcc-11.4.0/gcc-14.2.0-svuh5yskfnrwh537tvxvt642acswwlju/bin/gfortran', 'which_declare': 'declare -f', 'COLCON_PREFIX_PATH': '/uolstore/home/users/sc23oy/ros2_ws/install', 'ROS_DISTRO': 'humble', 'SINGULARITY_ENVIRONMENT': '/.singularity.d/env/91-environment.sh', 'LOGNAME': 'sc23oy', 'MPI_COMPILER': 'openmpi-x86_64', 'LMOD_VERSION': '8.7.65', '_': '/usr/bin/colcon', 'ROS_VERSION': '2', 'MPI_LIB': '/usr/lib64/openmpi/lib', 'PKG_CONFIG_PATH': '/usr/lib64/openmpi/lib/pkgconfig', 'XDG_SESSION_CLASS': 'user', 'USERNAME': 'sc23oy', 'TERM': 'xterm-256color', 'GAZEBO_MODEL_PATH': '/usr/share/gazebo-11/models:', 'MPI_BIN': '/usr/lib64/openmpi/bin', 'ROS_LOCALHOST_ONLY': '1', 'HISTCONTROL': 'ignoredups', 'OGRE_RESOURCE_PATH': '/usr/lib/x86_64-linux-gnu/OGRE-1.9.0', 'PATH': '/opt/ros/humble/bin:/usr/lib64/qt6/bin:/uolstore/home/users/sc23oy/.local/bin:/uolstore/home/users/sc23oy/bin:/usr/local/sbin:/usr/local/bin:/usr/sbin:/usr/bin:/sbin:/bin', 'MPI_HOME': '/usr/lib64/openmpi', 'GDM_LANG': 'en_GB.UTF-8', 'APPTAINER_COMMAND': 'shell', 'LMOD_SETTARG_FULL_SUPPORT': 'no', '__LMOD_REF_COUNT_LD_LIBRARY_PATH': '/usr/lib64/openmpi/lib:1', 'XDG_MENU_PREFIX': 'gnome-', 'GNOME_TERMINAL_SCREEN': '/org/gnome/Terminal/screen/3e198ced_e144_4c1b_ba88_d3f0aa723bad', 'XDG_RUNTIME_DIR': '/run/user/604234', 'MPI_MAN': '/usr/share/man/openmpi-x86_64', 'GDK_BACKEND': 'x11', 'DISPLAY': ':1', 'HISTSIZE': '1000', 'APPTAINER_APPNAME': '', 'LANG': 'en_US.UTF-8', 'XDG_CURRENT_DESKTOP': 'GNOME', 'LMOD_ROOT': '/usr/share/lmod', 'XMODIFIERS': '@im=ibus', 'XDG_SESSION_DESKTOP': 'gnome', 'XAUTHORITY': '/run/gdm/auth-for-sc23oy-AYJ5N3/database', 'LS_COLORS': 'rs=0:di=01;34:ln=01;36:mh=00:pi=40;33:so=01;35:do=01;35:bd=40;33;01:cd=40;33;01:or=40;31;01:mi=01;37;41:su=37;41:sg=30;43:ca=30;41:tw=30;42:ow=34;42:st=37;44:ex=01;32:*.tar=01;31:*.tgz=01;31:*.arc=01;31:*.arj=01;31:*.taz=01;31:*.lha=01;31:*.lz4=01;31:*.lzh=01;31:*.lzma=01;31:*.tlz=01;31:*.txz=01;31:*.tzo=01;31:*.t7z=01;31:*.zip=01;31:*.z=01;31:*.dz=01;31:*.gz=01;31:*.lrz=01;31:*.lz=01;31:*.lzo=01;31:*.xz=01;31:*.zst=01;31:*.tzst=01;31:*.bz2=01;31:*.bz=01;31:*.tbz=01;31:*.tbz2=01;31:*.tz=01;31:*.deb=01;31:*.rpm=01;31:*.jar=01;31:*.war=01;31:*.ear=01;31:*.sar=01;31:*.rar=01;31:*.alz=01;31:*.ace=01;31:*.zoo=01;31:*.cpio=01;31:*.7z=01;31:*.rz=01;31:*.cab=01;31:*.wim=01;31:*.swm=01;31:*.dwm=01;31:*.esd=01;31:*.jpg=01;35:*.jpeg=01;35:*.mjpg=01;35:*.mjpeg=01;35:*.gif=01;35:*.bmp=01;35:*.pbm=01;35:*.pgm=01;35:*.ppm=01;35:*.tga=01;35:*.xbm=01;35:*.xpm=01;35:*.tif=01;35:*.tiff=01;35:*.png=01;35:*.svg=01;35:*.svgz=01;35:*.mng=01;35:*.pcx=01;35:*.mov=01;35:*.mpg=01;35:*.mpeg=01;35:*.m2v=01;35:*.mkv=01;35:*.webm=01;35:*.webp=01;35:*.ogm=01;35:*.mp4=01;35:*.m4v=01;35:*.mp4v=01;35:*.vob=01;35:*.qt=01;35:*.nuv=01;35:*.wmv=01;35:*.asf=01;35:*.rm=01;35:*.rmvb=01;35:*.flc=01;35:*.avi=01;35:*.fli=01;35:*.flv=01;35:*.gl=01;35:*.dl=01;35:*.xcf=01;35:*.xwd=01;35:*.yuv=01;35:*.cgm=01;35:*.emf=01;35:*.ogv=01;35:*.ogx=01;35:*.aac=01;36:*.au=01;36:*.flac=01;36:*.m4a=01;36:*.mid=01;36:*.midi=01;36:*.mka=01;36:*.mp3=01;36:*.mpc=01;36:*.ogg=01;36:*.ra=01;36:*.wav=01;36:*.oga=01;36:*.opus=01;36:*.spx=01;36:*.xspf=01;36:', 'VSCODE_GIT_IPC_HANDLE': '/run/user/604234/vscode-git-8fb86e4b5d.sock', 'GNOME_TERMINAL_SERVICE': ':1.59', 'TERM_PROGRAM': 'vscode', 'ROS_DOMAIN_ID': '30', 'AMENT_PREFIX_PATH': '/opt/ros/humble', 'ORIGINAL_XDG_CURRENT_DESKTOP': 'GNOME', 'SHELL': '/bin/bash', 'KRB5CCNAME': 'KEYRING:persistent:604234', 'MPI_SYSCONFIG': '/etc/openmpi-x86_64', 'MODULEPATH_ROOT': '/usr/share/modulefiles', 'NO_AT_BRIDGE': '1', 'CXX': '/usr/bin/g++', 'GDMSESSION': 'gnome', 'APPTAINER_CONTAINER': '/vol/scratch/SoC/COMP3631/comp3631.simg', 'APPTAINER_BIND': '/run/user/604234,/etc/localtime', 'LMOD_FAMILY_COMPILER': 'gcc', 'LMOD_CMD': '/usr/share/lmod/lmod/libexec/lmod', '_ModuleTable_Sz_': '4', 'GAZEBO_RESOURCE_PATH': '/usr/share/gazebo-11:', 'GAZEBO_MODEL_DATABASE_URI': 'http://models.gazebosim.org', 'SINGULARITY_CONTAINER': '/vol/scratch/SoC/COMP3631/comp3631.simg', 'VSCODE_GIT_ASKPASS_EXTRA_ARGS': '', 'BASH_ENV': '/usr/share/lmod/lmod/init/bash', 'QT_IM_MODULE': 'ibus', 'SINGULARITY_BIND': '/run/user/604234,/etc/localtime', '_ModuleTable001_': 'X01vZHVsZVRhYmxlXyA9IHsKTVR2ZXJzaW9uID0gMywKY19yZWJ1aWxkVGltZSA9IGZhbHNlLApjX3Nob3J0VGltZSA9IGZhbHNlLApkZXB0aFQgPSB7fSwKZmFtaWx5ID0gewpjb21waWxlciA9ICJnY2MiLAp9LAptVCA9IHsKZ2NjID0gewphY3Rpb25BID0gewpbW3ByZXBlbmRfcGF0aCgiTU9EVUxFUEFUSCIsIi91b2xsaW5hcHBzL3YyLzI0LTI1L3NvYy9zcGFjay9lbDkvZ2NjLzE0LjIuMCIpXV0sCn0sCmZuID0gIi91b2xsaW5hcHBzL3YyL2N1cnJlbnQvc29jL3NwYWNrL2VsOS9Db3JlL2djYy8xNC4yLjAubHVhIiwKZnVsbE5hbWUgPSAiZ2NjLzE0LjIuMCIsCmxvYWRPcmRlciA9IDEsCnByb3BUID0ge30sCnN0YWNrRGVwdGggPSAwLApzdGF0dXMgPSAiYWN0aXZlIiwK', 'DEBUGINFOD_IMA_CERT_PATH': '/etc/keys/ima:', '_ModuleTable002_': 'dXNlck5hbWUgPSAiZ2NjIiwKd1YgPSAiMDAwMDAwMDE0LjAwMDAwMDAwMi4qemZpbmFsIiwKfSwKbXBpID0gewpmbiA9ICIvdXNyL3NoYXJlL21vZHVsZWZpbGVzL21waS9vcGVubXBpLXg4Nl82NCIsCmZ1bGxOYW1lID0gIm1waS9vcGVubXBpLXg4Nl82NCIsCmxvYWRPcmRlciA9IDIsCnByb3BUID0ge30sCnN0YWNrRGVwdGggPSAwLApzdGF0dXMgPSAiYWN0aXZlIiwKdXNlck5hbWUgPSAibXBpIiwKd1YgPSAiKm9wZW5tcGkuKnguMDAwMDAwMDg2LipfLjAwMDAwMDA2NC4qemZpbmFsIiwKfSwKfSwKbXBhdGhBID0gewoiL3VvbGxpbmFwcHMvdjIvMjQtMjUvc29jL3NwYWNrL2VsOS9nY2MvMTQuMi4wIiwgIi9ldGMvc2NsL21vZHVsZWZpbGVzIgosICIvdXNyL3NoYXJlL21v', 'PWD': '/uolstore/home/users/sc23oy/ros2_ws/src/build/lab2', 'LOADEDMODULES': 'gcc/14.2.0:mpi/openmpi-x86_64', 'TURTLEBOT3_MODEL': 'burger', 'APPTAINER_NAME': 'comp3631.simg', 'GAZEBO_PLUGIN_PATH': '/usr/lib/x86_64-linux-gnu/gazebo-11/plugins:', '_ModuleTable003_': 'ZHVsZWZpbGVzIiwgIi91b2xsaW5hcHBzL3YyL2N1cnJlbnQvdW9sL3NwYWNrL2VsOS9Db3JlIgosICIvdW9sbGluYXBwcy92Mi9jdXJyZW50L3VvbC9vdGhlci9lbDkiCiwgIi91b2xsaW5hcHBzL3YyL2N1cnJlbnQvc29jL3NwYWNrL2VsOS9Db3JlIgosICIvdW9sbGluYXBwcy92Mi9jdXJyZW50L3NvYy9vdGhlciIsICIvdXNyL3NoYXJlL21vZHVsZWZpbGVzL0xpbnV4IgosICIvdXNyL3NoYXJlL21vZHVsZWZpbGVzL0NvcmUiLCAiL3Vzci9zaGFyZS9sbW9kL2xtb2QvbW9kdWxlZmlsZXMvQ29yZSIsCn0sCnN5c3RlbUJhc2VNUEFUSCA9ICIvZXRjL3NjbC9tb2R1bGVmaWxlczovdXNyL3NoYXJlL21vZHVsZWZpbGVzOi91b2xsaW5hcHBzL3YyL2N1cnJlbnQvdW9sL3NwYWNr', 'XDG_DATA_DIRS': '/uolstore/home/users/sc23oy/.local/share/flatpak/exports/share:/var/lib/flatpak/exports/share:/usr/local/share:/usr/share', 'PYTHONPATH': '/uolstore/home/users/sc23oy/ros2_ws/src/build/lab2/prefix_override:/uolstore/home/users/sc23oy/ros2_ws/src/install/lab2/lib/python3.10/site-packages:/opt/ros/humble/lib/python3.10/site-packages:/opt/ros/humble/local/lib/python3.10/dist-packages', '_ModuleTable004_': 'L2VsOS9Db3JlOi91b2xsaW5hcHBzL3YyL2N1cnJlbnQvdW9sL290aGVyL2VsOTovdW9sbGluYXBwcy92Mi9jdXJyZW50L3NvYy9zcGFjay9lbDkvQ29yZTovdW9sbGluYXBwcy92Mi9jdXJyZW50L3NvYy9vdGhlcjovdXNyL3NoYXJlL21vZHVsZWZpbGVzL0xpbnV4Oi91c3Ivc2hhcmUvbW9kdWxlZmlsZXMvQ29yZTovdXNyL3NoYXJlL2xtb2QvbG1vZC9tb2R1bGVmaWxlcy9Db3JlIiwKfQo=', 'SINGULARITY_NAME': 'comp3631.simg', 'CC': '/usr/bin/gcc', 'COLCON': '1', '__LMOD_REF_COUNT_MODULEPATH': '/uollinapps/v2/24-25/soc/spack/el9/gcc/14.2.0:1;/etc/scl/modulefiles:2;/usr/share/modulefiles:1;/uollinapps/v2/current/uol/spack/el9/Core:1;/uollinapps/v2/current/uol/other/el9:1;/uollinapps/v2/current/soc/spack/el9/Core:1;/uollinapps/v2/current/soc/other:1;/usr/share/modulefiles/Linux:1;/usr/share/modulefiles/Core:1;/usr/share/lmod/lmod/modulefiles/Core:1', 'MANPATH': ':/usr/share/man/openmpi-x86_64:/uollinapps/v2/24-25/soc/packages/linux-rhel9-x86_64_v3/gcc-11.4.0/gcc-14.2.0-svuh5yskfnrwh537tvxvt642acswwlju/share/man:/usr/share/lmod/lmod/share/man:/opt/puppetlabs/puppet/share/man', 'VTE_VERSION': '6402', 'MPI_SUFFIX': '_openmpi', '__LMOD_REF_COUNT_MANPATH': ':3;/usr/share/man/openmpi-x86_64:1;/uollinapps/v2/24-25/soc/packages/linux-rhel9-x86_64_v3/gcc-11.4.0/gcc-14.2.0-svuh5yskfnrwh537tvxvt642acswwlju/share/man:1;/usr/share/lmod/lmod/share/man:1;/opt/puppetlabs/puppet/share/man:1', 'MODULEPATH': '/uollinapps/v2/24-25/soc/spack/el9/gcc/14.2.0:/etc/scl/modulefiles:/usr/share/modulefiles:/uollinapps/v2/current/uol/spack/el9/Core:/uollinapps/v2/current/uol/other/el9:/uollinapps/v2/current/soc/spack/el9/Core:/uollinapps/v2/current/soc/other:/usr/share/modulefiles/Linux:/usr/share/modulefiles/Core:/usr/share/lmod/lmod/modulefiles/Core', 'MODULESHOME': '/usr/share/Modules', 'CMAKE_PREFIX_PATH': '/uollinapps/v2/24-25/soc/packages/linux-rhel9-x86_64_v3/gcc-11.4.0/gcc-14.2.0-svuh5yskfnrwh537tvxvt642acswwlju'}, 'shell': False}
[5.922858] (-) TimerEvent: {}
[5.951059] (turtlebot3_gazebo) StdoutLine: {'line': b"-- Using RMW implementation 'rmw_fastrtps_cpp' as default\n"}
[5.984278] (turtlebot3_gazebo) StdoutLine: {'line': b'-- Found Threads: TRUE  \n'}
[6.022942] (-) TimerEvent: {}
[6.123234] (-) TimerEvent: {}
[6.194211] (turtlebot3_gazebo) StdoutLine: {'line': b'-- Found sensor_msgs: 4.2.3 (/opt/ros/humble/share/sensor_msgs/cmake)\n'}
[6.223305] (-) TimerEvent: {}
[6.314220] (lab1) StdoutLine: {'line': b'running egg_info\n'}
[6.314686] (lab1) StdoutLine: {'line': b'creating ../build/lab1/lab1.egg-info\n'}
[6.315722] (lab1) StdoutLine: {'line': b'writing ../build/lab1/lab1.egg-info/PKG-INFO\n'}
[6.319665] (lab1) StdoutLine: {'line': b'writing dependency_links to ../build/lab1/lab1.egg-info/dependency_links.txt\n'}
[6.321288] (lab1) StdoutLine: {'line': b'writing entry points to ../build/lab1/lab1.egg-info/entry_points.txt\n'}
[6.322787] (lab1) StdoutLine: {'line': b'writing requirements to ../build/lab1/lab1.egg-info/requires.txt\n'}
[6.323368] (-) TimerEvent: {}
[6.324050] (lab1) StdoutLine: {'line': b'writing top-level names to ../build/lab1/lab1.egg-info/top_level.txt\n'}
[6.325261] (turtlebot3_gazebo) StdoutLine: {'line': b'-- Found tf2: 0.25.5 (/opt/ros/humble/share/tf2/cmake)\n'}
[6.325984] (lab1) StdoutLine: {'line': b"writing manifest file '../build/lab1/lab1.egg-info/SOURCES.txt'\n"}
[6.332097] (lab1) StdoutLine: {'line': b"reading manifest file '../build/lab1/lab1.egg-info/SOURCES.txt'\n"}
[6.334486] (lab1) StdoutLine: {'line': b"writing manifest file '../build/lab1/lab1.egg-info/SOURCES.txt'\n"}
[6.335659] (lab1) StdoutLine: {'line': b'running build\n'}
[6.335751] (lab1) StdoutLine: {'line': b'running build_py\n'}
[6.336820] (lab1) StdoutLine: {'line': b'creating /uolstore/home/users/sc23oy/ros2_ws/src/build/lab1/build\n'}
[6.337455] (lab1) StdoutLine: {'line': b'creating /uolstore/home/users/sc23oy/ros2_ws/src/build/lab1/build/lib\n'}
[6.338328] (lab1) StdoutLine: {'line': b'creating /uolstore/home/users/sc23oy/ros2_ws/src/build/lab1/build/lib/lab1\n'}
[6.339664] (lab1) StdoutLine: {'line': b'copying lab1/__init__.py -> /uolstore/home/users/sc23oy/ros2_ws/src/build/lab1/build/lib/lab1\n'}
[6.341942] (lab1) StdoutLine: {'line': b'copying lab1/hello.py -> /uolstore/home/users/sc23oy/ros2_ws/src/build/lab1/build/lib/lab1\n'}
[6.344059] (lab4) StdoutLine: {'line': b'running egg_info\n'}
[6.344576] (lab4) StdoutLine: {'line': b'creating ../build/lab4/lab4.egg-info\n'}
[6.345690] (lab1) StdoutLine: {'line': b'running install\n'}
[6.345793] (lab4) StdoutLine: {'line': b'writing ../build/lab4/lab4.egg-info/PKG-INFO\n'}
[6.346132] (lab1) StdoutLine: {'line': b'running install_lib\n'}
[6.349176] (lab4) StdoutLine: {'line': b'writing dependency_links to ../build/lab4/lab4.egg-info/dependency_links.txt\n'}
[6.349837] (lab1) StdoutLine: {'line': b'creating /uolstore/home/users/sc23oy/ros2_ws/src/install/lab1/lib/python3.10/site-packages/lab1\n'}
[6.351038] (lab1) StdoutLine: {'line': b'copying /uolstore/home/users/sc23oy/ros2_ws/src/build/lab1/build/lib/lab1/__init__.py -> /uolstore/home/users/sc23oy/ros2_ws/src/install/lab1/lib/python3.10/site-packages/lab1\n'}
[6.351196] (lab4) StdoutLine: {'line': b'writing entry points to ../build/lab4/lab4.egg-info/entry_points.txt\n'}
[6.352807] (lab4) StdoutLine: {'line': b'writing requirements to ../build/lab4/lab4.egg-info/requires.txt\n'}
[6.354205] (lab4) StdoutLine: {'line': b'writing top-level names to ../build/lab4/lab4.egg-info/top_level.txt\n'}
[6.354317] (lab1) StdoutLine: {'line': b'copying /uolstore/home/users/sc23oy/ros2_ws/src/build/lab1/build/lib/lab1/hello.py -> /uolstore/home/users/sc23oy/ros2_ws/src/install/lab1/lib/python3.10/site-packages/lab1\n'}
[6.356288] (lab4) StdoutLine: {'line': b"writing manifest file '../build/lab4/lab4.egg-info/SOURCES.txt'\n"}
[6.360195] (lab1) StdoutLine: {'line': b'byte-compiling /uolstore/home/users/sc23oy/ros2_ws/src/install/lab1/lib/python3.10/site-packages/lab1/__init__.py to __init__.cpython-310.pyc\n'}
[6.363056] (lab4) StdoutLine: {'line': b"reading manifest file '../build/lab4/lab4.egg-info/SOURCES.txt'\n"}
[6.363655] (lab1) StdoutLine: {'line': b'byte-compiling /uolstore/home/users/sc23oy/ros2_ws/src/install/lab1/lib/python3.10/site-packages/lab1/hello.py to hello.cpython-310.pyc\n'}
[6.365928] (lab4) StdoutLine: {'line': b"writing manifest file '../build/lab4/lab4.egg-info/SOURCES.txt'\n"}
[6.367231] (lab4) StdoutLine: {'line': b'running build\n'}
[6.367345] (lab4) StdoutLine: {'line': b'running build_py\n'}
[6.367593] (lab1) StdoutLine: {'line': b'running install_data\n'}
[6.368308] (lab4) StdoutLine: {'line': b'creating /uolstore/home/users/sc23oy/ros2_ws/src/build/lab4/build\n'}
[6.368821] (lab4) StdoutLine: {'line': b'creating /uolstore/home/users/sc23oy/ros2_ws/src/build/lab4/build/lib\n'}
[6.368939] (lab1) StdoutLine: {'line': b'creating /uolstore/home/users/sc23oy/ros2_ws/src/install/lab1/share/ament_index\n'}
[6.369449] (lab1) StdoutLine: {'line': b'creating /uolstore/home/users/sc23oy/ros2_ws/src/install/lab1/share/ament_index/resource_index\n'}
[6.369819] (lab4) StdoutLine: {'line': b'creating /uolstore/home/users/sc23oy/ros2_ws/src/build/lab4/build/lib/lab4\n'}
[6.370376] (lab1) StdoutLine: {'line': b'creating /uolstore/home/users/sc23oy/ros2_ws/src/install/lab1/share/ament_index/resource_index/packages\n'}
[6.372432] (lab4) StdoutLine: {'line': b'copying lab4/__init__.py -> /uolstore/home/users/sc23oy/ros2_ws/src/build/lab4/build/lib/lab4\n'}
[6.372773] (lab1) StdoutLine: {'line': b'copying resource/lab1 -> /uolstore/home/users/sc23oy/ros2_ws/src/install/lab1/share/ament_index/resource_index/packages\n'}
[6.375564] (lab4) StdoutLine: {'line': b'copying lab4/go_to_specific_point_on_map.py -> /uolstore/home/users/sc23oy/ros2_ws/src/build/lab4/build/lib/lab4\n'}
[6.375729] (lab1) StdoutLine: {'line': b'copying package.xml -> /uolstore/home/users/sc23oy/ros2_ws/src/install/lab1/share/lab1\n'}
[6.379378] (lab1) StdoutLine: {'line': b'running install_egg_info\n'}
[6.380571] (lab4) StdoutLine: {'line': b'running install\n'}
[6.381242] (lab4) StdoutLine: {'line': b'running install_lib\n'}
[6.382959] (lab1) StdoutLine: {'line': b'Copying ../build/lab1/lab1.egg-info to /uolstore/home/users/sc23oy/ros2_ws/src/install/lab1/lib/python3.10/site-packages/lab1-0.0.0-py3.10.egg-info\n'}
[6.385588] (lab4) StdoutLine: {'line': b'creating /uolstore/home/users/sc23oy/ros2_ws/src/install/lab4/lib/python3.10/site-packages/lab4\n'}
[6.387632] (lab4) StdoutLine: {'line': b'copying /uolstore/home/users/sc23oy/ros2_ws/src/build/lab4/build/lib/lab4/__init__.py -> /uolstore/home/users/sc23oy/ros2_ws/src/install/lab4/lib/python3.10/site-packages/lab4\n'}
[6.390541] (lab4) StdoutLine: {'line': b'copying /uolstore/home/users/sc23oy/ros2_ws/src/build/lab4/build/lib/lab4/go_to_specific_point_on_map.py -> /uolstore/home/users/sc23oy/ros2_ws/src/install/lab4/lib/python3.10/site-packages/lab4\n'}
[6.396673] (lab4) StdoutLine: {'line': b'byte-compiling /uolstore/home/users/sc23oy/ros2_ws/src/install/lab4/lib/python3.10/site-packages/lab4/__init__.py to __init__.cpython-310.pyc\n'}
[6.400567] (lab4) StdoutLine: {'line': b'byte-compiling /uolstore/home/users/sc23oy/ros2_ws/src/install/lab4/lib/python3.10/site-packages/lab4/go_to_specific_point_on_map.py to go_to_specific_point_on_map.cpython-310.pyc\n'}
[6.405146] (lab3) StdoutLine: {'line': b'running egg_info\n'}
[6.405283] (lab4) StdoutLine: {'line': b'running install_data\n'}
[6.405673] (lab3) StdoutLine: {'line': b'creating ../build/lab3/lab3.egg-info\n'}
[6.406870] (lab4) StdoutLine: {'line': b'creating /uolstore/home/users/sc23oy/ros2_ws/src/install/lab4/share/ament_index\n'}
[6.406986] (lab3) StdoutLine: {'line': b'writing ../build/lab3/lab3.egg-info/PKG-INFO\n'}
[6.407488] (lab4) StdoutLine: {'line': b'creating /uolstore/home/users/sc23oy/ros2_ws/src/install/lab4/share/ament_index/resource_index\n'}
[6.408508] (lab4) StdoutLine: {'line': b'creating /uolstore/home/users/sc23oy/ros2_ws/src/install/lab4/share/ament_index/resource_index/packages\n'}
[6.410131] (lab4) StdoutLine: {'line': b'copying resource/lab4 -> /uolstore/home/users/sc23oy/ros2_ws/src/install/lab4/share/ament_index/resource_index/packages\n'}
[6.411150] (lab3) StdoutLine: {'line': b'writing dependency_links to ../build/lab3/lab3.egg-info/dependency_links.txt\n'}
[6.413118] (lab3) StdoutLine: {'line': b'writing entry points to ../build/lab3/lab3.egg-info/entry_points.txt\n'}
[6.413250] (ros2_project_sc23oy) StdoutLine: {'line': b'running egg_info\n'}
[6.414223] (ros2_project_sc23oy) StdoutLine: {'line': b'creating ../build/ros2_project_sc23oy/ros2_project_sc23oy.egg-info\n'}
[6.414614] (lab4) StdoutLine: {'line': b'copying package.xml -> /uolstore/home/users/sc23oy/ros2_ws/src/install/lab4/share/lab4\n'}
[6.414799] (lab3) StdoutLine: {'line': b'writing requirements to ../build/lab3/lab3.egg-info/requires.txt\n'}
[6.415322] (ros2_project_sc23oy) StdoutLine: {'line': b'writing ../build/ros2_project_sc23oy/ros2_project_sc23oy.egg-info/PKG-INFO\n'}
[6.416648] (lab3) StdoutLine: {'line': b'writing top-level names to ../build/lab3/lab3.egg-info/top_level.txt\n'}
[6.418205] (lab4) StdoutLine: {'line': b'running install_egg_info\n'}
[6.419013] (lab3) StdoutLine: {'line': b"writing manifest file '../build/lab3/lab3.egg-info/SOURCES.txt'\n"}
[6.420454] (ros2_project_sc23oy) StdoutLine: {'line': b'writing dependency_links to ../build/ros2_project_sc23oy/ros2_project_sc23oy.egg-info/dependency_links.txt\n'}
[6.422092] (lab1) StdoutLine: {'line': b'running install_scripts\n'}
[6.422166] (lab4) StdoutLine: {'line': b'Copying ../build/lab4/lab4.egg-info to /uolstore/home/users/sc23oy/ros2_ws/src/install/lab4/lib/python3.10/site-packages/lab4-0.0.0-py3.10.egg-info\n'}
[6.422779] (ros2_project_sc23oy) StdoutLine: {'line': b'writing entry points to ../build/ros2_project_sc23oy/ros2_project_sc23oy.egg-info/entry_points.txt\n'}
[6.423433] (-) TimerEvent: {}
[6.425016] (ros2_project_sc23oy) StdoutLine: {'line': b'writing requirements to ../build/ros2_project_sc23oy/ros2_project_sc23oy.egg-info/requires.txt\n'}
[6.426432] (ros2_project_sc23oy) StdoutLine: {'line': b'writing top-level names to ../build/ros2_project_sc23oy/ros2_project_sc23oy.egg-info/top_level.txt\n'}
[6.427272] (lab3) StdoutLine: {'line': b"reading manifest file '../build/lab3/lab3.egg-info/SOURCES.txt'\n"}
[6.428703] (ros2_project_sc23oy) StdoutLine: {'line': b"writing manifest file '../build/ros2_project_sc23oy/ros2_project_sc23oy.egg-info/SOURCES.txt'\n"}
[6.430020] (lab3) StdoutLine: {'line': b"writing manifest file '../build/lab3/lab3.egg-info/SOURCES.txt'\n"}
[6.431184] (lab3) StdoutLine: {'line': b'running build\n'}
[6.431250] (lab3) StdoutLine: {'line': b'running build_py\n'}
[6.432347] (lab3) StdoutLine: {'line': b'creating /uolstore/home/users/sc23oy/ros2_ws/src/build/lab3/build\n'}
[6.432989] (lab3) StdoutLine: {'line': b'creating /uolstore/home/users/sc23oy/ros2_ws/src/build/lab3/build/lib\n'}
[6.433828] (lab3) StdoutLine: {'line': b'creating /uolstore/home/users/sc23oy/ros2_ws/src/build/lab3/build/lib/lab3\n'}
[6.435425] (lab3) StdoutLine: {'line': b'copying lab3/__init__.py -> /uolstore/home/users/sc23oy/ros2_ws/src/build/lab3/build/lib/lab3\n'}
[6.438642] (lab3) StdoutLine: {'line': b'copying lab3/firstwalk.py -> /uolstore/home/users/sc23oy/ros2_ws/src/build/lab3/build/lib/lab3\n'}
[6.438955] (ros2_project_sc23oy) StdoutLine: {'line': b"reading manifest file '../build/ros2_project_sc23oy/ros2_project_sc23oy.egg-info/SOURCES.txt'\n"}
[6.442186] (ros2_project_sc23oy) StdoutLine: {'line': b"writing manifest file '../build/ros2_project_sc23oy/ros2_project_sc23oy.egg-info/SOURCES.txt'\n"}
[6.443469] (lab3) StdoutLine: {'line': b'copying lab3/exercise1.py -> /uolstore/home/users/sc23oy/ros2_ws/src/build/lab3/build/lib/lab3\n'}
[6.443575] (ros2_project_sc23oy) StdoutLine: {'line': b'running build\n'}
[6.443636] (ros2_project_sc23oy) StdoutLine: {'line': b'running build_py\n'}
[6.444830] (ros2_project_sc23oy) StdoutLine: {'line': b'creating /uolstore/home/users/sc23oy/ros2_ws/src/build/ros2_project_sc23oy/build\n'}
[6.445382] (ros2_project_sc23oy) StdoutLine: {'line': b'creating /uolstore/home/users/sc23oy/ros2_ws/src/build/ros2_project_sc23oy/build/lib\n'}
[6.446206] (ros2_project_sc23oy) StdoutLine: {'line': b'creating /uolstore/home/users/sc23oy/ros2_ws/src/build/ros2_project_sc23oy/build/lib/ros2_project_sc23oy\n'}
[6.446415] (lab5) StdoutLine: {'line': b'running egg_info\n'}
[6.447250] (lab5) StdoutLine: {'line': b'creating ../build/lab5/lab5.egg-info\n'}
[6.447670] (lab3) StdoutLine: {'line': b'copying lab3/exercise2.py -> /uolstore/home/users/sc23oy/ros2_ws/src/build/lab3/build/lib/lab3\n'}
[6.447892] (ros2_project_sc23oy) StdoutLine: {'line': b'copying ros2_project_sc23oy/third_step.py -> /uolstore/home/users/sc23oy/ros2_ws/src/build/ros2_project_sc23oy/build/lib/ros2_project_sc23oy\n'}
[6.448688] (lab5) StdoutLine: {'line': b'writing ../build/lab5/lab5.egg-info/PKG-INFO\n'}
[6.451754] (lab3) StdoutLine: {'line': b'running install\n'}
[6.452204] (lab3) StdoutLine: {'line': b'running install_lib\n'}
[6.452517] (lab2) StdoutLine: {'line': b'running egg_info\n'}
[6.453166] (lab5) StdoutLine: {'line': b'writing dependency_links to ../build/lab5/lab5.egg-info/dependency_links.txt\n'}
[6.453297] (lab2) StdoutLine: {'line': b'creating ../build/lab2/lab2.egg-info\n'}
[6.454303] (ros2_project_sc23oy) StdoutLine: {'line': b'copying ros2_project_sc23oy/second_step.py -> /uolstore/home/users/sc23oy/ros2_ws/src/build/ros2_project_sc23oy/build/lib/ros2_project_sc23oy\n'}
[6.454590] (lab1) StdoutLine: {'line': b'Installing hello script to /uolstore/home/users/sc23oy/ros2_ws/src/install/lab1/lib/lab1\n'}
[6.454670] (lab2) StdoutLine: {'line': b'writing ../build/lab2/lab2.egg-info/PKG-INFO\n'}
[6.455915] (lab3) StdoutLine: {'line': b'creating /uolstore/home/users/sc23oy/ros2_ws/src/install/lab3/lib/python3.10/site-packages/lab3\n'}
[6.456052] (lab5) StdoutLine: {'line': b'writing entry points to ../build/lab5/lab5.egg-info/entry_points.txt\n'}
[6.457638] (lab3) StdoutLine: {'line': b'copying /uolstore/home/users/sc23oy/ros2_ws/src/build/lab3/build/lib/lab3/__init__.py -> /uolstore/home/users/sc23oy/ros2_ws/src/install/lab3/lib/python3.10/site-packages/lab3\n'}
[6.458624] (lab5) StdoutLine: {'line': b'writing requirements to ../build/lab5/lab5.egg-info/requires.txt\n'}
[6.458849] (lab1) StdoutLine: {'line': b"writing list of installed files to '/uolstore/home/users/sc23oy/ros2_ws/src/build/lab1/install.log'\n"}
[6.459539] (ros2_project_sc23oy) StdoutLine: {'line': b'copying ros2_project_sc23oy/fourth_step.py -> /uolstore/home/users/sc23oy/ros2_ws/src/build/ros2_project_sc23oy/build/lib/ros2_project_sc23oy\n'}
[6.460381] (lab2) StdoutLine: {'line': b'writing dependency_links to ../build/lab2/lab2.egg-info/dependency_links.txt\n'}
[6.460896] (lab5) StdoutLine: {'line': b'writing top-level names to ../build/lab5/lab5.egg-info/top_level.txt\n'}
[6.463620] (lab2) StdoutLine: {'line': b'writing entry points to ../build/lab2/lab2.egg-info/entry_points.txt\n'}
[6.463906] (lab3) StdoutLine: {'line': b'copying /uolstore/home/users/sc23oy/ros2_ws/src/build/lab3/build/lib/lab3/firstwalk.py -> /uolstore/home/users/sc23oy/ros2_ws/src/install/lab3/lib/python3.10/site-packages/lab3\n'}
[6.463994] (lab4) StdoutLine: {'line': b'running install_scripts\n'}
[6.464237] (lab5) StdoutLine: {'line': b"writing manifest file '../build/lab5/lab5.egg-info/SOURCES.txt'\n"}
[6.465218] (ros2_project_sc23oy) StdoutLine: {'line': b'copying ros2_project_sc23oy/Skeleton_Code_First_Step.py -> /uolstore/home/users/sc23oy/ros2_ws/src/build/ros2_project_sc23oy/build/lib/ros2_project_sc23oy\n'}
[6.465633] (lab2) StdoutLine: {'line': b'writing requirements to ../build/lab2/lab2.egg-info/requires.txt\n'}
[6.467170] (lab2) StdoutLine: {'line': b'writing top-level names to ../build/lab2/lab2.egg-info/top_level.txt\n'}
[6.468831] (lab3) StdoutLine: {'line': b'copying /uolstore/home/users/sc23oy/ros2_ws/src/build/lab3/build/lib/lab3/exercise1.py -> /uolstore/home/users/sc23oy/ros2_ws/src/install/lab3/lib/python3.10/site-packages/lab3\n'}
[6.469795] (lab2) StdoutLine: {'line': b"writing manifest file '../build/lab2/lab2.egg-info/SOURCES.txt'\n"}
[6.470176] (ros2_project_sc23oy) StdoutLine: {'line': b'copying ros2_project_sc23oy/Skeleton_Code_Fourth_Step.py -> /uolstore/home/users/sc23oy/ros2_ws/src/build/ros2_project_sc23oy/build/lib/ros2_project_sc23oy\n'}
[6.472992] (lab3) StdoutLine: {'line': b'copying /uolstore/home/users/sc23oy/ros2_ws/src/build/lab3/build/lib/lab3/exercise2.py -> /uolstore/home/users/sc23oy/ros2_ws/src/install/lab3/lib/python3.10/site-packages/lab3\n'}
[6.474811] (ros2_project_sc23oy) StdoutLine: {'line': b'copying ros2_project_sc23oy/Skeleton_Code_Second_Step.py -> /uolstore/home/users/sc23oy/ros2_ws/src/build/ros2_project_sc23oy/build/lib/ros2_project_sc23oy\n'}
[6.475821] (lab5) StdoutLine: {'line': b"reading manifest file '../build/lab5/lab5.egg-info/SOURCES.txt'\n"}
[6.478961] (lab5) StdoutLine: {'line': b"writing manifest file '../build/lab5/lab5.egg-info/SOURCES.txt'\n"}
[6.479072] (ros2_project_sc23oy) StdoutLine: {'line': b'copying ros2_project_sc23oy/Skeleton_Code_Third_Step.py -> /uolstore/home/users/sc23oy/ros2_ws/src/build/ros2_project_sc23oy/build/lib/ros2_project_sc23oy\n'}
[6.479368] (lab2) StdoutLine: {'line': b"reading manifest file '../build/lab2/lab2.egg-info/SOURCES.txt'\n"}
[6.479636] (lab3) StdoutLine: {'line': b'byte-compiling /uolstore/home/users/sc23oy/ros2_ws/src/install/lab3/lib/python3.10/site-packages/lab3/__init__.py to __init__.cpython-310.pyc\n'}
[6.480422] (lab5) StdoutLine: {'line': b'running build\n'}
[6.480488] (lab5) StdoutLine: {'line': b'running build_py\n'}
[6.481790] (lab5) StdoutLine: {'line': b'creating /uolstore/home/users/sc23oy/ros2_ws/src/build/lab5/build\n'}
[6.482427] (lab5) StdoutLine: {'line': b'creating /uolstore/home/users/sc23oy/ros2_ws/src/build/lab5/build/lib\n'}
[6.482639] (lab2) StdoutLine: {'line': b"writing manifest file '../build/lab2/lab2.egg-info/SOURCES.txt'\n"}
[6.483346] (lab5) StdoutLine: {'line': b'creating /uolstore/home/users/sc23oy/ros2_ws/src/build/lab5/build/lib/lab5\n'}
[6.483821] (lab2) StdoutLine: {'line': b'running build\n'}
[6.483921] (ros2_project_sc23oy) StdoutLine: {'line': b'copying ros2_project_sc23oy/__init__.py -> /uolstore/home/users/sc23oy/ros2_ws/src/build/ros2_project_sc23oy/build/lib/ros2_project_sc23oy\n'}
[6.484006] (lab2) StdoutLine: {'line': b'running build_py\n'}
[6.484307] (lab3) StdoutLine: {'line': b'byte-compiling /uolstore/home/users/sc23oy/ros2_ws/src/install/lab3/lib/python3.10/site-packages/lab3/firstwalk.py to firstwalk.cpython-310.pyc\n'}
[6.485138] (lab5) StdoutLine: {'line': b'copying lab5/Skeleton_Code_First_Step.py -> /uolstore/home/users/sc23oy/ros2_ws/src/build/lab5/build/lib/lab5\n'}
[6.485237] (lab2) StdoutLine: {'line': b'creating /uolstore/home/users/sc23oy/ros2_ws/src/build/lab2/build\n'}
[6.485786] (lab2) StdoutLine: {'line': b'creating /uolstore/home/users/sc23oy/ros2_ws/src/build/lab2/build/lib\n'}
[6.486639] (lab2) StdoutLine: {'line': b'creating /uolstore/home/users/sc23oy/ros2_ws/src/build/lab2/build/lib/lab2\n'}
[6.487627] (ros2_project_sc23oy) StdoutLine: {'line': b'copying ros2_project_sc23oy/first_step.py -> /uolstore/home/users/sc23oy/ros2_ws/src/build/ros2_project_sc23oy/build/lib/ros2_project_sc23oy\n'}
[6.488201] (lab2) StdoutLine: {'line': b'copying lab2/__init__.py -> /uolstore/home/users/sc23oy/ros2_ws/src/build/lab2/build/lib/lab2\n'}
[6.488851] (lab5) StdoutLine: {'line': b'copying lab5/Skeleton_Code_Fourth_Step.py -> /uolstore/home/users/sc23oy/ros2_ws/src/build/lab5/build/lib/lab5\n'}
[6.490145] (lab3) StdoutLine: {'line': b'byte-compiling /uolstore/home/users/sc23oy/ros2_ws/src/install/lab3/lib/python3.10/site-packages/lab3/exercise1.py to exercise1.cpython-310.pyc\n'}
[6.492196] (ros2_project_sc23oy) StdoutLine: {'line': b'running install\n'}
[6.492282] (lab2) StdoutLine: {'line': b'copying lab2/listener.py -> /uolstore/home/users/sc23oy/ros2_ws/src/build/lab2/build/lib/lab2\n'}
[6.492755] (lab5) StdoutLine: {'line': b'copying lab5/Skeleton_Code_Second_Step.py -> /uolstore/home/users/sc23oy/ros2_ws/src/build/lab5/build/lib/lab5\n'}
[6.492988] (ros2_project_sc23oy) StdoutLine: {'line': b'running install_lib\n'}
[6.494328] (lab1) CommandEnded: {'returncode': 0}
[6.495680] (lab3) StdoutLine: {'line': b'byte-compiling /uolstore/home/users/sc23oy/ros2_ws/src/install/lab3/lib/python3.10/site-packages/lab3/exercise2.py to exercise2.cpython-310.pyc\n'}
[6.496923] (lab5) StdoutLine: {'line': b'copying lab5/Skeleton_Code_Third_Step.py -> /uolstore/home/users/sc23oy/ros2_ws/src/build/lab5/build/lib/lab5\n'}
[6.497074] (ros2_project_sc23oy) StdoutLine: {'line': b'creating /uolstore/home/users/sc23oy/ros2_ws/src/install/ros2_project_sc23oy/lib/python3.10/site-packages/ros2_project_sc23oy\n'}
[6.497391] (lab2) StdoutLine: {'line': b'copying lab2/talker.py -> /uolstore/home/users/sc23oy/ros2_ws/src/build/lab2/build/lib/lab2\n'}
[6.498628] (ros2_project_sc23oy) StdoutLine: {'line': b'copying /uolstore/home/users/sc23oy/ros2_ws/src/build/ros2_project_sc23oy/build/lib/ros2_project_sc23oy/third_step.py -> /uolstore/home/users/sc23oy/ros2_ws/src/install/ros2_project_sc23oy/lib/python3.10/site-packages/ros2_project_sc23oy\n'}
[6.500006] (lab4) StdoutLine: {'line': b'Installing go_to_pose script to /uolstore/home/users/sc23oy/ros2_ws/src/install/lab4/lib/lab4\n'}
[6.500752] (lab3) StdoutLine: {'line': b'running install_data\n'}
[6.502366] (lab3) StdoutLine: {'line': b'creating /uolstore/home/users/sc23oy/ros2_ws/src/install/lab3/share/ament_index\n'}
[6.502971] (lab3) StdoutLine: {'line': b'creating /uolstore/home/users/sc23oy/ros2_ws/src/install/lab3/share/ament_index/resource_index\n'}
[6.503131] (lab5) StdoutLine: {'line': b'copying lab5/__init__.py -> /uolstore/home/users/sc23oy/ros2_ws/src/build/lab5/build/lib/lab5\n'}
[6.503931] (lab2) StdoutLine: {'line': b'copying lab2/numeric_listener.py -> /uolstore/home/users/sc23oy/ros2_ws/src/build/lab2/build/lib/lab2\n'}
[6.504216] (lab3) StdoutLine: {'line': b'creating /uolstore/home/users/sc23oy/ros2_ws/src/install/lab3/share/ament_index/resource_index/packages\n'}
[6.504392] (lab4) StdoutLine: {'line': b"writing list of installed files to '/uolstore/home/users/sc23oy/ros2_ws/src/build/lab4/install.log'\n"}
[6.504494] (ros2_project_sc23oy) StdoutLine: {'line': b'copying /uolstore/home/users/sc23oy/ros2_ws/src/build/ros2_project_sc23oy/build/lib/ros2_project_sc23oy/second_step.py -> /uolstore/home/users/sc23oy/ros2_ws/src/install/ros2_project_sc23oy/lib/python3.10/site-packages/ros2_project_sc23oy\n'}
[6.505880] (lab3) StdoutLine: {'line': b'copying resource/lab3 -> /uolstore/home/users/sc23oy/ros2_ws/src/install/lab3/share/ament_index/resource_index/packages\n'}
[6.506889] (lab5) StdoutLine: {'line': b'copying lab5/second_step.py -> /uolstore/home/users/sc23oy/ros2_ws/src/build/lab5/build/lib/lab5\n'}
[6.509480] (lab2) StdoutLine: {'line': b'copying lab2/numeric_talker.py -> /uolstore/home/users/sc23oy/ros2_ws/src/build/lab2/build/lib/lab2\n'}
[6.509911] (ros2_project_sc23oy) StdoutLine: {'line': b'copying /uolstore/home/users/sc23oy/ros2_ws/src/build/ros2_project_sc23oy/build/lib/ros2_project_sc23oy/fourth_step.py -> /uolstore/home/users/sc23oy/ros2_ws/src/install/ros2_project_sc23oy/lib/python3.10/site-packages/ros2_project_sc23oy\n'}
[6.510033] (lab3) StdoutLine: {'line': b'copying package.xml -> /uolstore/home/users/sc23oy/ros2_ws/src/install/lab3/share/lab3\n'}
[6.510956] (lab5) StdoutLine: {'line': b'copying lab5/first_step.py -> /uolstore/home/users/sc23oy/ros2_ws/src/build/lab5/build/lib/lab5\n'}
[6.514474] (lab3) StdoutLine: {'line': b'running install_egg_info\n'}
[6.515243] (lab2) StdoutLine: {'line': b'running install\n'}
[6.515735] (lab5) StdoutLine: {'line': b'copying lab5/fourth_step.py -> /uolstore/home/users/sc23oy/ros2_ws/src/build/lab5/build/lib/lab5\n'}
[6.515826] (lab2) StdoutLine: {'line': b'running install_lib\n'}
[6.515961] (ros2_project_sc23oy) StdoutLine: {'line': b'copying /uolstore/home/users/sc23oy/ros2_ws/src/build/ros2_project_sc23oy/build/lib/ros2_project_sc23oy/Skeleton_Code_First_Step.py -> /uolstore/home/users/sc23oy/ros2_ws/src/install/ros2_project_sc23oy/lib/python3.10/site-packages/ros2_project_sc23oy\n'}
[6.519021] (lab2) StdoutLine: {'line': b'creating /uolstore/home/users/sc23oy/ros2_ws/src/install/lab2/lib/python3.10/site-packages/lab2\n'}
[6.519132] (lab3) StdoutLine: {'line': b'Copying ../build/lab3/lab3.egg-info to /uolstore/home/users/sc23oy/ros2_ws/src/install/lab3/lib/python3.10/site-packages/lab3-0.0.0-py3.10.egg-info\n'}
[6.519417] (lab5) StdoutLine: {'line': b'copying lab5/third_step.py -> /uolstore/home/users/sc23oy/ros2_ws/src/build/lab5/build/lib/lab5\n'}
[6.520637] (lab2) StdoutLine: {'line': b'copying /uolstore/home/users/sc23oy/ros2_ws/src/build/lab2/build/lib/lab2/__init__.py -> /uolstore/home/users/sc23oy/ros2_ws/src/install/lab2/lib/python3.10/site-packages/lab2\n'}
[6.520862] (ros2_project_sc23oy) StdoutLine: {'line': b'copying /uolstore/home/users/sc23oy/ros2_ws/src/build/ros2_project_sc23oy/build/lib/ros2_project_sc23oy/Skeleton_Code_Fourth_Step.py -> /uolstore/home/users/sc23oy/ros2_ws/src/install/ros2_project_sc23oy/lib/python3.10/site-packages/ros2_project_sc23oy\n'}
[6.523513] (-) TimerEvent: {}
[6.523758] (lab2) StdoutLine: {'line': b'copying /uolstore/home/users/sc23oy/ros2_ws/src/build/lab2/build/lib/lab2/listener.py -> /uolstore/home/users/sc23oy/ros2_ws/src/install/lab2/lib/python3.10/site-packages/lab2\n'}
[6.525239] (lab5) StdoutLine: {'line': b'running install\n'}
[6.525778] (lab5) StdoutLine: {'line': b'running install_lib\n'}
[6.527682] (ros2_project_sc23oy) StdoutLine: {'line': b'copying /uolstore/home/users/sc23oy/ros2_ws/src/build/ros2_project_sc23oy/build/lib/ros2_project_sc23oy/Skeleton_Code_Second_Step.py -> /uolstore/home/users/sc23oy/ros2_ws/src/install/ros2_project_sc23oy/lib/python3.10/site-packages/ros2_project_sc23oy\n'}
[6.528578] (lab2) StdoutLine: {'line': b'copying /uolstore/home/users/sc23oy/ros2_ws/src/build/lab2/build/lib/lab2/talker.py -> /uolstore/home/users/sc23oy/ros2_ws/src/install/lab2/lib/python3.10/site-packages/lab2\n'}
[6.529142] (lab5) StdoutLine: {'line': b'creating /uolstore/home/users/sc23oy/ros2_ws/src/install/lab5/lib/python3.10/site-packages/lab5\n'}
[6.530545] (lab5) StdoutLine: {'line': b'copying /uolstore/home/users/sc23oy/ros2_ws/src/build/lab5/build/lib/lab5/Skeleton_Code_First_Step.py -> /uolstore/home/users/sc23oy/ros2_ws/src/install/lab5/lib/python3.10/site-packages/lab5\n'}
[6.532798] (ros2_project_sc23oy) StdoutLine: {'line': b'copying /uolstore/home/users/sc23oy/ros2_ws/src/build/ros2_project_sc23oy/build/lib/ros2_project_sc23oy/Skeleton_Code_Third_Step.py -> /uolstore/home/users/sc23oy/ros2_ws/src/install/ros2_project_sc23oy/lib/python3.10/site-packages/ros2_project_sc23oy\n'}
[6.533776] (lab2) StdoutLine: {'line': b'copying /uolstore/home/users/sc23oy/ros2_ws/src/build/lab2/build/lib/lab2/numeric_listener.py -> /uolstore/home/users/sc23oy/ros2_ws/src/install/lab2/lib/python3.10/site-packages/lab2\n'}
[6.535048] (lab5) StdoutLine: {'line': b'copying /uolstore/home/users/sc23oy/ros2_ws/src/build/lab5/build/lib/lab5/Skeleton_Code_Fourth_Step.py -> /uolstore/home/users/sc23oy/ros2_ws/src/install/lab5/lib/python3.10/site-packages/lab5\n'}
[6.539409] (ros2_project_sc23oy) StdoutLine: {'line': b'copying /uolstore/home/users/sc23oy/ros2_ws/src/build/ros2_project_sc23oy/build/lib/ros2_project_sc23oy/__init__.py -> /uolstore/home/users/sc23oy/ros2_ws/src/install/ros2_project_sc23oy/lib/python3.10/site-packages/ros2_project_sc23oy\n'}
[6.539575] (lab2) StdoutLine: {'line': b'copying /uolstore/home/users/sc23oy/ros2_ws/src/build/lab2/build/lib/lab2/numeric_talker.py -> /uolstore/home/users/sc23oy/ros2_ws/src/install/lab2/lib/python3.10/site-packages/lab2\n'}
[6.540649] (lab5) StdoutLine: {'line': b'copying /uolstore/home/users/sc23oy/ros2_ws/src/build/lab5/build/lib/lab5/Skeleton_Code_Second_Step.py -> /uolstore/home/users/sc23oy/ros2_ws/src/install/lab5/lib/python3.10/site-packages/lab5\n'}
[6.543871] (ros2_project_sc23oy) StdoutLine: {'line': b'copying /uolstore/home/users/sc23oy/ros2_ws/src/build/ros2_project_sc23oy/build/lib/ros2_project_sc23oy/first_step.py -> /uolstore/home/users/sc23oy/ros2_ws/src/install/ros2_project_sc23oy/lib/python3.10/site-packages/ros2_project_sc23oy\n'}
[6.546148] (lab5) StdoutLine: {'line': b'copying /uolstore/home/users/sc23oy/ros2_ws/src/build/lab5/build/lib/lab5/Skeleton_Code_Third_Step.py -> /uolstore/home/users/sc23oy/ros2_ws/src/install/lab5/lib/python3.10/site-packages/lab5\n'}
[6.547495] (lab2) StdoutLine: {'line': b'byte-compiling /uolstore/home/users/sc23oy/ros2_ws/src/install/lab2/lib/python3.10/site-packages/lab2/__init__.py to __init__.cpython-310.pyc\n'}
[6.551259] (lab5) StdoutLine: {'line': b'copying /uolstore/home/users/sc23oy/ros2_ws/src/build/lab5/build/lib/lab5/__init__.py -> /uolstore/home/users/sc23oy/ros2_ws/src/install/lab5/lib/python3.10/site-packages/lab5\n'}
[6.551955] (ros2_project_sc23oy) StdoutLine: {'line': b'byte-compiling /uolstore/home/users/sc23oy/ros2_ws/src/install/ros2_project_sc23oy/lib/python3.10/site-packages/ros2_project_sc23oy/third_step.py to third_step.cpython-310.pyc\n'}
[6.553401] (lab2) StdoutLine: {'line': b'byte-compiling /uolstore/home/users/sc23oy/ros2_ws/src/install/lab2/lib/python3.10/site-packages/lab2/listener.py to listener.cpython-310.pyc\n'}
[6.554603] (lab5) StdoutLine: {'line': b'copying /uolstore/home/users/sc23oy/ros2_ws/src/build/lab5/build/lib/lab5/second_step.py -> /uolstore/home/users/sc23oy/ros2_ws/src/install/lab5/lib/python3.10/site-packages/lab5\n'}
[6.559024] (ros2_project_sc23oy) StdoutLine: {'line': b'byte-compiling /uolstore/home/users/sc23oy/ros2_ws/src/install/ros2_project_sc23oy/lib/python3.10/site-packages/ros2_project_sc23oy/second_step.py to second_step.cpython-310.pyc\n'}
[6.559336] (lab2) StdoutLine: {'line': b'byte-compiling /uolstore/home/users/sc23oy/ros2_ws/src/install/lab2/lib/python3.10/site-packages/lab2/talker.py to talker.cpython-310.pyc\n'}
[6.559935] (lab5) StdoutLine: {'line': b'copying /uolstore/home/users/sc23oy/ros2_ws/src/build/lab5/build/lib/lab5/first_step.py -> /uolstore/home/users/sc23oy/ros2_ws/src/install/lab5/lib/python3.10/site-packages/lab5\n'}
[6.565814] (ros2_project_sc23oy) StdoutLine: {'line': b'byte-compiling /uolstore/home/users/sc23oy/ros2_ws/src/install/ros2_project_sc23oy/lib/python3.10/site-packages/ros2_project_sc23oy/fourth_step.py to fourth_step.cpython-310.pyc\n'}
[6.566332] (lab2) StdoutLine: {'line': b'byte-compiling /uolstore/home/users/sc23oy/ros2_ws/src/install/lab2/lib/python3.10/site-packages/lab2/numeric_listener.py to numeric_listener.cpython-310.pyc\n'}
[6.566642] (lab5) StdoutLine: {'line': b'copying /uolstore/home/users/sc23oy/ros2_ws/src/build/lab5/build/lib/lab5/fourth_step.py -> /uolstore/home/users/sc23oy/ros2_ws/src/install/lab5/lib/python3.10/site-packages/lab5\n'}
[6.567890] (lab3) StdoutLine: {'line': b'running install_scripts\n'}
[6.571378] (lab2) StdoutLine: {'line': b'byte-compiling /uolstore/home/users/sc23oy/ros2_ws/src/install/lab2/lib/python3.10/site-packages/lab2/numeric_talker.py to numeric_talker.cpython-310.pyc\n'}
[6.571903] (lab5) StdoutLine: {'line': b'copying /uolstore/home/users/sc23oy/ros2_ws/src/build/lab5/build/lib/lab5/third_step.py -> /uolstore/home/users/sc23oy/ros2_ws/src/install/lab5/lib/python3.10/site-packages/lab5\n'}
[6.572424] (ros2_project_sc23oy) StdoutLine: {'line': b'byte-compiling /uolstore/home/users/sc23oy/ros2_ws/src/install/ros2_project_sc23oy/lib/python3.10/site-packages/ros2_project_sc23oy/Skeleton_Code_First_Step.py to Skeleton_Code_First_Step.cpython-310.pyc\n'}
[6.576210] (lab2) StdoutLine: {'line': b'running install_data\n'}
[6.577489] (ros2_project_sc23oy) StdoutLine: {'line': b'byte-compiling /uolstore/home/users/sc23oy/ros2_ws/src/install/ros2_project_sc23oy/lib/python3.10/site-packages/ros2_project_sc23oy/Skeleton_Code_Fourth_Step.py to Skeleton_Code_Fourth_Step.cpython-310.pyc\n'}
[6.578113] (lab2) StdoutLine: {'line': b'creating /uolstore/home/users/sc23oy/ros2_ws/src/install/lab2/share/ament_index\n'}
[6.578611] (lab2) StdoutLine: {'line': b'creating /uolstore/home/users/sc23oy/ros2_ws/src/install/lab2/share/ament_index/resource_index\n'}
[6.579142] (lab5) StdoutLine: {'line': b'byte-compiling /uolstore/home/users/sc23oy/ros2_ws/src/install/lab5/lib/python3.10/site-packages/lab5/Skeleton_Code_First_Step.py to Skeleton_Code_First_Step.cpython-310.pyc\n'}
[6.579751] (lab2) StdoutLine: {'line': b'creating /uolstore/home/users/sc23oy/ros2_ws/src/install/lab2/share/ament_index/resource_index/packages\n'}
[6.581354] (lab2) StdoutLine: {'line': b'copying resource/lab2 -> /uolstore/home/users/sc23oy/ros2_ws/src/install/lab2/share/ament_index/resource_index/packages\n'}
[6.583070] (ros2_project_sc23oy) StdoutLine: {'line': b'byte-compiling /uolstore/home/users/sc23oy/ros2_ws/src/install/ros2_project_sc23oy/lib/python3.10/site-packages/ros2_project_sc23oy/Skeleton_Code_Second_Step.py to Skeleton_Code_Second_Step.cpython-310.pyc\n'}
[6.585196] (lab5) StdoutLine: {'line': b'byte-compiling /uolstore/home/users/sc23oy/ros2_ws/src/install/lab5/lib/python3.10/site-packages/lab5/Skeleton_Code_Fourth_Step.py to Skeleton_Code_Fourth_Step.cpython-310.pyc\n'}
[6.585310] (lab2) StdoutLine: {'line': b'copying package.xml -> /uolstore/home/users/sc23oy/ros2_ws/src/install/lab2/share/lab2\n'}
[6.588067] (ros2_project_sc23oy) StdoutLine: {'line': b'byte-compiling /uolstore/home/users/sc23oy/ros2_ws/src/install/ros2_project_sc23oy/lib/python3.10/site-packages/ros2_project_sc23oy/Skeleton_Code_Third_Step.py to Skeleton_Code_Third_Step.cpython-310.pyc\n'}
[6.589267] (lab2) StdoutLine: {'line': b'creating /uolstore/home/users/sc23oy/ros2_ws/src/install/lab2/share/lab2/launch\n'}
[6.590990] (lab2) StdoutLine: {'line': b'copying launch/chatter.py -> /uolstore/home/users/sc23oy/ros2_ws/src/install/lab2/share/lab2/launch\n'}
[6.591976] (lab5) StdoutLine: {'line': b'byte-compiling /uolstore/home/users/sc23oy/ros2_ws/src/install/lab5/lib/python3.10/site-packages/lab5/Skeleton_Code_Second_Step.py to Skeleton_Code_Second_Step.cpython-310.pyc\n'}
[6.593369] (ros2_project_sc23oy) StdoutLine: {'line': b'byte-compiling /uolstore/home/users/sc23oy/ros2_ws/src/install/ros2_project_sc23oy/lib/python3.10/site-packages/ros2_project_sc23oy/__init__.py to __init__.cpython-310.pyc\n'}
[6.596927] (lab2) StdoutLine: {'line': b'copying launch/numeric_chatter.py -> /uolstore/home/users/sc23oy/ros2_ws/src/install/lab2/share/lab2/launch\n'}
[6.598289] (lab5) StdoutLine: {'line': b'byte-compiling /uolstore/home/users/sc23oy/ros2_ws/src/install/lab5/lib/python3.10/site-packages/lab5/Skeleton_Code_Third_Step.py to Skeleton_Code_Third_Step.cpython-310.pyc\n'}
[6.598533] (ros2_project_sc23oy) StdoutLine: {'line': b'byte-compiling /uolstore/home/users/sc23oy/ros2_ws/src/install/ros2_project_sc23oy/lib/python3.10/site-packages/ros2_project_sc23oy/first_step.py to first_step.cpython-310.pyc\n'}
[6.600489] (lab3) StdoutLine: {'line': b'Installing exercise1 script to /uolstore/home/users/sc23oy/ros2_ws/src/install/lab3/lib/lab3\n'}
[6.602318] (lab2) StdoutLine: {'line': b'running install_egg_info\n'}
[6.603843] (lab5) StdoutLine: {'line': b'byte-compiling /uolstore/home/users/sc23oy/ros2_ws/src/install/lab5/lib/python3.10/site-packages/lab5/__init__.py to __init__.cpython-310.pyc\n'}
[6.604047] (ros2_project_sc23oy) StdoutLine: {'line': b'running install_data\n'}
[6.604609] (lab3) StdoutLine: {'line': b'Installing exercise2 script to /uolstore/home/users/sc23oy/ros2_ws/src/install/lab3/lib/lab3\n'}
[6.605415] (ros2_project_sc23oy) StdoutLine: {'line': b'creating /uolstore/home/users/sc23oy/ros2_ws/src/install/ros2_project_sc23oy/share/ament_index\n'}
[6.605958] (ros2_project_sc23oy) StdoutLine: {'line': b'creating /uolstore/home/users/sc23oy/ros2_ws/src/install/ros2_project_sc23oy/share/ament_index/resource_index\n'}
[6.606714] (ros2_project_sc23oy) StdoutLine: {'line': b'creating /uolstore/home/users/sc23oy/ros2_ws/src/install/ros2_project_sc23oy/share/ament_index/resource_index/packages\n'}
[6.607494] (lab5) StdoutLine: {'line': b'byte-compiling /uolstore/home/users/sc23oy/ros2_ws/src/install/lab5/lib/python3.10/site-packages/lab5/second_step.py to second_step.cpython-310.pyc\n'}
[6.607739] (lab2) StdoutLine: {'line': b'Copying ../build/lab2/lab2.egg-info to /uolstore/home/users/sc23oy/ros2_ws/src/install/lab2/lib/python3.10/site-packages/lab2-0.0.0-py3.10.egg-info\n'}
[6.607859] (lab3) StdoutLine: {'line': b'Installing firstwalk script to /uolstore/home/users/sc23oy/ros2_ws/src/install/lab3/lib/lab3\n'}
[6.608427] (ros2_project_sc23oy) StdoutLine: {'line': b'copying resource/ros2_project_sc23oy -> /uolstore/home/users/sc23oy/ros2_ws/src/install/ros2_project_sc23oy/share/ament_index/resource_index/packages\n'}
[6.611214] (lab3) StdoutLine: {'line': b"writing list of installed files to '/uolstore/home/users/sc23oy/ros2_ws/src/build/lab3/install.log'\n"}
[6.612771] (ros2_project_sc23oy) StdoutLine: {'line': b'copying package.xml -> /uolstore/home/users/sc23oy/ros2_ws/src/install/ros2_project_sc23oy/share/ros2_project_sc23oy\n'}
[6.613073] (lab5) StdoutLine: {'line': b'byte-compiling /uolstore/home/users/sc23oy/ros2_ws/src/install/lab5/lib/python3.10/site-packages/lab5/first_step.py to first_step.cpython-310.pyc\n'}
[6.616302] (ros2_project_sc23oy) StdoutLine: {'line': b'running install_egg_info\n'}
[6.617999] (lab5) StdoutLine: {'line': b'byte-compiling /uolstore/home/users/sc23oy/ros2_ws/src/install/lab5/lib/python3.10/site-packages/lab5/fourth_step.py to fourth_step.cpython-310.pyc\n'}
[6.620209] (ros2_project_sc23oy) StdoutLine: {'line': b'Copying ../build/ros2_project_sc23oy/ros2_project_sc23oy.egg-info to /uolstore/home/users/sc23oy/ros2_ws/src/install/ros2_project_sc23oy/lib/python3.10/site-packages/ros2_project_sc23oy-0.0.0-py3.10.egg-info\n'}
[6.623586] (-) TimerEvent: {}
[6.625571] (lab5) StdoutLine: {'line': b'byte-compiling /uolstore/home/users/sc23oy/ros2_ws/src/install/lab5/lib/python3.10/site-packages/lab5/third_step.py to third_step.cpython-310.pyc\n'}
[6.630257] (lab5) StdoutLine: {'line': b'running install_data\n'}
[6.632414] (lab5) StdoutLine: {'line': b'creating /uolstore/home/users/sc23oy/ros2_ws/src/install/lab5/share/ament_index\n'}
[6.632682] (lab5) StdoutLine: {'line': b'creating /uolstore/home/users/sc23oy/ros2_ws/src/install/lab5/share/ament_index/resource_index\n'}
[6.633597] (lab5) StdoutLine: {'line': b'creating /uolstore/home/users/sc23oy/ros2_ws/src/install/lab5/share/ament_index/resource_index/packages\n'}
[6.635229] (lab5) StdoutLine: {'line': b'copying resource/lab5 -> /uolstore/home/users/sc23oy/ros2_ws/src/install/lab5/share/ament_index/resource_index/packages\n'}
[6.639220] (lab5) StdoutLine: {'line': b'copying package.xml -> /uolstore/home/users/sc23oy/ros2_ws/src/install/lab5/share/lab5\n'}
[6.643269] (lab5) StdoutLine: {'line': b'running install_egg_info\n'}
[6.647636] (lab5) StdoutLine: {'line': b'Copying ../build/lab5/lab5.egg-info to /uolstore/home/users/sc23oy/ros2_ws/src/install/lab5/lib/python3.10/site-packages/lab5-0.0.0-py3.10.egg-info\n'}
[6.655621] (lab2) StdoutLine: {'line': b'running install_scripts\n'}
[6.655920] (lab1) JobEnded: {'identifier': 'lab1', 'rc': 0}
[6.662310] (lab3) CommandEnded: {'returncode': 0}
[6.663165] (turtlebot3_gazebo) StdoutLine: {'line': b'-- Configuring done\n'}
[6.666994] (ros2_project_sc23oy) StdoutLine: {'line': b'running install_scripts\n'}
[6.684969] (lab5) StdoutLine: {'line': b'running install_scripts\n'}
[6.695189] (lab2) StdoutLine: {'line': b'Installing listener script to /uolstore/home/users/sc23oy/ros2_ws/src/install/lab2/lib/lab2\n'}
[6.697588] (lab2) StdoutLine: {'line': b'Installing numeric_listener script to /uolstore/home/users/sc23oy/ros2_ws/src/install/lab2/lib/lab2\n'}
[6.699870] (lab2) StdoutLine: {'line': b'Installing numeric_talker script to /uolstore/home/users/sc23oy/ros2_ws/src/install/lab2/lib/lab2\n'}
[6.702175] (lab2) StdoutLine: {'line': b'Installing talker script to /uolstore/home/users/sc23oy/ros2_ws/src/install/lab2/lib/lab2\n'}
[6.704923] (ros2_project_sc23oy) StdoutLine: {'line': b'Installing first_step script to /uolstore/home/users/sc23oy/ros2_ws/src/install/ros2_project_sc23oy/lib/ros2_project_sc23oy\n'}
[6.705181] (lab2) StdoutLine: {'line': b"writing list of installed files to '/uolstore/home/users/sc23oy/ros2_ws/src/build/lab2/install.log'\n"}
[6.707664] (ros2_project_sc23oy) StdoutLine: {'line': b'Installing fourth_step script to /uolstore/home/users/sc23oy/ros2_ws/src/install/ros2_project_sc23oy/lib/ros2_project_sc23oy\n'}
[6.709891] (ros2_project_sc23oy) StdoutLine: {'line': b'Installing second_step script to /uolstore/home/users/sc23oy/ros2_ws/src/install/ros2_project_sc23oy/lib/ros2_project_sc23oy\n'}
[6.711982] (ros2_project_sc23oy) StdoutLine: {'line': b'Installing third_step script to /uolstore/home/users/sc23oy/ros2_ws/src/install/ros2_project_sc23oy/lib/ros2_project_sc23oy\n'}
[6.714591] (ros2_project_sc23oy) StdoutLine: {'line': b"writing list of installed files to '/uolstore/home/users/sc23oy/ros2_ws/src/build/ros2_project_sc23oy/install.log'\n"}
[6.717394] (lab5) StdoutLine: {'line': b'Installing first_step script to /uolstore/home/users/sc23oy/ros2_ws/src/install/lab5/lib/lab5\n'}
[6.720344] (lab5) StdoutLine: {'line': b'Installing fourth_step script to /uolstore/home/users/sc23oy/ros2_ws/src/install/lab5/lib/lab5\n'}
[6.723043] (lab5) StdoutLine: {'line': b'Installing second_step script to /uolstore/home/users/sc23oy/ros2_ws/src/install/lab5/lib/lab5\n'}
[6.723674] (-) TimerEvent: {}
[6.725411] (lab5) StdoutLine: {'line': b'Installing third_step script to /uolstore/home/users/sc23oy/ros2_ws/src/install/lab5/lib/lab5\n'}
[6.728399] (lab5) StdoutLine: {'line': b"writing list of installed files to '/uolstore/home/users/sc23oy/ros2_ws/src/build/lab5/install.log'\n"}
[6.792407] (lab3) JobEnded: {'identifier': 'lab3', 'rc': 0}
[6.798269] (lab4) CommandEnded: {'returncode': 0}
[6.823758] (-) TimerEvent: {}
[6.918309] (lab4) JobEnded: {'identifier': 'lab4', 'rc': 0}
[6.924087] (-) TimerEvent: {}
[6.924264] (lab2) CommandEnded: {'returncode': 0}
[7.024259] (-) TimerEvent: {}
[7.037925] (turtlebot3_gazebo) StdoutLine: {'line': b'-- Generating done\n'}
[7.052933] (lab2) JobEnded: {'identifier': 'lab2', 'rc': 0}
[7.059274] (ros2_project_sc23oy) CommandEnded: {'returncode': 0}
[7.076164] (turtlebot3_gazebo) StdoutLine: {'line': b'-- Build files have been written to: /uolstore/home/users/sc23oy/ros2_ws/src/build/turtlebot3_gazebo\n'}
[7.124373] (-) TimerEvent: {}
[7.180956] (ros2_project_sc23oy) JobEnded: {'identifier': 'ros2_project_sc23oy', 'rc': 0}
[7.186094] (lab5) CommandEnded: {'returncode': 0}
[7.224489] (-) TimerEvent: {}
[7.305322] (lab5) JobEnded: {'identifier': 'lab5', 'rc': 0}
[7.314190] (turtlebot3_gazebo) CommandEnded: {'returncode': 0}
[7.314736] (turtlebot3_gazebo) JobProgress: {'identifier': 'turtlebot3_gazebo', 'progress': 'build'}
[7.314766] (turtlebot3_gazebo) Command: {'cmd': ['/usr/bin/cmake', '--build', '/uolstore/home/users/sc23oy/ros2_ws/src/build/turtlebot3_gazebo', '--', '-j48', '-l48'], 'cwd': '/uolstore/home/users/sc23oy/ros2_ws/src/build/turtlebot3_gazebo', 'env': OrderedDict([('LESSOPEN', '||/usr/bin/lesspipe.sh %s'), ('LMOD_DIR', '/usr/share/lmod/lmod/libexec'), ('MAIL', '/var/spool/mail/sc23oy'), ('USER', 'sc23oy'), ('__LMOD_REF_COUNT_CMAKE_PREFIX_PATH', '/uollinapps/v2/24-25/soc/packages/linux-rhel9-x86_64_v3/gcc-11.4.0/gcc-14.2.0-svuh5yskfnrwh537tvxvt642acswwlju:1'), ('HOSTNAME', 'feng-linux-07.leeds.ac.uk'), ('XDG_SESSION_TYPE', 'x11'), ('MPI_FORTRAN_MOD_DIR', '/usr/lib64/gfortran/modules/openmpi'), ('GIT_ASKPASS', '/usr/share/code/resources/app/extensions/git/dist/askpass.sh'), ('LMOD_PKG', '/usr/share/lmod/lmod'), ('SHLVL', '3'), ('LD_LIBRARY_PATH', '/usr/lib/x86_64-linux-gnu/gazebo-11/plugins:/opt/ros/humble/opt/rviz_ogre_vendor/lib:/opt/ros/humble/lib/x86_64-linux-gnu:/opt/ros/humble/lib:/.singularity.d/libs:/usr/lib/x86_64-linux-gnu/gazebo-11/plugins:'), ('MPI_INCLUDE', '/usr/include/openmpi-x86_64'), ('HOME', '/uolstore/home/users/sc23oy'), ('CHROME_DESKTOP', 'code-url-handler.desktop'), ('OLDPWD', '/uolstore/home/users/sc23oy/ros2_ws'), ('TERM_PROGRAM_VERSION', '1.86.2'), ('DESKTOP_SESSION', 'gnome'), ('USER_PATH', '/usr/lib64/openmpi/bin:/usr/lib64/qt6/bin:/uollinapps/v2/24-25/soc/packages/linux-rhel9-x86_64_v3/gcc-11.4.0/gcc-14.2.0-svuh5yskfnrwh537tvxvt642acswwlju/bin:/uolstore/home/users/sc23oy/.local/bin:/uolstore/home/users/sc23oy/bin:/usr/local/bin:/usr/local/sbin:/usr/bin:/usr/sbin:/opt/puppetlabs/bin:/bin:/usr/bin:/sbin:/usr/sbin:/usr/local/bin:/usr/local/sbin'), ('__LMOD_REF_COUNT_PKG_CONFIG_PATH', '/usr/lib64/openmpi/lib/pkgconfig:1'), ('GAZEBO_MASTER_URI', 'http://localhost:11345'), ('ROS_PYTHON_VERSION', '3'), ('FPATH', '/usr/share/lmod/lmod/init/ksh_funcs'), ('FC', '/uollinapps/v2/24-25/soc/packages/linux-rhel9-x86_64_v3/gcc-11.4.0/gcc-14.2.0-svuh5yskfnrwh537tvxvt642acswwlju/bin/gfortran'), ('VSCODE_GIT_ASKPASS_MAIN', '/usr/share/code/resources/app/extensions/git/dist/askpass-main.js'), ('PS1', '\\[\x1b]633;A\x07\\][COMP3631] Singularity> \\w $ \\[\x1b]633;B\x07\\]'), ('VSCODE_GIT_ASKPASS_NODE', '/usr/share/code/code'), ('MPI_PYTHON3_SITEARCH', '/usr/lib64/python3.9/site-packages/openmpi'), ('LMOD_FAMILY_COMPILER_VERSION', '14.2.0'), ('_LMFILES_', '/uollinapps/v2/current/soc/spack/el9/Core/gcc/14.2.0.lua:/usr/share/modulefiles/mpi/openmpi-x86_64'), ('DBUS_SESSION_BUS_ADDRESS', 'unix:abstract=/tmp/dbus-8qGMb8aiOx,guid=2ad71e69851b37c21bae78fe69eca169'), ('COLORTERM', 'truecolor'), ('APPTAINER_ENVIRONMENT', '/.singularity.d/env/91-environment.sh'), ('__LMOD_REF_COUNT_PATH', '/usr/lib64/openmpi/bin:1;/usr/lib64/qt6/bin:2;/uollinapps/v2/24-25/soc/packages/linux-rhel9-x86_64_v3/gcc-11.4.0/gcc-14.2.0-svuh5yskfnrwh537tvxvt642acswwlju/bin:1;/uolstore/home/users/sc23oy/.local/bin:1;/uolstore/home/users/sc23oy/bin:1;/usr/local/bin:1;/usr/local/sbin:1;/usr/bin:1;/usr/sbin:1;/opt/puppetlabs/bin:1'), ('LMOD_sys', 'Linux'), ('F77', '/uollinapps/v2/24-25/soc/packages/linux-rhel9-x86_64_v3/gcc-11.4.0/gcc-14.2.0-svuh5yskfnrwh537tvxvt642acswwlju/bin/gfortran'), ('which_declare', 'declare -f'), ('COLCON_PREFIX_PATH', '/uolstore/home/users/sc23oy/ros2_ws/install'), ('ROS_DISTRO', 'humble'), ('SINGULARITY_ENVIRONMENT', '/.singularity.d/env/91-environment.sh'), ('LOGNAME', 'sc23oy'), ('MPI_COMPILER', 'openmpi-x86_64'), ('LMOD_VERSION', '8.7.65'), ('_', '/usr/bin/colcon'), ('ROS_VERSION', '2'), ('MPI_LIB', '/usr/lib64/openmpi/lib'), ('PKG_CONFIG_PATH', '/usr/lib64/openmpi/lib/pkgconfig'), ('XDG_SESSION_CLASS', 'user'), ('USERNAME', 'sc23oy'), ('TERM', 'xterm-256color'), ('GAZEBO_MODEL_PATH', '/usr/share/gazebo-11/models:'), ('MPI_BIN', '/usr/lib64/openmpi/bin'), ('ROS_LOCALHOST_ONLY', '1'), ('HISTCONTROL', 'ignoredups'), ('OGRE_RESOURCE_PATH', '/usr/lib/x86_64-linux-gnu/OGRE-1.9.0'), ('PATH', '/opt/ros/humble/bin:/usr/lib64/qt6/bin:/uolstore/home/users/sc23oy/.local/bin:/uolstore/home/users/sc23oy/bin:/usr/local/sbin:/usr/local/bin:/usr/sbin:/usr/bin:/sbin:/bin'), ('MPI_HOME', '/usr/lib64/openmpi'), ('GDM_LANG', 'en_GB.UTF-8'), ('APPTAINER_COMMAND', 'shell'), ('LMOD_SETTARG_FULL_SUPPORT', 'no'), ('__LMOD_REF_COUNT_LD_LIBRARY_PATH', '/usr/lib64/openmpi/lib:1'), ('XDG_MENU_PREFIX', 'gnome-'), ('GNOME_TERMINAL_SCREEN', '/org/gnome/Terminal/screen/3e198ced_e144_4c1b_ba88_d3f0aa723bad'), ('XDG_RUNTIME_DIR', '/run/user/604234'), ('MPI_MAN', '/usr/share/man/openmpi-x86_64'), ('GDK_BACKEND', 'x11'), ('DISPLAY', ':1'), ('HISTSIZE', '1000'), ('APPTAINER_APPNAME', ''), ('LANG', 'en_US.UTF-8'), ('XDG_CURRENT_DESKTOP', 'GNOME'), ('LMOD_ROOT', '/usr/share/lmod'), ('XMODIFIERS', '@im=ibus'), ('XDG_SESSION_DESKTOP', 'gnome'), ('XAUTHORITY', '/run/gdm/auth-for-sc23oy-AYJ5N3/database'), ('LS_COLORS', 'rs=0:di=01;34:ln=01;36:mh=00:pi=40;33:so=01;35:do=01;35:bd=40;33;01:cd=40;33;01:or=40;31;01:mi=01;37;41:su=37;41:sg=30;43:ca=30;41:tw=30;42:ow=34;42:st=37;44:ex=01;32:*.tar=01;31:*.tgz=01;31:*.arc=01;31:*.arj=01;31:*.taz=01;31:*.lha=01;31:*.lz4=01;31:*.lzh=01;31:*.lzma=01;31:*.tlz=01;31:*.txz=01;31:*.tzo=01;31:*.t7z=01;31:*.zip=01;31:*.z=01;31:*.dz=01;31:*.gz=01;31:*.lrz=01;31:*.lz=01;31:*.lzo=01;31:*.xz=01;31:*.zst=01;31:*.tzst=01;31:*.bz2=01;31:*.bz=01;31:*.tbz=01;31:*.tbz2=01;31:*.tz=01;31:*.deb=01;31:*.rpm=01;31:*.jar=01;31:*.war=01;31:*.ear=01;31:*.sar=01;31:*.rar=01;31:*.alz=01;31:*.ace=01;31:*.zoo=01;31:*.cpio=01;31:*.7z=01;31:*.rz=01;31:*.cab=01;31:*.wim=01;31:*.swm=01;31:*.dwm=01;31:*.esd=01;31:*.jpg=01;35:*.jpeg=01;35:*.mjpg=01;35:*.mjpeg=01;35:*.gif=01;35:*.bmp=01;35:*.pbm=01;35:*.pgm=01;35:*.ppm=01;35:*.tga=01;35:*.xbm=01;35:*.xpm=01;35:*.tif=01;35:*.tiff=01;35:*.png=01;35:*.svg=01;35:*.svgz=01;35:*.mng=01;35:*.pcx=01;35:*.mov=01;35:*.mpg=01;35:*.mpeg=01;35:*.m2v=01;35:*.mkv=01;35:*.webm=01;35:*.webp=01;35:*.ogm=01;35:*.mp4=01;35:*.m4v=01;35:*.mp4v=01;35:*.vob=01;35:*.qt=01;35:*.nuv=01;35:*.wmv=01;35:*.asf=01;35:*.rm=01;35:*.rmvb=01;35:*.flc=01;35:*.avi=01;35:*.fli=01;35:*.flv=01;35:*.gl=01;35:*.dl=01;35:*.xcf=01;35:*.xwd=01;35:*.yuv=01;35:*.cgm=01;35:*.emf=01;35:*.ogv=01;35:*.ogx=01;35:*.aac=01;36:*.au=01;36:*.flac=01;36:*.m4a=01;36:*.mid=01;36:*.midi=01;36:*.mka=01;36:*.mp3=01;36:*.mpc=01;36:*.ogg=01;36:*.ra=01;36:*.wav=01;36:*.oga=01;36:*.opus=01;36:*.spx=01;36:*.xspf=01;36:'), ('VSCODE_GIT_IPC_HANDLE', '/run/user/604234/vscode-git-8fb86e4b5d.sock'), ('GNOME_TERMINAL_SERVICE', ':1.59'), ('TERM_PROGRAM', 'vscode'), ('ROS_DOMAIN_ID', '30'), ('AMENT_PREFIX_PATH', '/opt/ros/humble'), ('ORIGINAL_XDG_CURRENT_DESKTOP', 'GNOME'), ('SHELL', '/bin/bash'), ('KRB5CCNAME', 'KEYRING:persistent:604234'), ('MPI_SYSCONFIG', '/etc/openmpi-x86_64'), ('MODULEPATH_ROOT', '/usr/share/modulefiles'), ('NO_AT_BRIDGE', '1'), ('CXX', '/usr/bin/g++'), ('GDMSESSION', 'gnome'), ('APPTAINER_CONTAINER', '/vol/scratch/SoC/COMP3631/comp3631.simg'), ('APPTAINER_BIND', '/run/user/604234,/etc/localtime'), ('LMOD_FAMILY_COMPILER', 'gcc'), ('LMOD_CMD', '/usr/share/lmod/lmod/libexec/lmod'), ('_ModuleTable_Sz_', '4'), ('GAZEBO_RESOURCE_PATH', '/usr/share/gazebo-11:'), ('GAZEBO_MODEL_DATABASE_URI', 'http://models.gazebosim.org'), ('SINGULARITY_CONTAINER', '/vol/scratch/SoC/COMP3631/comp3631.simg'), ('VSCODE_GIT_ASKPASS_EXTRA_ARGS', ''), ('BASH_ENV', '/usr/share/lmod/lmod/init/bash'), ('QT_IM_MODULE', 'ibus'), ('SINGULARITY_BIND', '/run/user/604234,/etc/localtime'), ('_ModuleTable001_', 'X01vZHVsZVRhYmxlXyA9IHsKTVR2ZXJzaW9uID0gMywKY19yZWJ1aWxkVGltZSA9IGZhbHNlLApjX3Nob3J0VGltZSA9IGZhbHNlLApkZXB0aFQgPSB7fSwKZmFtaWx5ID0gewpjb21waWxlciA9ICJnY2MiLAp9LAptVCA9IHsKZ2NjID0gewphY3Rpb25BID0gewpbW3ByZXBlbmRfcGF0aCgiTU9EVUxFUEFUSCIsIi91b2xsaW5hcHBzL3YyLzI0LTI1L3NvYy9zcGFjay9lbDkvZ2NjLzE0LjIuMCIpXV0sCn0sCmZuID0gIi91b2xsaW5hcHBzL3YyL2N1cnJlbnQvc29jL3NwYWNrL2VsOS9Db3JlL2djYy8xNC4yLjAubHVhIiwKZnVsbE5hbWUgPSAiZ2NjLzE0LjIuMCIsCmxvYWRPcmRlciA9IDEsCnByb3BUID0ge30sCnN0YWNrRGVwdGggPSAwLApzdGF0dXMgPSAiYWN0aXZlIiwK'), ('DEBUGINFOD_IMA_CERT_PATH', '/etc/keys/ima:'), ('_ModuleTable002_', 'dXNlck5hbWUgPSAiZ2NjIiwKd1YgPSAiMDAwMDAwMDE0LjAwMDAwMDAwMi4qemZpbmFsIiwKfSwKbXBpID0gewpmbiA9ICIvdXNyL3NoYXJlL21vZHVsZWZpbGVzL21waS9vcGVubXBpLXg4Nl82NCIsCmZ1bGxOYW1lID0gIm1waS9vcGVubXBpLXg4Nl82NCIsCmxvYWRPcmRlciA9IDIsCnByb3BUID0ge30sCnN0YWNrRGVwdGggPSAwLApzdGF0dXMgPSAiYWN0aXZlIiwKdXNlck5hbWUgPSAibXBpIiwKd1YgPSAiKm9wZW5tcGkuKnguMDAwMDAwMDg2LipfLjAwMDAwMDA2NC4qemZpbmFsIiwKfSwKfSwKbXBhdGhBID0gewoiL3VvbGxpbmFwcHMvdjIvMjQtMjUvc29jL3NwYWNrL2VsOS9nY2MvMTQuMi4wIiwgIi9ldGMvc2NsL21vZHVsZWZpbGVzIgosICIvdXNyL3NoYXJlL21v'), ('PWD', '/uolstore/home/users/sc23oy/ros2_ws/src/build/turtlebot3_gazebo'), ('LOADEDMODULES', 'gcc/14.2.0:mpi/openmpi-x86_64'), ('TURTLEBOT3_MODEL', 'burger'), ('APPTAINER_NAME', 'comp3631.simg'), ('GAZEBO_PLUGIN_PATH', '/usr/lib/x86_64-linux-gnu/gazebo-11/plugins:'), ('_ModuleTable003_', 'ZHVsZWZpbGVzIiwgIi91b2xsaW5hcHBzL3YyL2N1cnJlbnQvdW9sL3NwYWNrL2VsOS9Db3JlIgosICIvdW9sbGluYXBwcy92Mi9jdXJyZW50L3VvbC9vdGhlci9lbDkiCiwgIi91b2xsaW5hcHBzL3YyL2N1cnJlbnQvc29jL3NwYWNrL2VsOS9Db3JlIgosICIvdW9sbGluYXBwcy92Mi9jdXJyZW50L3NvYy9vdGhlciIsICIvdXNyL3NoYXJlL21vZHVsZWZpbGVzL0xpbnV4IgosICIvdXNyL3NoYXJlL21vZHVsZWZpbGVzL0NvcmUiLCAiL3Vzci9zaGFyZS9sbW9kL2xtb2QvbW9kdWxlZmlsZXMvQ29yZSIsCn0sCnN5c3RlbUJhc2VNUEFUSCA9ICIvZXRjL3NjbC9tb2R1bGVmaWxlczovdXNyL3NoYXJlL21vZHVsZWZpbGVzOi91b2xsaW5hcHBzL3YyL2N1cnJlbnQvdW9sL3NwYWNr'), ('XDG_DATA_DIRS', '/uolstore/home/users/sc23oy/.local/share/flatpak/exports/share:/var/lib/flatpak/exports/share:/usr/local/share:/usr/share'), ('PYTHONPATH', '/opt/ros/humble/lib/python3.10/site-packages:/opt/ros/humble/local/lib/python3.10/dist-packages'), ('_ModuleTable004_', 'L2VsOS9Db3JlOi91b2xsaW5hcHBzL3YyL2N1cnJlbnQvdW9sL290aGVyL2VsOTovdW9sbGluYXBwcy92Mi9jdXJyZW50L3NvYy9zcGFjay9lbDkvQ29yZTovdW9sbGluYXBwcy92Mi9jdXJyZW50L3NvYy9vdGhlcjovdXNyL3NoYXJlL21vZHVsZWZpbGVzL0xpbnV4Oi91c3Ivc2hhcmUvbW9kdWxlZmlsZXMvQ29yZTovdXNyL3NoYXJlL2xtb2QvbG1vZC9tb2R1bGVmaWxlcy9Db3JlIiwKfQo='), ('SINGULARITY_NAME', 'comp3631.simg'), ('CC', '/usr/bin/gcc'), ('COLCON', '1'), ('__LMOD_REF_COUNT_MODULEPATH', '/uollinapps/v2/24-25/soc/spack/el9/gcc/14.2.0:1;/etc/scl/modulefiles:2;/usr/share/modulefiles:1;/uollinapps/v2/current/uol/spack/el9/Core:1;/uollinapps/v2/current/uol/other/el9:1;/uollinapps/v2/current/soc/spack/el9/Core:1;/uollinapps/v2/current/soc/other:1;/usr/share/modulefiles/Linux:1;/usr/share/modulefiles/Core:1;/usr/share/lmod/lmod/modulefiles/Core:1'), ('MANPATH', ':/usr/share/man/openmpi-x86_64:/uollinapps/v2/24-25/soc/packages/linux-rhel9-x86_64_v3/gcc-11.4.0/gcc-14.2.0-svuh5yskfnrwh537tvxvt642acswwlju/share/man:/usr/share/lmod/lmod/share/man:/opt/puppetlabs/puppet/share/man'), ('VTE_VERSION', '6402'), ('MPI_SUFFIX', '_openmpi'), ('__LMOD_REF_COUNT_MANPATH', ':3;/usr/share/man/openmpi-x86_64:1;/uollinapps/v2/24-25/soc/packages/linux-rhel9-x86_64_v3/gcc-11.4.0/gcc-14.2.0-svuh5yskfnrwh537tvxvt642acswwlju/share/man:1;/usr/share/lmod/lmod/share/man:1;/opt/puppetlabs/puppet/share/man:1'), ('MODULEPATH', '/uollinapps/v2/24-25/soc/spack/el9/gcc/14.2.0:/etc/scl/modulefiles:/usr/share/modulefiles:/uollinapps/v2/current/uol/spack/el9/Core:/uollinapps/v2/current/uol/other/el9:/uollinapps/v2/current/soc/spack/el9/Core:/uollinapps/v2/current/soc/other:/usr/share/modulefiles/Linux:/usr/share/modulefiles/Core:/usr/share/lmod/lmod/modulefiles/Core'), ('MODULESHOME', '/usr/share/Modules'), ('CMAKE_PREFIX_PATH', '/uollinapps/v2/24-25/soc/packages/linux-rhel9-x86_64_v3/gcc-11.4.0/gcc-14.2.0-svuh5yskfnrwh537tvxvt642acswwlju:/opt/ros/humble')]), 'shell': False}
[7.324546] (-) TimerEvent: {}
[7.424763] (-) TimerEvent: {}
[7.457650] (turtlebot3_gazebo) StdoutLine: {'line': b'[ 50%] \x1b[32mBuilding CXX object CMakeFiles/obstacle1.dir/models/turtlebot3_dqn_world/obstacle_plugin/obstacle1.cc.o\x1b[0m\n'}
[7.457985] (turtlebot3_gazebo) StdoutLine: {'line': b'[ 50%] \x1b[32mBuilding CXX object CMakeFiles/obstacles.dir/models/turtlebot3_dqn_world/obstacle_plugin/obstacles.cc.o\x1b[0m\n'}
[7.458098] (turtlebot3_gazebo) StdoutLine: {'line': b'[ 50%] \x1b[32mBuilding CXX object CMakeFiles/turtlebot3_drive.dir/src/turtlebot3_drive.cpp.o\x1b[0m\n'}
[7.458234] (turtlebot3_gazebo) StdoutLine: {'line': b'[ 50%] \x1b[32mBuilding CXX object CMakeFiles/obstacle2.dir/models/turtlebot3_dqn_world/obstacle_plugin/obstacle2.cc.o\x1b[0m\n'}
[7.524866] (-) TimerEvent: {}
[7.625218] (-) TimerEvent: {}
[7.725553] (-) TimerEvent: {}
[7.825894] (-) TimerEvent: {}
[7.926269] (-) TimerEvent: {}
[8.026625] (-) TimerEvent: {}
[8.126982] (-) TimerEvent: {}
[8.227364] (-) TimerEvent: {}
[8.327739] (-) TimerEvent: {}
[8.428134] (-) TimerEvent: {}
[8.528597] (-) TimerEvent: {}
[8.629107] (-) TimerEvent: {}
[8.729570] (-) TimerEvent: {}
[8.830038] (-) TimerEvent: {}
[8.930511] (-) TimerEvent: {}
[9.031035] (-) TimerEvent: {}
[9.131516] (-) TimerEvent: {}
[9.231882] (-) TimerEvent: {}
[9.332242] (-) TimerEvent: {}
[9.432587] (-) TimerEvent: {}
[9.532834] (-) TimerEvent: {}
[9.633094] (-) TimerEvent: {}
[9.733384] (-) TimerEvent: {}
[9.833722] (-) TimerEvent: {}
[9.934045] (-) TimerEvent: {}
[10.034369] (-) TimerEvent: {}
[10.134688] (-) TimerEvent: {}
[10.234957] (-) TimerEvent: {}
[10.335253] (-) TimerEvent: {}
[10.435598] (-) TimerEvent: {}
[10.535926] (-) TimerEvent: {}
[10.636248] (-) TimerEvent: {}
[10.736590] (-) TimerEvent: {}
[10.836951] (-) TimerEvent: {}
[10.937290] (-) TimerEvent: {}
[11.037622] (-) TimerEvent: {}
[11.137973] (-) TimerEvent: {}
[11.238309] (-) TimerEvent: {}
[11.338666] (-) TimerEvent: {}
[11.439002] (-) TimerEvent: {}
[11.539297] (-) TimerEvent: {}
[11.639629] (-) TimerEvent: {}
[11.739957] (-) TimerEvent: {}
[11.840303] (-) TimerEvent: {}
[11.940641] (-) TimerEvent: {}
[12.040952] (-) TimerEvent: {}
[12.141268] (-) TimerEvent: {}
[12.241591] (-) TimerEvent: {}
[12.341874] (-) TimerEvent: {}
[12.442187] (-) TimerEvent: {}
[12.542490] (-) TimerEvent: {}
[12.642814] (-) TimerEvent: {}
[12.743104] (-) TimerEvent: {}
[12.843430] (-) TimerEvent: {}
[12.943746] (-) TimerEvent: {}
[13.043956] (-) TimerEvent: {}
[13.144158] (-) TimerEvent: {}
[13.244360] (-) TimerEvent: {}
[13.344578] (-) TimerEvent: {}
[13.444822] (-) TimerEvent: {}
[13.545041] (-) TimerEvent: {}
[13.645291] (-) TimerEvent: {}
[13.745596] (-) TimerEvent: {}
[13.845812] (-) TimerEvent: {}
[13.946070] (-) TimerEvent: {}
[14.046376] (-) TimerEvent: {}
[14.146618] (-) TimerEvent: {}
[14.246830] (-) TimerEvent: {}
[14.347046] (-) TimerEvent: {}
[14.447275] (-) TimerEvent: {}
[14.547479] (-) TimerEvent: {}
[14.647700] (-) TimerEvent: {}
[14.747893] (-) TimerEvent: {}
[14.848082] (-) TimerEvent: {}
[14.948276] (-) TimerEvent: {}
[15.048460] (-) TimerEvent: {}
[15.148663] (-) TimerEvent: {}
[15.248847] (-) TimerEvent: {}
[15.349032] (-) TimerEvent: {}
[15.449234] (-) TimerEvent: {}
[15.549417] (-) TimerEvent: {}
[15.649599] (-) TimerEvent: {}
[15.749792] (-) TimerEvent: {}
[15.849985] (-) TimerEvent: {}
[15.950178] (-) TimerEvent: {}
[16.050362] (-) TimerEvent: {}
[16.150555] (-) TimerEvent: {}
[16.250754] (-) TimerEvent: {}
[16.350957] (-) TimerEvent: {}
[16.451240] (-) TimerEvent: {}
[16.551556] (-) TimerEvent: {}
[16.651769] (-) TimerEvent: {}
[16.752025] (-) TimerEvent: {}
[16.852382] (-) TimerEvent: {}
[16.952700] (-) TimerEvent: {}
[17.052927] (-) TimerEvent: {}
[17.153130] (-) TimerEvent: {}
[17.253329] (-) TimerEvent: {}
[17.353553] (-) TimerEvent: {}
[17.453846] (-) TimerEvent: {}
[17.554134] (-) TimerEvent: {}
[17.654436] (-) TimerEvent: {}
[17.754686] (-) TimerEvent: {}
[17.855041] (-) TimerEvent: {}
[17.955357] (-) TimerEvent: {}
[18.055621] (-) TimerEvent: {}
[18.155937] (-) TimerEvent: {}
[18.256212] (-) TimerEvent: {}
[18.354856] (turtlebot3_fake_node) StdoutLine: {'line': b'[100%] \x1b[32m\x1b[1mLinking CXX executable turtlebot3_fake_node\x1b[0m\n'}
[18.356289] (-) TimerEvent: {}
[18.456604] (-) TimerEvent: {}
[18.556925] (-) TimerEvent: {}
[18.657216] (-) TimerEvent: {}
[18.757556] (-) TimerEvent: {}
[18.857868] (-) TimerEvent: {}
[18.958159] (-) TimerEvent: {}
[19.058381] (-) TimerEvent: {}
[19.158575] (-) TimerEvent: {}
[19.213436] (turtlebot3_fake_node) StdoutLine: {'line': b'[100%] Built target turtlebot3_fake_node\n'}
[19.236084] (turtlebot3_fake_node) CommandEnded: {'returncode': 0}
[19.258690] (-) TimerEvent: {}
[19.288838] (turtlebot3_fake_node) JobProgress: {'identifier': 'turtlebot3_fake_node', 'progress': 'install'}
[19.313980] (turtlebot3_fake_node) Command: {'cmd': ['/usr/bin/cmake', '--install', '/uolstore/home/users/sc23oy/ros2_ws/src/build/turtlebot3_fake_node'], 'cwd': '/uolstore/home/users/sc23oy/ros2_ws/src/build/turtlebot3_fake_node', 'env': OrderedDict([('LESSOPEN', '||/usr/bin/lesspipe.sh %s'), ('LMOD_DIR', '/usr/share/lmod/lmod/libexec'), ('MAIL', '/var/spool/mail/sc23oy'), ('USER', 'sc23oy'), ('__LMOD_REF_COUNT_CMAKE_PREFIX_PATH', '/uollinapps/v2/24-25/soc/packages/linux-rhel9-x86_64_v3/gcc-11.4.0/gcc-14.2.0-svuh5yskfnrwh537tvxvt642acswwlju:1'), ('HOSTNAME', 'feng-linux-07.leeds.ac.uk'), ('XDG_SESSION_TYPE', 'x11'), ('MPI_FORTRAN_MOD_DIR', '/usr/lib64/gfortran/modules/openmpi'), ('GIT_ASKPASS', '/usr/share/code/resources/app/extensions/git/dist/askpass.sh'), ('LMOD_PKG', '/usr/share/lmod/lmod'), ('SHLVL', '3'), ('LD_LIBRARY_PATH', '/usr/lib/x86_64-linux-gnu/gazebo-11/plugins:/opt/ros/humble/opt/rviz_ogre_vendor/lib:/opt/ros/humble/lib/x86_64-linux-gnu:/opt/ros/humble/lib:/.singularity.d/libs:/usr/lib/x86_64-linux-gnu/gazebo-11/plugins:'), ('MPI_INCLUDE', '/usr/include/openmpi-x86_64'), ('HOME', '/uolstore/home/users/sc23oy'), ('CHROME_DESKTOP', 'code-url-handler.desktop'), ('OLDPWD', '/uolstore/home/users/sc23oy/ros2_ws'), ('TERM_PROGRAM_VERSION', '1.86.2'), ('DESKTOP_SESSION', 'gnome'), ('USER_PATH', '/usr/lib64/openmpi/bin:/usr/lib64/qt6/bin:/uollinapps/v2/24-25/soc/packages/linux-rhel9-x86_64_v3/gcc-11.4.0/gcc-14.2.0-svuh5yskfnrwh537tvxvt642acswwlju/bin:/uolstore/home/users/sc23oy/.local/bin:/uolstore/home/users/sc23oy/bin:/usr/local/bin:/usr/local/sbin:/usr/bin:/usr/sbin:/opt/puppetlabs/bin:/bin:/usr/bin:/sbin:/usr/sbin:/usr/local/bin:/usr/local/sbin'), ('__LMOD_REF_COUNT_PKG_CONFIG_PATH', '/usr/lib64/openmpi/lib/pkgconfig:1'), ('GAZEBO_MASTER_URI', 'http://localhost:11345'), ('ROS_PYTHON_VERSION', '3'), ('FPATH', '/usr/share/lmod/lmod/init/ksh_funcs'), ('FC', '/uollinapps/v2/24-25/soc/packages/linux-rhel9-x86_64_v3/gcc-11.4.0/gcc-14.2.0-svuh5yskfnrwh537tvxvt642acswwlju/bin/gfortran'), ('VSCODE_GIT_ASKPASS_MAIN', '/usr/share/code/resources/app/extensions/git/dist/askpass-main.js'), ('PS1', '\\[\x1b]633;A\x07\\][COMP3631] Singularity> \\w $ \\[\x1b]633;B\x07\\]'), ('VSCODE_GIT_ASKPASS_NODE', '/usr/share/code/code'), ('MPI_PYTHON3_SITEARCH', '/usr/lib64/python3.9/site-packages/openmpi'), ('LMOD_FAMILY_COMPILER_VERSION', '14.2.0'), ('_LMFILES_', '/uollinapps/v2/current/soc/spack/el9/Core/gcc/14.2.0.lua:/usr/share/modulefiles/mpi/openmpi-x86_64'), ('DBUS_SESSION_BUS_ADDRESS', 'unix:abstract=/tmp/dbus-8qGMb8aiOx,guid=2ad71e69851b37c21bae78fe69eca169'), ('COLORTERM', 'truecolor'), ('APPTAINER_ENVIRONMENT', '/.singularity.d/env/91-environment.sh'), ('__LMOD_REF_COUNT_PATH', '/usr/lib64/openmpi/bin:1;/usr/lib64/qt6/bin:2;/uollinapps/v2/24-25/soc/packages/linux-rhel9-x86_64_v3/gcc-11.4.0/gcc-14.2.0-svuh5yskfnrwh537tvxvt642acswwlju/bin:1;/uolstore/home/users/sc23oy/.local/bin:1;/uolstore/home/users/sc23oy/bin:1;/usr/local/bin:1;/usr/local/sbin:1;/usr/bin:1;/usr/sbin:1;/opt/puppetlabs/bin:1'), ('LMOD_sys', 'Linux'), ('F77', '/uollinapps/v2/24-25/soc/packages/linux-rhel9-x86_64_v3/gcc-11.4.0/gcc-14.2.0-svuh5yskfnrwh537tvxvt642acswwlju/bin/gfortran'), ('which_declare', 'declare -f'), ('COLCON_PREFIX_PATH', '/uolstore/home/users/sc23oy/ros2_ws/install'), ('ROS_DISTRO', 'humble'), ('SINGULARITY_ENVIRONMENT', '/.singularity.d/env/91-environment.sh'), ('LOGNAME', 'sc23oy'), ('MPI_COMPILER', 'openmpi-x86_64'), ('LMOD_VERSION', '8.7.65'), ('_', '/usr/bin/colcon'), ('ROS_VERSION', '2'), ('MPI_LIB', '/usr/lib64/openmpi/lib'), ('PKG_CONFIG_PATH', '/usr/lib64/openmpi/lib/pkgconfig'), ('XDG_SESSION_CLASS', 'user'), ('USERNAME', 'sc23oy'), ('TERM', 'xterm-256color'), ('GAZEBO_MODEL_PATH', '/usr/share/gazebo-11/models:'), ('MPI_BIN', '/usr/lib64/openmpi/bin'), ('ROS_LOCALHOST_ONLY', '1'), ('HISTCONTROL', 'ignoredups'), ('OGRE_RESOURCE_PATH', '/usr/lib/x86_64-linux-gnu/OGRE-1.9.0'), ('PATH', '/opt/ros/humble/bin:/usr/lib64/qt6/bin:/uolstore/home/users/sc23oy/.local/bin:/uolstore/home/users/sc23oy/bin:/usr/local/sbin:/usr/local/bin:/usr/sbin:/usr/bin:/sbin:/bin'), ('MPI_HOME', '/usr/lib64/openmpi'), ('GDM_LANG', 'en_GB.UTF-8'), ('APPTAINER_COMMAND', 'shell'), ('LMOD_SETTARG_FULL_SUPPORT', 'no'), ('__LMOD_REF_COUNT_LD_LIBRARY_PATH', '/usr/lib64/openmpi/lib:1'), ('XDG_MENU_PREFIX', 'gnome-'), ('GNOME_TERMINAL_SCREEN', '/org/gnome/Terminal/screen/3e198ced_e144_4c1b_ba88_d3f0aa723bad'), ('XDG_RUNTIME_DIR', '/run/user/604234'), ('MPI_MAN', '/usr/share/man/openmpi-x86_64'), ('GDK_BACKEND', 'x11'), ('DISPLAY', ':1'), ('HISTSIZE', '1000'), ('APPTAINER_APPNAME', ''), ('LANG', 'en_US.UTF-8'), ('XDG_CURRENT_DESKTOP', 'GNOME'), ('LMOD_ROOT', '/usr/share/lmod'), ('XMODIFIERS', '@im=ibus'), ('XDG_SESSION_DESKTOP', 'gnome'), ('XAUTHORITY', '/run/gdm/auth-for-sc23oy-AYJ5N3/database'), ('LS_COLORS', 'rs=0:di=01;34:ln=01;36:mh=00:pi=40;33:so=01;35:do=01;35:bd=40;33;01:cd=40;33;01:or=40;31;01:mi=01;37;41:su=37;41:sg=30;43:ca=30;41:tw=30;42:ow=34;42:st=37;44:ex=01;32:*.tar=01;31:*.tgz=01;31:*.arc=01;31:*.arj=01;31:*.taz=01;31:*.lha=01;31:*.lz4=01;31:*.lzh=01;31:*.lzma=01;31:*.tlz=01;31:*.txz=01;31:*.tzo=01;31:*.t7z=01;31:*.zip=01;31:*.z=01;31:*.dz=01;31:*.gz=01;31:*.lrz=01;31:*.lz=01;31:*.lzo=01;31:*.xz=01;31:*.zst=01;31:*.tzst=01;31:*.bz2=01;31:*.bz=01;31:*.tbz=01;31:*.tbz2=01;31:*.tz=01;31:*.deb=01;31:*.rpm=01;31:*.jar=01;31:*.war=01;31:*.ear=01;31:*.sar=01;31:*.rar=01;31:*.alz=01;31:*.ace=01;31:*.zoo=01;31:*.cpio=01;31:*.7z=01;31:*.rz=01;31:*.cab=01;31:*.wim=01;31:*.swm=01;31:*.dwm=01;31:*.esd=01;31:*.jpg=01;35:*.jpeg=01;35:*.mjpg=01;35:*.mjpeg=01;35:*.gif=01;35:*.bmp=01;35:*.pbm=01;35:*.pgm=01;35:*.ppm=01;35:*.tga=01;35:*.xbm=01;35:*.xpm=01;35:*.tif=01;35:*.tiff=01;35:*.png=01;35:*.svg=01;35:*.svgz=01;35:*.mng=01;35:*.pcx=01;35:*.mov=01;35:*.mpg=01;35:*.mpeg=01;35:*.m2v=01;35:*.mkv=01;35:*.webm=01;35:*.webp=01;35:*.ogm=01;35:*.mp4=01;35:*.m4v=01;35:*.mp4v=01;35:*.vob=01;35:*.qt=01;35:*.nuv=01;35:*.wmv=01;35:*.asf=01;35:*.rm=01;35:*.rmvb=01;35:*.flc=01;35:*.avi=01;35:*.fli=01;35:*.flv=01;35:*.gl=01;35:*.dl=01;35:*.xcf=01;35:*.xwd=01;35:*.yuv=01;35:*.cgm=01;35:*.emf=01;35:*.ogv=01;35:*.ogx=01;35:*.aac=01;36:*.au=01;36:*.flac=01;36:*.m4a=01;36:*.mid=01;36:*.midi=01;36:*.mka=01;36:*.mp3=01;36:*.mpc=01;36:*.ogg=01;36:*.ra=01;36:*.wav=01;36:*.oga=01;36:*.opus=01;36:*.spx=01;36:*.xspf=01;36:'), ('VSCODE_GIT_IPC_HANDLE', '/run/user/604234/vscode-git-8fb86e4b5d.sock'), ('GNOME_TERMINAL_SERVICE', ':1.59'), ('TERM_PROGRAM', 'vscode'), ('ROS_DOMAIN_ID', '30'), ('AMENT_PREFIX_PATH', '/opt/ros/humble'), ('ORIGINAL_XDG_CURRENT_DESKTOP', 'GNOME'), ('SHELL', '/bin/bash'), ('KRB5CCNAME', 'KEYRING:persistent:604234'), ('MPI_SYSCONFIG', '/etc/openmpi-x86_64'), ('MODULEPATH_ROOT', '/usr/share/modulefiles'), ('NO_AT_BRIDGE', '1'), ('CXX', '/usr/bin/g++'), ('GDMSESSION', 'gnome'), ('APPTAINER_CONTAINER', '/vol/scratch/SoC/COMP3631/comp3631.simg'), ('APPTAINER_BIND', '/run/user/604234,/etc/localtime'), ('LMOD_FAMILY_COMPILER', 'gcc'), ('LMOD_CMD', '/usr/share/lmod/lmod/libexec/lmod'), ('_ModuleTable_Sz_', '4'), ('GAZEBO_RESOURCE_PATH', '/usr/share/gazebo-11:'), ('GAZEBO_MODEL_DATABASE_URI', 'http://models.gazebosim.org'), ('SINGULARITY_CONTAINER', '/vol/scratch/SoC/COMP3631/comp3631.simg'), ('VSCODE_GIT_ASKPASS_EXTRA_ARGS', ''), ('BASH_ENV', '/usr/share/lmod/lmod/init/bash'), ('QT_IM_MODULE', 'ibus'), ('SINGULARITY_BIND', '/run/user/604234,/etc/localtime'), ('_ModuleTable001_', 'X01vZHVsZVRhYmxlXyA9IHsKTVR2ZXJzaW9uID0gMywKY19yZWJ1aWxkVGltZSA9IGZhbHNlLApjX3Nob3J0VGltZSA9IGZhbHNlLApkZXB0aFQgPSB7fSwKZmFtaWx5ID0gewpjb21waWxlciA9ICJnY2MiLAp9LAptVCA9IHsKZ2NjID0gewphY3Rpb25BID0gewpbW3ByZXBlbmRfcGF0aCgiTU9EVUxFUEFUSCIsIi91b2xsaW5hcHBzL3YyLzI0LTI1L3NvYy9zcGFjay9lbDkvZ2NjLzE0LjIuMCIpXV0sCn0sCmZuID0gIi91b2xsaW5hcHBzL3YyL2N1cnJlbnQvc29jL3NwYWNrL2VsOS9Db3JlL2djYy8xNC4yLjAubHVhIiwKZnVsbE5hbWUgPSAiZ2NjLzE0LjIuMCIsCmxvYWRPcmRlciA9IDEsCnByb3BUID0ge30sCnN0YWNrRGVwdGggPSAwLApzdGF0dXMgPSAiYWN0aXZlIiwK'), ('DEBUGINFOD_IMA_CERT_PATH', '/etc/keys/ima:'), ('_ModuleTable002_', 'dXNlck5hbWUgPSAiZ2NjIiwKd1YgPSAiMDAwMDAwMDE0LjAwMDAwMDAwMi4qemZpbmFsIiwKfSwKbXBpID0gewpmbiA9ICIvdXNyL3NoYXJlL21vZHVsZWZpbGVzL21waS9vcGVubXBpLXg4Nl82NCIsCmZ1bGxOYW1lID0gIm1waS9vcGVubXBpLXg4Nl82NCIsCmxvYWRPcmRlciA9IDIsCnByb3BUID0ge30sCnN0YWNrRGVwdGggPSAwLApzdGF0dXMgPSAiYWN0aXZlIiwKdXNlck5hbWUgPSAibXBpIiwKd1YgPSAiKm9wZW5tcGkuKnguMDAwMDAwMDg2LipfLjAwMDAwMDA2NC4qemZpbmFsIiwKfSwKfSwKbXBhdGhBID0gewoiL3VvbGxpbmFwcHMvdjIvMjQtMjUvc29jL3NwYWNrL2VsOS9nY2MvMTQuMi4wIiwgIi9ldGMvc2NsL21vZHVsZWZpbGVzIgosICIvdXNyL3NoYXJlL21v'), ('PWD', '/uolstore/home/users/sc23oy/ros2_ws/src/build/turtlebot3_fake_node'), ('LOADEDMODULES', 'gcc/14.2.0:mpi/openmpi-x86_64'), ('TURTLEBOT3_MODEL', 'burger'), ('APPTAINER_NAME', 'comp3631.simg'), ('GAZEBO_PLUGIN_PATH', '/usr/lib/x86_64-linux-gnu/gazebo-11/plugins:'), ('_ModuleTable003_', 'ZHVsZWZpbGVzIiwgIi91b2xsaW5hcHBzL3YyL2N1cnJlbnQvdW9sL3NwYWNrL2VsOS9Db3JlIgosICIvdW9sbGluYXBwcy92Mi9jdXJyZW50L3VvbC9vdGhlci9lbDkiCiwgIi91b2xsaW5hcHBzL3YyL2N1cnJlbnQvc29jL3NwYWNrL2VsOS9Db3JlIgosICIvdW9sbGluYXBwcy92Mi9jdXJyZW50L3NvYy9vdGhlciIsICIvdXNyL3NoYXJlL21vZHVsZWZpbGVzL0xpbnV4IgosICIvdXNyL3NoYXJlL21vZHVsZWZpbGVzL0NvcmUiLCAiL3Vzci9zaGFyZS9sbW9kL2xtb2QvbW9kdWxlZmlsZXMvQ29yZSIsCn0sCnN5c3RlbUJhc2VNUEFUSCA9ICIvZXRjL3NjbC9tb2R1bGVmaWxlczovdXNyL3NoYXJlL21vZHVsZWZpbGVzOi91b2xsaW5hcHBzL3YyL2N1cnJlbnQvdW9sL3NwYWNr'), ('XDG_DATA_DIRS', '/uolstore/home/users/sc23oy/.local/share/flatpak/exports/share:/var/lib/flatpak/exports/share:/usr/local/share:/usr/share'), ('PYTHONPATH', '/opt/ros/humble/lib/python3.10/site-packages:/opt/ros/humble/local/lib/python3.10/dist-packages'), ('_ModuleTable004_', 'L2VsOS9Db3JlOi91b2xsaW5hcHBzL3YyL2N1cnJlbnQvdW9sL290aGVyL2VsOTovdW9sbGluYXBwcy92Mi9jdXJyZW50L3NvYy9zcGFjay9lbDkvQ29yZTovdW9sbGluYXBwcy92Mi9jdXJyZW50L3NvYy9vdGhlcjovdXNyL3NoYXJlL21vZHVsZWZpbGVzL0xpbnV4Oi91c3Ivc2hhcmUvbW9kdWxlZmlsZXMvQ29yZTovdXNyL3NoYXJlL2xtb2QvbG1vZC9tb2R1bGVmaWxlcy9Db3JlIiwKfQo='), ('SINGULARITY_NAME', 'comp3631.simg'), ('CC', '/usr/bin/gcc'), ('COLCON', '1'), ('__LMOD_REF_COUNT_MODULEPATH', '/uollinapps/v2/24-25/soc/spack/el9/gcc/14.2.0:1;/etc/scl/modulefiles:2;/usr/share/modulefiles:1;/uollinapps/v2/current/uol/spack/el9/Core:1;/uollinapps/v2/current/uol/other/el9:1;/uollinapps/v2/current/soc/spack/el9/Core:1;/uollinapps/v2/current/soc/other:1;/usr/share/modulefiles/Linux:1;/usr/share/modulefiles/Core:1;/usr/share/lmod/lmod/modulefiles/Core:1'), ('MANPATH', ':/usr/share/man/openmpi-x86_64:/uollinapps/v2/24-25/soc/packages/linux-rhel9-x86_64_v3/gcc-11.4.0/gcc-14.2.0-svuh5yskfnrwh537tvxvt642acswwlju/share/man:/usr/share/lmod/lmod/share/man:/opt/puppetlabs/puppet/share/man'), ('VTE_VERSION', '6402'), ('MPI_SUFFIX', '_openmpi'), ('__LMOD_REF_COUNT_MANPATH', ':3;/usr/share/man/openmpi-x86_64:1;/uollinapps/v2/24-25/soc/packages/linux-rhel9-x86_64_v3/gcc-11.4.0/gcc-14.2.0-svuh5yskfnrwh537tvxvt642acswwlju/share/man:1;/usr/share/lmod/lmod/share/man:1;/opt/puppetlabs/puppet/share/man:1'), ('MODULEPATH', '/uollinapps/v2/24-25/soc/spack/el9/gcc/14.2.0:/etc/scl/modulefiles:/usr/share/modulefiles:/uollinapps/v2/current/uol/spack/el9/Core:/uollinapps/v2/current/uol/other/el9:/uollinapps/v2/current/soc/spack/el9/Core:/uollinapps/v2/current/soc/other:/usr/share/modulefiles/Linux:/usr/share/modulefiles/Core:/usr/share/lmod/lmod/modulefiles/Core'), ('MODULESHOME', '/usr/share/Modules'), ('CMAKE_PREFIX_PATH', '/uollinapps/v2/24-25/soc/packages/linux-rhel9-x86_64_v3/gcc-11.4.0/gcc-14.2.0-svuh5yskfnrwh537tvxvt642acswwlju:/opt/ros/humble')]), 'shell': False}
[19.331399] (turtlebot3_fake_node) StdoutLine: {'line': b'-- Install configuration: ""\n'}
[19.334489] (turtlebot3_fake_node) StdoutLine: {'line': b'-- Installing: /uolstore/home/users/sc23oy/ros2_ws/src/install/turtlebot3_fake_node/lib/turtlebot3_fake_node/turtlebot3_fake_node\n'}
[19.358755] (-) TimerEvent: {}
[19.406790] (turtlebot3_fake_node) StdoutLine: {'line': b'-- Set runtime path of "/uolstore/home/users/sc23oy/ros2_ws/src/install/turtlebot3_fake_node/lib/turtlebot3_fake_node/turtlebot3_fake_node" to ""\n'}
[19.407285] (turtlebot3_fake_node) StdoutLine: {'line': b'-- Installing: /uolstore/home/users/sc23oy/ros2_ws/src/install/turtlebot3_fake_node/share/turtlebot3_fake_node/launch\n'}
[19.411826] (turtlebot3_fake_node) StdoutLine: {'line': b'-- Installing: /uolstore/home/users/sc23oy/ros2_ws/src/install/turtlebot3_fake_node/share/turtlebot3_fake_node/launch/rviz2.launch.py\n'}
[19.418271] (turtlebot3_fake_node) StdoutLine: {'line': b'-- Installing: /uolstore/home/users/sc23oy/ros2_ws/src/install/turtlebot3_fake_node/share/turtlebot3_fake_node/launch/turtlebot3_fake_node.launch.py\n'}
[19.424458] (turtlebot3_fake_node) StdoutLine: {'line': b'-- Installing: /uolstore/home/users/sc23oy/ros2_ws/src/install/turtlebot3_fake_node/share/turtlebot3_fake_node/param\n'}
[19.427879] (turtlebot3_fake_node) StdoutLine: {'line': b'-- Installing: /uolstore/home/users/sc23oy/ros2_ws/src/install/turtlebot3_fake_node/share/turtlebot3_fake_node/param/burger.yaml\n'}
[19.434203] (turtlebot3_fake_node) StdoutLine: {'line': b'-- Installing: /uolstore/home/users/sc23oy/ros2_ws/src/install/turtlebot3_fake_node/share/turtlebot3_fake_node/param/waffle.yaml\n'}
[19.440185] (turtlebot3_fake_node) StdoutLine: {'line': b'-- Installing: /uolstore/home/users/sc23oy/ros2_ws/src/install/turtlebot3_fake_node/share/turtlebot3_fake_node/param/waffle_pi.yaml\n'}
[19.446123] (turtlebot3_fake_node) StdoutLine: {'line': b'-- Installing: /uolstore/home/users/sc23oy/ros2_ws/src/install/turtlebot3_fake_node/include/\n'}
[19.448754] (turtlebot3_fake_node) StdoutLine: {'line': b'-- Installing: /uolstore/home/users/sc23oy/ros2_ws/src/install/turtlebot3_fake_node/include//turtlebot3_fake_node\n'}
[19.451973] (turtlebot3_fake_node) StdoutLine: {'line': b'-- Installing: /uolstore/home/users/sc23oy/ros2_ws/src/install/turtlebot3_fake_node/include//turtlebot3_fake_node/turtlebot3_fake_node.hpp\n'}
[19.458819] (-) TimerEvent: {}
[19.461384] (turtlebot3_fake_node) StdoutLine: {'line': b'-- Installing: /uolstore/home/users/sc23oy/ros2_ws/src/install/turtlebot3_fake_node/share/ament_index/resource_index/package_run_dependencies/turtlebot3_fake_node\n'}
[19.469760] (turtlebot3_fake_node) StdoutLine: {'line': b'-- Installing: /uolstore/home/users/sc23oy/ros2_ws/src/install/turtlebot3_fake_node/share/ament_index/resource_index/parent_prefix_path/turtlebot3_fake_node\n'}
[19.477665] (turtlebot3_fake_node) StdoutLine: {'line': b'-- Installing: /uolstore/home/users/sc23oy/ros2_ws/src/install/turtlebot3_fake_node/share/turtlebot3_fake_node/environment/ament_prefix_path.sh\n'}
[19.482619] (turtlebot3_fake_node) StdoutLine: {'line': b'-- Installing: /uolstore/home/users/sc23oy/ros2_ws/src/install/turtlebot3_fake_node/share/turtlebot3_fake_node/environment/ament_prefix_path.dsv\n'}
[19.488234] (turtlebot3_fake_node) StdoutLine: {'line': b'-- Installing: /uolstore/home/users/sc23oy/ros2_ws/src/install/turtlebot3_fake_node/share/turtlebot3_fake_node/environment/path.sh\n'}
[19.493070] (turtlebot3_fake_node) StdoutLine: {'line': b'-- Installing: /uolstore/home/users/sc23oy/ros2_ws/src/install/turtlebot3_fake_node/share/turtlebot3_fake_node/environment/path.dsv\n'}
[19.498862] (turtlebot3_fake_node) StdoutLine: {'line': b'-- Installing: /uolstore/home/users/sc23oy/ros2_ws/src/install/turtlebot3_fake_node/share/turtlebot3_fake_node/local_setup.bash\n'}
[19.504924] (turtlebot3_fake_node) StdoutLine: {'line': b'-- Installing: /uolstore/home/users/sc23oy/ros2_ws/src/install/turtlebot3_fake_node/share/turtlebot3_fake_node/local_setup.sh\n'}
[19.511306] (turtlebot3_fake_node) StdoutLine: {'line': b'-- Installing: /uolstore/home/users/sc23oy/ros2_ws/src/install/turtlebot3_fake_node/share/turtlebot3_fake_node/local_setup.zsh\n'}
[19.517742] (turtlebot3_fake_node) StdoutLine: {'line': b'-- Installing: /uolstore/home/users/sc23oy/ros2_ws/src/install/turtlebot3_fake_node/share/turtlebot3_fake_node/local_setup.dsv\n'}
[19.523948] (turtlebot3_fake_node) StdoutLine: {'line': b'-- Installing: /uolstore/home/users/sc23oy/ros2_ws/src/install/turtlebot3_fake_node/share/turtlebot3_fake_node/package.dsv\n'}
[19.532142] (turtlebot3_fake_node) StdoutLine: {'line': b'-- Installing: /uolstore/home/users/sc23oy/ros2_ws/src/install/turtlebot3_fake_node/share/ament_index/resource_index/packages/turtlebot3_fake_node\n'}
[19.539038] (turtlebot3_fake_node) StdoutLine: {'line': b'-- Installing: /uolstore/home/users/sc23oy/ros2_ws/src/install/turtlebot3_fake_node/share/turtlebot3_fake_node/cmake/ament_cmake_export_include_directories-extras.cmake\n'}
[19.544554] (turtlebot3_fake_node) StdoutLine: {'line': b'-- Installing: /uolstore/home/users/sc23oy/ros2_ws/src/install/turtlebot3_fake_node/share/turtlebot3_fake_node/cmake/ament_cmake_export_dependencies-extras.cmake\n'}
[19.550227] (turtlebot3_fake_node) StdoutLine: {'line': b'-- Installing: /uolstore/home/users/sc23oy/ros2_ws/src/install/turtlebot3_fake_node/share/turtlebot3_fake_node/cmake/turtlebot3_fake_nodeConfig.cmake\n'}
[19.556294] (turtlebot3_fake_node) StdoutLine: {'line': b'-- Installing: /uolstore/home/users/sc23oy/ros2_ws/src/install/turtlebot3_fake_node/share/turtlebot3_fake_node/cmake/turtlebot3_fake_nodeConfig-version.cmake\n'}
[19.558895] (-) TimerEvent: {}
[19.562361] (turtlebot3_fake_node) StdoutLine: {'line': b'-- Installing: /uolstore/home/users/sc23oy/ros2_ws/src/install/turtlebot3_fake_node/share/turtlebot3_fake_node/package.xml\n'}
[19.571096] (turtlebot3_fake_node) CommandEnded: {'returncode': 0}
[19.659064] (-) TimerEvent: {}
[19.759429] (-) TimerEvent: {}
[19.859814] (-) TimerEvent: {}
[19.869325] (turtlebot3_fake_node) JobEnded: {'identifier': 'turtlebot3_fake_node', 'rc': 0}
[19.959926] (-) TimerEvent: {}
[20.060235] (-) TimerEvent: {}
[20.160552] (-) TimerEvent: {}
[20.260864] (-) TimerEvent: {}
[20.361176] (-) TimerEvent: {}
[20.461492] (-) TimerEvent: {}
[20.561807] (-) TimerEvent: {}
[20.662122] (-) TimerEvent: {}
[20.762432] (-) TimerEvent: {}
[20.862740] (-) TimerEvent: {}
[20.963054] (-) TimerEvent: {}
[21.063369] (-) TimerEvent: {}
[21.163680] (-) TimerEvent: {}
[21.263997] (-) TimerEvent: {}
[21.364312] (-) TimerEvent: {}
[21.464618] (-) TimerEvent: {}
[21.564932] (-) TimerEvent: {}
[21.665236] (-) TimerEvent: {}
[21.765545] (-) TimerEvent: {}
[21.865850] (-) TimerEvent: {}
[21.966154] (-) TimerEvent: {}
[22.066457] (-) TimerEvent: {}
[22.149720] (turtlebot3_gazebo) StdoutLine: {'line': b'[ 62%] \x1b[32m\x1b[1mLinking CXX executable turtlebot3_drive\x1b[0m\n'}
[22.166524] (-) TimerEvent: {}
[22.266791] (-) TimerEvent: {}
[22.367096] (-) TimerEvent: {}
[22.467399] (-) TimerEvent: {}
[22.567707] (-) TimerEvent: {}
[22.606843] (turtlebot3_gazebo) StdoutLine: {'line': b'[ 75%] \x1b[32m\x1b[1mLinking CXX shared library libobstacle1.so\x1b[0m\n'}
[22.667834] (-) TimerEvent: {}
[22.713494] (turtlebot3_gazebo) StdoutLine: {'line': b'[ 87%] \x1b[32m\x1b[1mLinking CXX shared library libobstacle2.so\x1b[0m\n'}
[22.767949] (-) TimerEvent: {}
[22.868280] (-) TimerEvent: {}
[22.890680] (turtlebot3_gazebo) StdoutLine: {'line': b'[100%] \x1b[32m\x1b[1mLinking CXX shared library libobstacles.so\x1b[0m\n'}
[22.968400] (-) TimerEvent: {}
[23.009913] (turtlebot3_gazebo) StdoutLine: {'line': b'[100%] Built target turtlebot3_drive\n'}
[23.068499] (-) TimerEvent: {}
[23.168800] (-) TimerEvent: {}
[23.174818] (turtlebot3_gazebo) StdoutLine: {'line': b'[100%] Built target obstacle2\n'}
[23.176238] (turtlebot3_gazebo) StdoutLine: {'line': b'[100%] Built target obstacle1\n'}
[23.268843] (-) TimerEvent: {}
[23.276905] (turtlebot3_gazebo) StdoutLine: {'line': b'[100%] Built target obstacles\n'}
[23.306436] (turtlebot3_gazebo) CommandEnded: {'returncode': 0}
[23.368957] (-) TimerEvent: {}
[23.377269] (turtlebot3_gazebo) JobProgress: {'identifier': 'turtlebot3_gazebo', 'progress': 'install'}
[23.378454] (turtlebot3_gazebo) Command: {'cmd': ['/usr/bin/cmake', '--install', '/uolstore/home/users/sc23oy/ros2_ws/src/build/turtlebot3_gazebo'], 'cwd': '/uolstore/home/users/sc23oy/ros2_ws/src/build/turtlebot3_gazebo', 'env': OrderedDict([('LESSOPEN', '||/usr/bin/lesspipe.sh %s'), ('LMOD_DIR', '/usr/share/lmod/lmod/libexec'), ('MAIL', '/var/spool/mail/sc23oy'), ('USER', 'sc23oy'), ('__LMOD_REF_COUNT_CMAKE_PREFIX_PATH', '/uollinapps/v2/24-25/soc/packages/linux-rhel9-x86_64_v3/gcc-11.4.0/gcc-14.2.0-svuh5yskfnrwh537tvxvt642acswwlju:1'), ('HOSTNAME', 'feng-linux-07.leeds.ac.uk'), ('XDG_SESSION_TYPE', 'x11'), ('MPI_FORTRAN_MOD_DIR', '/usr/lib64/gfortran/modules/openmpi'), ('GIT_ASKPASS', '/usr/share/code/resources/app/extensions/git/dist/askpass.sh'), ('LMOD_PKG', '/usr/share/lmod/lmod'), ('SHLVL', '3'), ('LD_LIBRARY_PATH', '/usr/lib/x86_64-linux-gnu/gazebo-11/plugins:/opt/ros/humble/opt/rviz_ogre_vendor/lib:/opt/ros/humble/lib/x86_64-linux-gnu:/opt/ros/humble/lib:/.singularity.d/libs:/usr/lib/x86_64-linux-gnu/gazebo-11/plugins:'), ('MPI_INCLUDE', '/usr/include/openmpi-x86_64'), ('HOME', '/uolstore/home/users/sc23oy'), ('CHROME_DESKTOP', 'code-url-handler.desktop'), ('OLDPWD', '/uolstore/home/users/sc23oy/ros2_ws'), ('TERM_PROGRAM_VERSION', '1.86.2'), ('DESKTOP_SESSION', 'gnome'), ('USER_PATH', '/usr/lib64/openmpi/bin:/usr/lib64/qt6/bin:/uollinapps/v2/24-25/soc/packages/linux-rhel9-x86_64_v3/gcc-11.4.0/gcc-14.2.0-svuh5yskfnrwh537tvxvt642acswwlju/bin:/uolstore/home/users/sc23oy/.local/bin:/uolstore/home/users/sc23oy/bin:/usr/local/bin:/usr/local/sbin:/usr/bin:/usr/sbin:/opt/puppetlabs/bin:/bin:/usr/bin:/sbin:/usr/sbin:/usr/local/bin:/usr/local/sbin'), ('__LMOD_REF_COUNT_PKG_CONFIG_PATH', '/usr/lib64/openmpi/lib/pkgconfig:1'), ('GAZEBO_MASTER_URI', 'http://localhost:11345'), ('ROS_PYTHON_VERSION', '3'), ('FPATH', '/usr/share/lmod/lmod/init/ksh_funcs'), ('FC', '/uollinapps/v2/24-25/soc/packages/linux-rhel9-x86_64_v3/gcc-11.4.0/gcc-14.2.0-svuh5yskfnrwh537tvxvt642acswwlju/bin/gfortran'), ('VSCODE_GIT_ASKPASS_MAIN', '/usr/share/code/resources/app/extensions/git/dist/askpass-main.js'), ('PS1', '\\[\x1b]633;A\x07\\][COMP3631] Singularity> \\w $ \\[\x1b]633;B\x07\\]'), ('VSCODE_GIT_ASKPASS_NODE', '/usr/share/code/code'), ('MPI_PYTHON3_SITEARCH', '/usr/lib64/python3.9/site-packages/openmpi'), ('LMOD_FAMILY_COMPILER_VERSION', '14.2.0'), ('_LMFILES_', '/uollinapps/v2/current/soc/spack/el9/Core/gcc/14.2.0.lua:/usr/share/modulefiles/mpi/openmpi-x86_64'), ('DBUS_SESSION_BUS_ADDRESS', 'unix:abstract=/tmp/dbus-8qGMb8aiOx,guid=2ad71e69851b37c21bae78fe69eca169'), ('COLORTERM', 'truecolor'), ('APPTAINER_ENVIRONMENT', '/.singularity.d/env/91-environment.sh'), ('__LMOD_REF_COUNT_PATH', '/usr/lib64/openmpi/bin:1;/usr/lib64/qt6/bin:2;/uollinapps/v2/24-25/soc/packages/linux-rhel9-x86_64_v3/gcc-11.4.0/gcc-14.2.0-svuh5yskfnrwh537tvxvt642acswwlju/bin:1;/uolstore/home/users/sc23oy/.local/bin:1;/uolstore/home/users/sc23oy/bin:1;/usr/local/bin:1;/usr/local/sbin:1;/usr/bin:1;/usr/sbin:1;/opt/puppetlabs/bin:1'), ('LMOD_sys', 'Linux'), ('F77', '/uollinapps/v2/24-25/soc/packages/linux-rhel9-x86_64_v3/gcc-11.4.0/gcc-14.2.0-svuh5yskfnrwh537tvxvt642acswwlju/bin/gfortran'), ('which_declare', 'declare -f'), ('COLCON_PREFIX_PATH', '/uolstore/home/users/sc23oy/ros2_ws/install'), ('ROS_DISTRO', 'humble'), ('SINGULARITY_ENVIRONMENT', '/.singularity.d/env/91-environment.sh'), ('LOGNAME', 'sc23oy'), ('MPI_COMPILER', 'openmpi-x86_64'), ('LMOD_VERSION', '8.7.65'), ('_', '/usr/bin/colcon'), ('ROS_VERSION', '2'), ('MPI_LIB', '/usr/lib64/openmpi/lib'), ('PKG_CONFIG_PATH', '/usr/lib64/openmpi/lib/pkgconfig'), ('XDG_SESSION_CLASS', 'user'), ('USERNAME', 'sc23oy'), ('TERM', 'xterm-256color'), ('GAZEBO_MODEL_PATH', '/usr/share/gazebo-11/models:'), ('MPI_BIN', '/usr/lib64/openmpi/bin'), ('ROS_LOCALHOST_ONLY', '1'), ('HISTCONTROL', 'ignoredups'), ('OGRE_RESOURCE_PATH', '/usr/lib/x86_64-linux-gnu/OGRE-1.9.0'), ('PATH', '/opt/ros/humble/bin:/usr/lib64/qt6/bin:/uolstore/home/users/sc23oy/.local/bin:/uolstore/home/users/sc23oy/bin:/usr/local/sbin:/usr/local/bin:/usr/sbin:/usr/bin:/sbin:/bin'), ('MPI_HOME', '/usr/lib64/openmpi'), ('GDM_LANG', 'en_GB.UTF-8'), ('APPTAINER_COMMAND', 'shell'), ('LMOD_SETTARG_FULL_SUPPORT', 'no'), ('__LMOD_REF_COUNT_LD_LIBRARY_PATH', '/usr/lib64/openmpi/lib:1'), ('XDG_MENU_PREFIX', 'gnome-'), ('GNOME_TERMINAL_SCREEN', '/org/gnome/Terminal/screen/3e198ced_e144_4c1b_ba88_d3f0aa723bad'), ('XDG_RUNTIME_DIR', '/run/user/604234'), ('MPI_MAN', '/usr/share/man/openmpi-x86_64'), ('GDK_BACKEND', 'x11'), ('DISPLAY', ':1'), ('HISTSIZE', '1000'), ('APPTAINER_APPNAME', ''), ('LANG', 'en_US.UTF-8'), ('XDG_CURRENT_DESKTOP', 'GNOME'), ('LMOD_ROOT', '/usr/share/lmod'), ('XMODIFIERS', '@im=ibus'), ('XDG_SESSION_DESKTOP', 'gnome'), ('XAUTHORITY', '/run/gdm/auth-for-sc23oy-AYJ5N3/database'), ('LS_COLORS', 'rs=0:di=01;34:ln=01;36:mh=00:pi=40;33:so=01;35:do=01;35:bd=40;33;01:cd=40;33;01:or=40;31;01:mi=01;37;41:su=37;41:sg=30;43:ca=30;41:tw=30;42:ow=34;42:st=37;44:ex=01;32:*.tar=01;31:*.tgz=01;31:*.arc=01;31:*.arj=01;31:*.taz=01;31:*.lha=01;31:*.lz4=01;31:*.lzh=01;31:*.lzma=01;31:*.tlz=01;31:*.txz=01;31:*.tzo=01;31:*.t7z=01;31:*.zip=01;31:*.z=01;31:*.dz=01;31:*.gz=01;31:*.lrz=01;31:*.lz=01;31:*.lzo=01;31:*.xz=01;31:*.zst=01;31:*.tzst=01;31:*.bz2=01;31:*.bz=01;31:*.tbz=01;31:*.tbz2=01;31:*.tz=01;31:*.deb=01;31:*.rpm=01;31:*.jar=01;31:*.war=01;31:*.ear=01;31:*.sar=01;31:*.rar=01;31:*.alz=01;31:*.ace=01;31:*.zoo=01;31:*.cpio=01;31:*.7z=01;31:*.rz=01;31:*.cab=01;31:*.wim=01;31:*.swm=01;31:*.dwm=01;31:*.esd=01;31:*.jpg=01;35:*.jpeg=01;35:*.mjpg=01;35:*.mjpeg=01;35:*.gif=01;35:*.bmp=01;35:*.pbm=01;35:*.pgm=01;35:*.ppm=01;35:*.tga=01;35:*.xbm=01;35:*.xpm=01;35:*.tif=01;35:*.tiff=01;35:*.png=01;35:*.svg=01;35:*.svgz=01;35:*.mng=01;35:*.pcx=01;35:*.mov=01;35:*.mpg=01;35:*.mpeg=01;35:*.m2v=01;35:*.mkv=01;35:*.webm=01;35:*.webp=01;35:*.ogm=01;35:*.mp4=01;35:*.m4v=01;35:*.mp4v=01;35:*.vob=01;35:*.qt=01;35:*.nuv=01;35:*.wmv=01;35:*.asf=01;35:*.rm=01;35:*.rmvb=01;35:*.flc=01;35:*.avi=01;35:*.fli=01;35:*.flv=01;35:*.gl=01;35:*.dl=01;35:*.xcf=01;35:*.xwd=01;35:*.yuv=01;35:*.cgm=01;35:*.emf=01;35:*.ogv=01;35:*.ogx=01;35:*.aac=01;36:*.au=01;36:*.flac=01;36:*.m4a=01;36:*.mid=01;36:*.midi=01;36:*.mka=01;36:*.mp3=01;36:*.mpc=01;36:*.ogg=01;36:*.ra=01;36:*.wav=01;36:*.oga=01;36:*.opus=01;36:*.spx=01;36:*.xspf=01;36:'), ('VSCODE_GIT_IPC_HANDLE', '/run/user/604234/vscode-git-8fb86e4b5d.sock'), ('GNOME_TERMINAL_SERVICE', ':1.59'), ('TERM_PROGRAM', 'vscode'), ('ROS_DOMAIN_ID', '30'), ('AMENT_PREFIX_PATH', '/opt/ros/humble'), ('ORIGINAL_XDG_CURRENT_DESKTOP', 'GNOME'), ('SHELL', '/bin/bash'), ('KRB5CCNAME', 'KEYRING:persistent:604234'), ('MPI_SYSCONFIG', '/etc/openmpi-x86_64'), ('MODULEPATH_ROOT', '/usr/share/modulefiles'), ('NO_AT_BRIDGE', '1'), ('CXX', '/usr/bin/g++'), ('GDMSESSION', 'gnome'), ('APPTAINER_CONTAINER', '/vol/scratch/SoC/COMP3631/comp3631.simg'), ('APPTAINER_BIND', '/run/user/604234,/etc/localtime'), ('LMOD_FAMILY_COMPILER', 'gcc'), ('LMOD_CMD', '/usr/share/lmod/lmod/libexec/lmod'), ('_ModuleTable_Sz_', '4'), ('GAZEBO_RESOURCE_PATH', '/usr/share/gazebo-11:'), ('GAZEBO_MODEL_DATABASE_URI', 'http://models.gazebosim.org'), ('SINGULARITY_CONTAINER', '/vol/scratch/SoC/COMP3631/comp3631.simg'), ('VSCODE_GIT_ASKPASS_EXTRA_ARGS', ''), ('BASH_ENV', '/usr/share/lmod/lmod/init/bash'), ('QT_IM_MODULE', 'ibus'), ('SINGULARITY_BIND', '/run/user/604234,/etc/localtime'), ('_ModuleTable001_', 'X01vZHVsZVRhYmxlXyA9IHsKTVR2ZXJzaW9uID0gMywKY19yZWJ1aWxkVGltZSA9IGZhbHNlLApjX3Nob3J0VGltZSA9IGZhbHNlLApkZXB0aFQgPSB7fSwKZmFtaWx5ID0gewpjb21waWxlciA9ICJnY2MiLAp9LAptVCA9IHsKZ2NjID0gewphY3Rpb25BID0gewpbW3ByZXBlbmRfcGF0aCgiTU9EVUxFUEFUSCIsIi91b2xsaW5hcHBzL3YyLzI0LTI1L3NvYy9zcGFjay9lbDkvZ2NjLzE0LjIuMCIpXV0sCn0sCmZuID0gIi91b2xsaW5hcHBzL3YyL2N1cnJlbnQvc29jL3NwYWNrL2VsOS9Db3JlL2djYy8xNC4yLjAubHVhIiwKZnVsbE5hbWUgPSAiZ2NjLzE0LjIuMCIsCmxvYWRPcmRlciA9IDEsCnByb3BUID0ge30sCnN0YWNrRGVwdGggPSAwLApzdGF0dXMgPSAiYWN0aXZlIiwK'), ('DEBUGINFOD_IMA_CERT_PATH', '/etc/keys/ima:'), ('_ModuleTable002_', 'dXNlck5hbWUgPSAiZ2NjIiwKd1YgPSAiMDAwMDAwMDE0LjAwMDAwMDAwMi4qemZpbmFsIiwKfSwKbXBpID0gewpmbiA9ICIvdXNyL3NoYXJlL21vZHVsZWZpbGVzL21waS9vcGVubXBpLXg4Nl82NCIsCmZ1bGxOYW1lID0gIm1waS9vcGVubXBpLXg4Nl82NCIsCmxvYWRPcmRlciA9IDIsCnByb3BUID0ge30sCnN0YWNrRGVwdGggPSAwLApzdGF0dXMgPSAiYWN0aXZlIiwKdXNlck5hbWUgPSAibXBpIiwKd1YgPSAiKm9wZW5tcGkuKnguMDAwMDAwMDg2LipfLjAwMDAwMDA2NC4qemZpbmFsIiwKfSwKfSwKbXBhdGhBID0gewoiL3VvbGxpbmFwcHMvdjIvMjQtMjUvc29jL3NwYWNrL2VsOS9nY2MvMTQuMi4wIiwgIi9ldGMvc2NsL21vZHVsZWZpbGVzIgosICIvdXNyL3NoYXJlL21v'), ('PWD', '/uolstore/home/users/sc23oy/ros2_ws/src/build/turtlebot3_gazebo'), ('LOADEDMODULES', 'gcc/14.2.0:mpi/openmpi-x86_64'), ('TURTLEBOT3_MODEL', 'burger'), ('APPTAINER_NAME', 'comp3631.simg'), ('GAZEBO_PLUGIN_PATH', '/usr/lib/x86_64-linux-gnu/gazebo-11/plugins:'), ('_ModuleTable003_', 'ZHVsZWZpbGVzIiwgIi91b2xsaW5hcHBzL3YyL2N1cnJlbnQvdW9sL3NwYWNrL2VsOS9Db3JlIgosICIvdW9sbGluYXBwcy92Mi9jdXJyZW50L3VvbC9vdGhlci9lbDkiCiwgIi91b2xsaW5hcHBzL3YyL2N1cnJlbnQvc29jL3NwYWNrL2VsOS9Db3JlIgosICIvdW9sbGluYXBwcy92Mi9jdXJyZW50L3NvYy9vdGhlciIsICIvdXNyL3NoYXJlL21vZHVsZWZpbGVzL0xpbnV4IgosICIvdXNyL3NoYXJlL21vZHVsZWZpbGVzL0NvcmUiLCAiL3Vzci9zaGFyZS9sbW9kL2xtb2QvbW9kdWxlZmlsZXMvQ29yZSIsCn0sCnN5c3RlbUJhc2VNUEFUSCA9ICIvZXRjL3NjbC9tb2R1bGVmaWxlczovdXNyL3NoYXJlL21vZHVsZWZpbGVzOi91b2xsaW5hcHBzL3YyL2N1cnJlbnQvdW9sL3NwYWNr'), ('XDG_DATA_DIRS', '/uolstore/home/users/sc23oy/.local/share/flatpak/exports/share:/var/lib/flatpak/exports/share:/usr/local/share:/usr/share'), ('PYTHONPATH', '/opt/ros/humble/lib/python3.10/site-packages:/opt/ros/humble/local/lib/python3.10/dist-packages'), ('_ModuleTable004_', 'L2VsOS9Db3JlOi91b2xsaW5hcHBzL3YyL2N1cnJlbnQvdW9sL290aGVyL2VsOTovdW9sbGluYXBwcy92Mi9jdXJyZW50L3NvYy9zcGFjay9lbDkvQ29yZTovdW9sbGluYXBwcy92Mi9jdXJyZW50L3NvYy9vdGhlcjovdXNyL3NoYXJlL21vZHVsZWZpbGVzL0xpbnV4Oi91c3Ivc2hhcmUvbW9kdWxlZmlsZXMvQ29yZTovdXNyL3NoYXJlL2xtb2QvbG1vZC9tb2R1bGVmaWxlcy9Db3JlIiwKfQo='), ('SINGULARITY_NAME', 'comp3631.simg'), ('CC', '/usr/bin/gcc'), ('COLCON', '1'), ('__LMOD_REF_COUNT_MODULEPATH', '/uollinapps/v2/24-25/soc/spack/el9/gcc/14.2.0:1;/etc/scl/modulefiles:2;/usr/share/modulefiles:1;/uollinapps/v2/current/uol/spack/el9/Core:1;/uollinapps/v2/current/uol/other/el9:1;/uollinapps/v2/current/soc/spack/el9/Core:1;/uollinapps/v2/current/soc/other:1;/usr/share/modulefiles/Linux:1;/usr/share/modulefiles/Core:1;/usr/share/lmod/lmod/modulefiles/Core:1'), ('MANPATH', ':/usr/share/man/openmpi-x86_64:/uollinapps/v2/24-25/soc/packages/linux-rhel9-x86_64_v3/gcc-11.4.0/gcc-14.2.0-svuh5yskfnrwh537tvxvt642acswwlju/share/man:/usr/share/lmod/lmod/share/man:/opt/puppetlabs/puppet/share/man'), ('VTE_VERSION', '6402'), ('MPI_SUFFIX', '_openmpi'), ('__LMOD_REF_COUNT_MANPATH', ':3;/usr/share/man/openmpi-x86_64:1;/uollinapps/v2/24-25/soc/packages/linux-rhel9-x86_64_v3/gcc-11.4.0/gcc-14.2.0-svuh5yskfnrwh537tvxvt642acswwlju/share/man:1;/usr/share/lmod/lmod/share/man:1;/opt/puppetlabs/puppet/share/man:1'), ('MODULEPATH', '/uollinapps/v2/24-25/soc/spack/el9/gcc/14.2.0:/etc/scl/modulefiles:/usr/share/modulefiles:/uollinapps/v2/current/uol/spack/el9/Core:/uollinapps/v2/current/uol/other/el9:/uollinapps/v2/current/soc/spack/el9/Core:/uollinapps/v2/current/soc/other:/usr/share/modulefiles/Linux:/usr/share/modulefiles/Core:/usr/share/lmod/lmod/modulefiles/Core'), ('MODULESHOME', '/usr/share/Modules'), ('CMAKE_PREFIX_PATH', '/uollinapps/v2/24-25/soc/packages/linux-rhel9-x86_64_v3/gcc-11.4.0/gcc-14.2.0-svuh5yskfnrwh537tvxvt642acswwlju:/opt/ros/humble')]), 'shell': False}
[23.397120] (turtlebot3_gazebo) StdoutLine: {'line': b'-- Install configuration: ""\n'}
[23.400294] (turtlebot3_gazebo) StdoutLine: {'line': b'-- Installing: /uolstore/home/users/sc23oy/ros2_ws/src/install/turtlebot3_gazebo/lib/turtlebot3_gazebo/turtlebot3_drive\n'}
[23.469064] (-) TimerEvent: {}
[23.493923] (turtlebot3_gazebo) StdoutLine: {'line': b'-- Set runtime path of "/uolstore/home/users/sc23oy/ros2_ws/src/install/turtlebot3_gazebo/lib/turtlebot3_gazebo/turtlebot3_drive" to ""\n'}
[23.494561] (turtlebot3_gazebo) StdoutLine: {'line': b'-- Installing: /uolstore/home/users/sc23oy/ros2_ws/src/install/turtlebot3_gazebo/share/turtlebot3_gazebo//launch\n'}
[23.499659] (turtlebot3_gazebo) StdoutLine: {'line': b'-- Installing: /uolstore/home/users/sc23oy/ros2_ws/src/install/turtlebot3_gazebo/share/turtlebot3_gazebo//launch/empty_world.launch.py\n'}
[23.506973] (turtlebot3_gazebo) StdoutLine: {'line': b'-- Installing: /uolstore/home/users/sc23oy/ros2_ws/src/install/turtlebot3_gazebo/share/turtlebot3_gazebo//launch/robot_state_publisher.launch.py\n'}
[23.513801] (turtlebot3_gazebo) StdoutLine: {'line': b'-- Installing: /uolstore/home/users/sc23oy/ros2_ws/src/install/turtlebot3_gazebo/share/turtlebot3_gazebo//launch/spawn_turtlebot3.launch.py\n'}
[23.520770] (turtlebot3_gazebo) StdoutLine: {'line': b'-- Installing: /uolstore/home/users/sc23oy/ros2_ws/src/install/turtlebot3_gazebo/share/turtlebot3_gazebo//launch/turtlebot3_dqn_stage1.launch.py\n'}
[23.527443] (turtlebot3_gazebo) StdoutLine: {'line': b'-- Installing: /uolstore/home/users/sc23oy/ros2_ws/src/install/turtlebot3_gazebo/share/turtlebot3_gazebo//launch/turtlebot3_dqn_stage2.launch.py\n'}
[23.534211] (turtlebot3_gazebo) StdoutLine: {'line': b'-- Installing: /uolstore/home/users/sc23oy/ros2_ws/src/install/turtlebot3_gazebo/share/turtlebot3_gazebo//launch/turtlebot3_dqn_stage3.launch.py\n'}
[23.541039] (turtlebot3_gazebo) StdoutLine: {'line': b'-- Installing: /uolstore/home/users/sc23oy/ros2_ws/src/install/turtlebot3_gazebo/share/turtlebot3_gazebo//launch/turtlebot3_dqn_stage4.launch.py\n'}
[23.547685] (turtlebot3_gazebo) StdoutLine: {'line': b'-- Installing: /uolstore/home/users/sc23oy/ros2_ws/src/install/turtlebot3_gazebo/share/turtlebot3_gazebo//launch/turtlebot3_house.launch.py\n'}
[23.554246] (turtlebot3_gazebo) StdoutLine: {'line': b'-- Installing: /uolstore/home/users/sc23oy/ros2_ws/src/install/turtlebot3_gazebo/share/turtlebot3_gazebo//launch/turtlebot3_panorama.launch.py\n'}
[23.560967] (turtlebot3_gazebo) StdoutLine: {'line': b'-- Installing: /uolstore/home/users/sc23oy/ros2_ws/src/install/turtlebot3_gazebo/share/turtlebot3_gazebo//launch/turtlebot3_rgb_world.launch.py\n'}
[23.567816] (turtlebot3_gazebo) StdoutLine: {'line': b'-- Installing: /uolstore/home/users/sc23oy/ros2_ws/src/install/turtlebot3_gazebo/share/turtlebot3_gazebo//launch/turtlebot3_space.launch.py\n'}
[23.569140] (-) TimerEvent: {}
[23.574447] (turtlebot3_gazebo) StdoutLine: {'line': b'-- Installing: /uolstore/home/users/sc23oy/ros2_ws/src/install/turtlebot3_gazebo/share/turtlebot3_gazebo//launch/turtlebot3_world.launch.py\n'}
[23.581139] (turtlebot3_gazebo) StdoutLine: {'line': b'-- Installing: /uolstore/home/users/sc23oy/ros2_ws/src/install/turtlebot3_gazebo/share/turtlebot3_gazebo//launch/turtlebot3_task_world_2026.launch.py\n'}
[23.587801] (turtlebot3_gazebo) StdoutLine: {'line': b'-- Installing: /uolstore/home/users/sc23oy/ros2_ws/src/install/turtlebot3_gazebo/share/turtlebot3_gazebo//models\n'}
[23.591980] (turtlebot3_gazebo) StdoutLine: {'line': b'-- Installing: /uolstore/home/users/sc23oy/ros2_ws/src/install/turtlebot3_gazebo/share/turtlebot3_gazebo//models/brick_box_3x1x3\n'}
[23.596036] (turtlebot3_gazebo) StdoutLine: {'line': b'-- Installing: /uolstore/home/users/sc23oy/ros2_ws/src/install/turtlebot3_gazebo/share/turtlebot3_gazebo//models/brick_box_3x1x3/materials\n'}
[23.600142] (turtlebot3_gazebo) StdoutLine: {'line': b'-- Installing: /uolstore/home/users/sc23oy/ros2_ws/src/install/turtlebot3_gazebo/share/turtlebot3_gazebo//models/brick_box_3x1x3/materials/scripts\n'}
[23.604879] (turtlebot3_gazebo) StdoutLine: {'line': b'-- Installing: /uolstore/home/users/sc23oy/ros2_ws/src/install/turtlebot3_gazebo/share/turtlebot3_gazebo//models/brick_box_3x1x3/materials/scripts/brick_box.material\n'}
[23.611247] (turtlebot3_gazebo) StdoutLine: {'line': b'-- Installing: /uolstore/home/users/sc23oy/ros2_ws/src/install/turtlebot3_gazebo/share/turtlebot3_gazebo//models/brick_box_3x1x3/materials/textures\n'}
[23.615814] (turtlebot3_gazebo) StdoutLine: {'line': b'-- Installing: /uolstore/home/users/sc23oy/ros2_ws/src/install/turtlebot3_gazebo/share/turtlebot3_gazebo//models/brick_box_3x1x3/materials/textures/simple_box.png\n'}
[23.622914] (turtlebot3_gazebo) StdoutLine: {'line': b'-- Installing: /uolstore/home/users/sc23oy/ros2_ws/src/install/turtlebot3_gazebo/share/turtlebot3_gazebo//models/brick_box_3x1x3/meshes\n'}
[23.627381] (turtlebot3_gazebo) StdoutLine: {'line': b'-- Installing: /uolstore/home/users/sc23oy/ros2_ws/src/install/turtlebot3_gazebo/share/turtlebot3_gazebo//models/brick_box_3x1x3/meshes/simple_box.dae\n'}
[23.634701] (turtlebot3_gazebo) StdoutLine: {'line': b'-- Installing: /uolstore/home/users/sc23oy/ros2_ws/src/install/turtlebot3_gazebo/share/turtlebot3_gazebo//models/brick_box_3x1x3/model-1_3.sdf\n'}
[23.641327] (turtlebot3_gazebo) StdoutLine: {'line': b'-- Installing: /uolstore/home/users/sc23oy/ros2_ws/src/install/turtlebot3_gazebo/share/turtlebot3_gazebo//models/brick_box_3x1x3/model-1_4.sdf\n'}
[23.647854] (turtlebot3_gazebo) StdoutLine: {'line': b'-- Installing: /uolstore/home/users/sc23oy/ros2_ws/src/install/turtlebot3_gazebo/share/turtlebot3_gazebo//models/brick_box_3x1x3/model.config\n'}
[23.654345] (turtlebot3_gazebo) StdoutLine: {'line': b'-- Installing: /uolstore/home/users/sc23oy/ros2_ws/src/install/turtlebot3_gazebo/share/turtlebot3_gazebo//models/brick_box_3x1x3/model.sdf\n'}
[23.660418] (turtlebot3_gazebo) StdoutLine: {'line': b'-- Installing: /uolstore/home/users/sc23oy/ros2_ws/src/install/turtlebot3_gazebo/share/turtlebot3_gazebo//models/green_image\n'}
[23.664642] (turtlebot3_gazebo) StdoutLine: {'line': b'-- Installing: /uolstore/home/users/sc23oy/ros2_ws/src/install/turtlebot3_gazebo/share/turtlebot3_gazebo//models/green_image/materials\n'}
[23.669016] (turtlebot3_gazebo) StdoutLine: {'line': b'-- Installing: /uolstore/home/users/sc23oy/ros2_ws/src/install/turtlebot3_gazebo/share/turtlebot3_gazebo//models/green_image/materials/scripts\n'}
[23.669199] (-) TimerEvent: {}
[23.673768] (turtlebot3_gazebo) StdoutLine: {'line': b'-- Installing: /uolstore/home/users/sc23oy/ros2_ws/src/install/turtlebot3_gazebo/share/turtlebot3_gazebo//models/green_image/materials/scripts/green_image.material\n'}
[23.680148] (turtlebot3_gazebo) StdoutLine: {'line': b'-- Installing: /uolstore/home/users/sc23oy/ros2_ws/src/install/turtlebot3_gazebo/share/turtlebot3_gazebo//models/green_image/materials/textures\n'}
[23.684447] (turtlebot3_gazebo) StdoutLine: {'line': b'-- Installing: /uolstore/home/users/sc23oy/ros2_ws/src/install/turtlebot3_gazebo/share/turtlebot3_gazebo//models/green_image/materials/textures/green_image.jpg\n'}
[23.692887] (turtlebot3_gazebo) StdoutLine: {'line': b'-- Installing: /uolstore/home/users/sc23oy/ros2_ws/src/install/turtlebot3_gazebo/share/turtlebot3_gazebo//models/green_image/model.config\n'}
[23.698804] (turtlebot3_gazebo) StdoutLine: {'line': b'-- Installing: /uolstore/home/users/sc23oy/ros2_ws/src/install/turtlebot3_gazebo/share/turtlebot3_gazebo//models/green_image/model.sdf\n'}
[23.704903] (turtlebot3_gazebo) StdoutLine: {'line': b'-- Installing: /uolstore/home/users/sc23oy/ros2_ws/src/install/turtlebot3_gazebo/share/turtlebot3_gazebo//models/grey_wall_medium\n'}
[23.708944] (turtlebot3_gazebo) StdoutLine: {'line': b'-- Installing: /uolstore/home/users/sc23oy/ros2_ws/src/install/turtlebot3_gazebo/share/turtlebot3_gazebo//models/grey_wall_medium/materials\n'}
[23.713431] (turtlebot3_gazebo) StdoutLine: {'line': b'-- Installing: /uolstore/home/users/sc23oy/ros2_ws/src/install/turtlebot3_gazebo/share/turtlebot3_gazebo//models/grey_wall_medium/materials/scripts\n'}
[23.718218] (turtlebot3_gazebo) StdoutLine: {'line': b'-- Installing: /uolstore/home/users/sc23oy/ros2_ws/src/install/turtlebot3_gazebo/share/turtlebot3_gazebo//models/grey_wall_medium/materials/scripts/grey_wall.material\n'}
[23.724611] (turtlebot3_gazebo) StdoutLine: {'line': b'-- Installing: /uolstore/home/users/sc23oy/ros2_ws/src/install/turtlebot3_gazebo/share/turtlebot3_gazebo//models/grey_wall_medium/materials/textures\n'}
[23.729104] (turtlebot3_gazebo) StdoutLine: {'line': b'-- Installing: /uolstore/home/users/sc23oy/ros2_ws/src/install/turtlebot3_gazebo/share/turtlebot3_gazebo//models/grey_wall_medium/materials/textures/dull_gray.png\n'}
[23.736362] (turtlebot3_gazebo) StdoutLine: {'line': b'-- Installing: /uolstore/home/users/sc23oy/ros2_ws/src/install/turtlebot3_gazebo/share/turtlebot3_gazebo//models/grey_wall_medium/model-1_3.sdf\n'}
[23.742799] (turtlebot3_gazebo) StdoutLine: {'line': b'-- Installing: /uolstore/home/users/sc23oy/ros2_ws/src/install/turtlebot3_gazebo/share/turtlebot3_gazebo//models/grey_wall_medium/model-1_4.sdf\n'}
[23.748964] (turtlebot3_gazebo) StdoutLine: {'line': b'-- Installing: /uolstore/home/users/sc23oy/ros2_ws/src/install/turtlebot3_gazebo/share/turtlebot3_gazebo//models/grey_wall_medium/model.config\n'}
[23.755424] (turtlebot3_gazebo) StdoutLine: {'line': b'-- Installing: /uolstore/home/users/sc23oy/ros2_ws/src/install/turtlebot3_gazebo/share/turtlebot3_gazebo//models/grey_wall_medium/model.sdf\n'}
[23.761584] (turtlebot3_gazebo) StdoutLine: {'line': b'-- Installing: /uolstore/home/users/sc23oy/ros2_ws/src/install/turtlebot3_gazebo/share/turtlebot3_gazebo//models/grey_wall_micro\n'}
[23.765715] (turtlebot3_gazebo) StdoutLine: {'line': b'-- Installing: /uolstore/home/users/sc23oy/ros2_ws/src/install/turtlebot3_gazebo/share/turtlebot3_gazebo//models/grey_wall_micro/materials\n'}
[23.769286] (-) TimerEvent: {}
[23.770104] (turtlebot3_gazebo) StdoutLine: {'line': b'-- Installing: /uolstore/home/users/sc23oy/ros2_ws/src/install/turtlebot3_gazebo/share/turtlebot3_gazebo//models/grey_wall_micro/materials/scripts\n'}
[23.774842] (turtlebot3_gazebo) StdoutLine: {'line': b'-- Installing: /uolstore/home/users/sc23oy/ros2_ws/src/install/turtlebot3_gazebo/share/turtlebot3_gazebo//models/grey_wall_micro/materials/scripts/grey_wall.material\n'}
[23.781314] (turtlebot3_gazebo) StdoutLine: {'line': b'-- Installing: /uolstore/home/users/sc23oy/ros2_ws/src/install/turtlebot3_gazebo/share/turtlebot3_gazebo//models/grey_wall_micro/materials/textures\n'}
[23.785714] (turtlebot3_gazebo) StdoutLine: {'line': b'-- Installing: /uolstore/home/users/sc23oy/ros2_ws/src/install/turtlebot3_gazebo/share/turtlebot3_gazebo//models/grey_wall_micro/materials/textures/dull_gray.png\n'}
[23.793027] (turtlebot3_gazebo) StdoutLine: {'line': b'-- Installing: /uolstore/home/users/sc23oy/ros2_ws/src/install/turtlebot3_gazebo/share/turtlebot3_gazebo//models/grey_wall_micro/model-1_3.sdf\n'}
[23.799349] (turtlebot3_gazebo) StdoutLine: {'line': b'-- Installing: /uolstore/home/users/sc23oy/ros2_ws/src/install/turtlebot3_gazebo/share/turtlebot3_gazebo//models/grey_wall_micro/model-1_4.sdf\n'}
[23.805897] (turtlebot3_gazebo) StdoutLine: {'line': b'-- Installing: /uolstore/home/users/sc23oy/ros2_ws/src/install/turtlebot3_gazebo/share/turtlebot3_gazebo//models/grey_wall_micro/model.config\n'}
[23.812094] (turtlebot3_gazebo) StdoutLine: {'line': b'-- Installing: /uolstore/home/users/sc23oy/ros2_ws/src/install/turtlebot3_gazebo/share/turtlebot3_gazebo//models/grey_wall_micro/model.sdf\n'}
[23.818002] (turtlebot3_gazebo) StdoutLine: {'line': b'-- Installing: /uolstore/home/users/sc23oy/ros2_ws/src/install/turtlebot3_gazebo/share/turtlebot3_gazebo//models/grey_wall_small\n'}
[23.822022] (turtlebot3_gazebo) StdoutLine: {'line': b'-- Installing: /uolstore/home/users/sc23oy/ros2_ws/src/install/turtlebot3_gazebo/share/turtlebot3_gazebo//models/grey_wall_small/materials\n'}
[23.826819] (turtlebot3_gazebo) StdoutLine: {'line': b'-- Installing: /uolstore/home/users/sc23oy/ros2_ws/src/install/turtlebot3_gazebo/share/turtlebot3_gazebo//models/grey_wall_small/materials/scripts\n'}
[23.831703] (turtlebot3_gazebo) StdoutLine: {'line': b'-- Installing: /uolstore/home/users/sc23oy/ros2_ws/src/install/turtlebot3_gazebo/share/turtlebot3_gazebo//models/grey_wall_small/materials/scripts/grey_wall.material\n'}
[23.838100] (turtlebot3_gazebo) StdoutLine: {'line': b'-- Installing: /uolstore/home/users/sc23oy/ros2_ws/src/install/turtlebot3_gazebo/share/turtlebot3_gazebo//models/grey_wall_small/materials/textures\n'}
[23.842829] (turtlebot3_gazebo) StdoutLine: {'line': b'-- Installing: /uolstore/home/users/sc23oy/ros2_ws/src/install/turtlebot3_gazebo/share/turtlebot3_gazebo//models/grey_wall_small/materials/textures/dull_gray.png\n'}
[23.850058] (turtlebot3_gazebo) StdoutLine: {'line': b'-- Installing: /uolstore/home/users/sc23oy/ros2_ws/src/install/turtlebot3_gazebo/share/turtlebot3_gazebo//models/grey_wall_small/model-1_3.sdf\n'}
[23.856238] (turtlebot3_gazebo) StdoutLine: {'line': b'-- Installing: /uolstore/home/users/sc23oy/ros2_ws/src/install/turtlebot3_gazebo/share/turtlebot3_gazebo//models/grey_wall_small/model-1_4.sdf\n'}
[23.862679] (turtlebot3_gazebo) StdoutLine: {'line': b'-- Installing: /uolstore/home/users/sc23oy/ros2_ws/src/install/turtlebot3_gazebo/share/turtlebot3_gazebo//models/grey_wall_small/model.config\n'}
[23.868927] (turtlebot3_gazebo) StdoutLine: {'line': b'-- Installing: /uolstore/home/users/sc23oy/ros2_ws/src/install/turtlebot3_gazebo/share/turtlebot3_gazebo//models/grey_wall_small/model.sdf\n'}
[23.869387] (-) TimerEvent: {}
[23.875260] (turtlebot3_gazebo) StdoutLine: {'line': b'-- Installing: /uolstore/home/users/sc23oy/ros2_ws/src/install/turtlebot3_gazebo/share/turtlebot3_gazebo//models/grey_wall_smaller\n'}
[23.879268] (turtlebot3_gazebo) StdoutLine: {'line': b'-- Installing: /uolstore/home/users/sc23oy/ros2_ws/src/install/turtlebot3_gazebo/share/turtlebot3_gazebo//models/grey_wall_smaller/materials\n'}
[23.884100] (turtlebot3_gazebo) StdoutLine: {'line': b'-- Installing: /uolstore/home/users/sc23oy/ros2_ws/src/install/turtlebot3_gazebo/share/turtlebot3_gazebo//models/grey_wall_smaller/materials/scripts\n'}
[23.889376] (turtlebot3_gazebo) StdoutLine: {'line': b'-- Installing: /uolstore/home/users/sc23oy/ros2_ws/src/install/turtlebot3_gazebo/share/turtlebot3_gazebo//models/grey_wall_smaller/materials/scripts/grey_wall.material\n'}
[23.896271] (turtlebot3_gazebo) StdoutLine: {'line': b'-- Installing: /uolstore/home/users/sc23oy/ros2_ws/src/install/turtlebot3_gazebo/share/turtlebot3_gazebo//models/grey_wall_smaller/materials/textures\n'}
[23.900922] (turtlebot3_gazebo) StdoutLine: {'line': b'-- Installing: /uolstore/home/users/sc23oy/ros2_ws/src/install/turtlebot3_gazebo/share/turtlebot3_gazebo//models/grey_wall_smaller/materials/textures/dull_gray.png\n'}
[23.908619] (turtlebot3_gazebo) StdoutLine: {'line': b'-- Installing: /uolstore/home/users/sc23oy/ros2_ws/src/install/turtlebot3_gazebo/share/turtlebot3_gazebo//models/grey_wall_smaller/model-1_3.sdf\n'}
[23.915180] (turtlebot3_gazebo) StdoutLine: {'line': b'-- Installing: /uolstore/home/users/sc23oy/ros2_ws/src/install/turtlebot3_gazebo/share/turtlebot3_gazebo//models/grey_wall_smaller/model-1_4.sdf\n'}
[23.921810] (turtlebot3_gazebo) StdoutLine: {'line': b'-- Installing: /uolstore/home/users/sc23oy/ros2_ws/src/install/turtlebot3_gazebo/share/turtlebot3_gazebo//models/grey_wall_smaller/model.config\n'}
[23.928222] (turtlebot3_gazebo) StdoutLine: {'line': b'-- Installing: /uolstore/home/users/sc23oy/ros2_ws/src/install/turtlebot3_gazebo/share/turtlebot3_gazebo//models/grey_wall_smaller/model.sdf\n'}
[23.934366] (turtlebot3_gazebo) StdoutLine: {'line': b'-- Installing: /uolstore/home/users/sc23oy/ros2_ws/src/install/turtlebot3_gazebo/share/turtlebot3_gazebo//models/grey_wall_tinier\n'}
[23.938442] (turtlebot3_gazebo) StdoutLine: {'line': b'-- Installing: /uolstore/home/users/sc23oy/ros2_ws/src/install/turtlebot3_gazebo/share/turtlebot3_gazebo//models/grey_wall_tinier/materials\n'}
[23.942811] (turtlebot3_gazebo) StdoutLine: {'line': b'-- Installing: /uolstore/home/users/sc23oy/ros2_ws/src/install/turtlebot3_gazebo/share/turtlebot3_gazebo//models/grey_wall_tinier/materials/scripts\n'}
[23.947715] (turtlebot3_gazebo) StdoutLine: {'line': b'-- Installing: /uolstore/home/users/sc23oy/ros2_ws/src/install/turtlebot3_gazebo/share/turtlebot3_gazebo//models/grey_wall_tinier/materials/scripts/grey_wall.material\n'}
[23.953986] (turtlebot3_gazebo) StdoutLine: {'line': b'-- Installing: /uolstore/home/users/sc23oy/ros2_ws/src/install/turtlebot3_gazebo/share/turtlebot3_gazebo//models/grey_wall_tinier/materials/textures\n'}
[23.958638] (turtlebot3_gazebo) StdoutLine: {'line': b'-- Installing: /uolstore/home/users/sc23oy/ros2_ws/src/install/turtlebot3_gazebo/share/turtlebot3_gazebo//models/grey_wall_tinier/materials/textures/dull_gray.png\n'}
[23.965963] (turtlebot3_gazebo) StdoutLine: {'line': b'-- Installing: /uolstore/home/users/sc23oy/ros2_ws/src/install/turtlebot3_gazebo/share/turtlebot3_gazebo//models/grey_wall_tinier/model-1_3.sdf\n'}
[23.969469] (-) TimerEvent: {}
[23.971924] (turtlebot3_gazebo) StdoutLine: {'line': b'-- Installing: /uolstore/home/users/sc23oy/ros2_ws/src/install/turtlebot3_gazebo/share/turtlebot3_gazebo//models/grey_wall_tinier/model-1_4.sdf\n'}
[23.978489] (turtlebot3_gazebo) StdoutLine: {'line': b'-- Installing: /uolstore/home/users/sc23oy/ros2_ws/src/install/turtlebot3_gazebo/share/turtlebot3_gazebo//models/grey_wall_tinier/model.config\n'}
[23.984841] (turtlebot3_gazebo) StdoutLine: {'line': b'-- Installing: /uolstore/home/users/sc23oy/ros2_ws/src/install/turtlebot3_gazebo/share/turtlebot3_gazebo//models/grey_wall_tinier/model.sdf\n'}
[23.991096] (turtlebot3_gazebo) StdoutLine: {'line': b'-- Installing: /uolstore/home/users/sc23oy/ros2_ws/src/install/turtlebot3_gazebo/share/turtlebot3_gazebo//models/grey_wall_tiny\n'}
[23.995139] (turtlebot3_gazebo) StdoutLine: {'line': b'-- Installing: /uolstore/home/users/sc23oy/ros2_ws/src/install/turtlebot3_gazebo/share/turtlebot3_gazebo//models/grey_wall_tiny/materials\n'}
[23.999286] (turtlebot3_gazebo) StdoutLine: {'line': b'-- Installing: /uolstore/home/users/sc23oy/ros2_ws/src/install/turtlebot3_gazebo/share/turtlebot3_gazebo//models/grey_wall_tiny/materials/scripts\n'}
[24.003936] (turtlebot3_gazebo) StdoutLine: {'line': b'-- Installing: /uolstore/home/users/sc23oy/ros2_ws/src/install/turtlebot3_gazebo/share/turtlebot3_gazebo//models/grey_wall_tiny/materials/scripts/grey_wall.material\n'}
[24.010312] (turtlebot3_gazebo) StdoutLine: {'line': b'-- Installing: /uolstore/home/users/sc23oy/ros2_ws/src/install/turtlebot3_gazebo/share/turtlebot3_gazebo//models/grey_wall_tiny/materials/textures\n'}
[24.014648] (turtlebot3_gazebo) StdoutLine: {'line': b'-- Installing: /uolstore/home/users/sc23oy/ros2_ws/src/install/turtlebot3_gazebo/share/turtlebot3_gazebo//models/grey_wall_tiny/materials/textures/dull_gray.png\n'}
[24.021573] (turtlebot3_gazebo) StdoutLine: {'line': b'-- Installing: /uolstore/home/users/sc23oy/ros2_ws/src/install/turtlebot3_gazebo/share/turtlebot3_gazebo//models/grey_wall_tiny/model-1_3.sdf\n'}
[24.028163] (turtlebot3_gazebo) StdoutLine: {'line': b'-- Installing: /uolstore/home/users/sc23oy/ros2_ws/src/install/turtlebot3_gazebo/share/turtlebot3_gazebo//models/grey_wall_tiny/model-1_4.sdf\n'}
[24.034004] (turtlebot3_gazebo) StdoutLine: {'line': b'-- Installing: /uolstore/home/users/sc23oy/ros2_ws/src/install/turtlebot3_gazebo/share/turtlebot3_gazebo//models/grey_wall_tiny/model.config\n'}
[24.040437] (turtlebot3_gazebo) StdoutLine: {'line': b'-- Installing: /uolstore/home/users/sc23oy/ros2_ws/src/install/turtlebot3_gazebo/share/turtlebot3_gazebo//models/grey_wall_tiny/model.sdf\n'}
[24.046602] (turtlebot3_gazebo) StdoutLine: {'line': b'-- Installing: /uolstore/home/users/sc23oy/ros2_ws/src/install/turtlebot3_gazebo/share/turtlebot3_gazebo//models/my_grey_wall\n'}
[24.050766] (turtlebot3_gazebo) StdoutLine: {'line': b'-- Installing: /uolstore/home/users/sc23oy/ros2_ws/src/install/turtlebot3_gazebo/share/turtlebot3_gazebo//models/my_grey_wall/materials\n'}
[24.055104] (turtlebot3_gazebo) StdoutLine: {'line': b'-- Installing: /uolstore/home/users/sc23oy/ros2_ws/src/install/turtlebot3_gazebo/share/turtlebot3_gazebo//models/my_grey_wall/materials/scripts\n'}
[24.059890] (turtlebot3_gazebo) StdoutLine: {'line': b'-- Installing: /uolstore/home/users/sc23oy/ros2_ws/src/install/turtlebot3_gazebo/share/turtlebot3_gazebo//models/my_grey_wall/materials/scripts/brick_box.material\n'}
[24.066409] (turtlebot3_gazebo) StdoutLine: {'line': b'-- Installing: /uolstore/home/users/sc23oy/ros2_ws/src/install/turtlebot3_gazebo/share/turtlebot3_gazebo//models/my_grey_wall/materials/scripts/my_grey_wall.material\n'}
[24.069553] (-) TimerEvent: {}
[24.072821] (turtlebot3_gazebo) StdoutLine: {'line': b'-- Installing: /uolstore/home/users/sc23oy/ros2_ws/src/install/turtlebot3_gazebo/share/turtlebot3_gazebo//models/my_grey_wall/materials/scripts/space_box.material\n'}
[24.079645] (turtlebot3_gazebo) StdoutLine: {'line': b'-- Installing: /uolstore/home/users/sc23oy/ros2_ws/src/install/turtlebot3_gazebo/share/turtlebot3_gazebo//models/my_grey_wall/materials/textures\n'}
[24.084458] (turtlebot3_gazebo) StdoutLine: {'line': b'-- Installing: /uolstore/home/users/sc23oy/ros2_ws/src/install/turtlebot3_gazebo/share/turtlebot3_gazebo//models/my_grey_wall/materials/textures/Untitled.jpg\n'}
[24.091398] (turtlebot3_gazebo) StdoutLine: {'line': b'-- Installing: /uolstore/home/users/sc23oy/ros2_ws/src/install/turtlebot3_gazebo/share/turtlebot3_gazebo//models/my_grey_wall/materials/textures/simple_box.jpg\n'}
[24.098208] (turtlebot3_gazebo) StdoutLine: {'line': b'-- Installing: /uolstore/home/users/sc23oy/ros2_ws/src/install/turtlebot3_gazebo/share/turtlebot3_gazebo//models/my_grey_wall/materials/textures/simple_box.png\n'}
[24.104808] (turtlebot3_gazebo) StdoutLine: {'line': b'-- Installing: /uolstore/home/users/sc23oy/ros2_ws/src/install/turtlebot3_gazebo/share/turtlebot3_gazebo//models/my_grey_wall/materials/textures/simple_box.png.old\n'}
[24.161263] (turtlebot3_gazebo) StdoutLine: {'line': b'-- Installing: /uolstore/home/users/sc23oy/ros2_ws/src/install/turtlebot3_gazebo/share/turtlebot3_gazebo//models/my_grey_wall/materials/textures/simple_box1.png\n'}
[24.169654] (-) TimerEvent: {}
[24.269946] (-) TimerEvent: {}
[24.319862] (turtlebot3_gazebo) StdoutLine: {'line': b'-- Installing: /uolstore/home/users/sc23oy/ros2_ws/src/install/turtlebot3_gazebo/share/turtlebot3_gazebo//models/my_grey_wall/materials/textures/simple_box2.png\n'}
[24.329202] (turtlebot3_gazebo) StdoutLine: {'line': b'-- Installing: /uolstore/home/users/sc23oy/ros2_ws/src/install/turtlebot3_gazebo/share/turtlebot3_gazebo//models/my_grey_wall/materials/textures/spacecraftwall.jpeg\n'}
[24.336384] (turtlebot3_gazebo) StdoutLine: {'line': b'-- Installing: /uolstore/home/users/sc23oy/ros2_ws/src/install/turtlebot3_gazebo/share/turtlebot3_gazebo//models/my_grey_wall/materials/textures/texture.jpg\n'}
[24.370040] (-) TimerEvent: {}
[24.387739] (turtlebot3_gazebo) StdoutLine: {'line': b'-- Installing: /uolstore/home/users/sc23oy/ros2_ws/src/install/turtlebot3_gazebo/share/turtlebot3_gazebo//models/my_grey_wall/meshes\n'}
[24.392174] (turtlebot3_gazebo) StdoutLine: {'line': b'-- Installing: /uolstore/home/users/sc23oy/ros2_ws/src/install/turtlebot3_gazebo/share/turtlebot3_gazebo//models/my_grey_wall/meshes/simple_box.dae\n'}
[24.399574] (turtlebot3_gazebo) StdoutLine: {'line': b'-- Installing: /uolstore/home/users/sc23oy/ros2_ws/src/install/turtlebot3_gazebo/share/turtlebot3_gazebo//models/my_grey_wall/model-1_3.sdf\n'}
[24.405929] (turtlebot3_gazebo) StdoutLine: {'line': b'-- Installing: /uolstore/home/users/sc23oy/ros2_ws/src/install/turtlebot3_gazebo/share/turtlebot3_gazebo//models/my_grey_wall/model-1_4.sdf\n'}
[24.412346] (turtlebot3_gazebo) StdoutLine: {'line': b'-- Installing: /uolstore/home/users/sc23oy/ros2_ws/src/install/turtlebot3_gazebo/share/turtlebot3_gazebo//models/my_grey_wall/model.config\n'}
[24.418736] (turtlebot3_gazebo) StdoutLine: {'line': b'-- Installing: /uolstore/home/users/sc23oy/ros2_ws/src/install/turtlebot3_gazebo/share/turtlebot3_gazebo//models/my_grey_wall/model.sdf\n'}
[24.424872] (turtlebot3_gazebo) StdoutLine: {'line': b'-- Installing: /uolstore/home/users/sc23oy/ros2_ws/src/install/turtlebot3_gazebo/share/turtlebot3_gazebo//models/panoframe\n'}
[24.428980] (turtlebot3_gazebo) StdoutLine: {'line': b'-- Installing: /uolstore/home/users/sc23oy/ros2_ws/src/install/turtlebot3_gazebo/share/turtlebot3_gazebo//models/panoframe/materials\n'}
[24.433281] (turtlebot3_gazebo) StdoutLine: {'line': b'-- Installing: /uolstore/home/users/sc23oy/ros2_ws/src/install/turtlebot3_gazebo/share/turtlebot3_gazebo//models/panoframe/materials/scripts\n'}
[24.438190] (turtlebot3_gazebo) StdoutLine: {'line': b'-- Installing: /uolstore/home/users/sc23oy/ros2_ws/src/install/turtlebot3_gazebo/share/turtlebot3_gazebo//models/panoframe/materials/scripts/repeated.material\n'}
[24.445049] (turtlebot3_gazebo) StdoutLine: {'line': b'-- Installing: /uolstore/home/users/sc23oy/ros2_ws/src/install/turtlebot3_gazebo/share/turtlebot3_gazebo//models/panoframe/materials/textures\n'}
[24.449836] (turtlebot3_gazebo) StdoutLine: {'line': b'-- Installing: /uolstore/home/users/sc23oy/ros2_ws/src/install/turtlebot3_gazebo/share/turtlebot3_gazebo//models/panoframe/materials/textures/scene.jpg\n'}
[24.462910] (turtlebot3_gazebo) StdoutLine: {'line': b'-- Installing: /uolstore/home/users/sc23oy/ros2_ws/src/install/turtlebot3_gazebo/share/turtlebot3_gazebo//models/panoframe/model.config\n'}
[24.468778] (turtlebot3_gazebo) StdoutLine: {'line': b'-- Installing: /uolstore/home/users/sc23oy/ros2_ws/src/install/turtlebot3_gazebo/share/turtlebot3_gazebo//models/panoframe/model.sdf\n'}
[24.470119] (-) TimerEvent: {}
[24.475756] (turtlebot3_gazebo) StdoutLine: {'line': b'-- Installing: /uolstore/home/users/sc23oy/ros2_ws/src/install/turtlebot3_gazebo/share/turtlebot3_gazebo//models/panorama\n'}
[24.479659] (turtlebot3_gazebo) StdoutLine: {'line': b'-- Installing: /uolstore/home/users/sc23oy/ros2_ws/src/install/turtlebot3_gazebo/share/turtlebot3_gazebo//models/panorama/materials\n'}
[24.484212] (turtlebot3_gazebo) StdoutLine: {'line': b'-- Installing: /uolstore/home/users/sc23oy/ros2_ws/src/install/turtlebot3_gazebo/share/turtlebot3_gazebo//models/panorama/materials/scripts\n'}
[24.489070] (turtlebot3_gazebo) StdoutLine: {'line': b'-- Installing: /uolstore/home/users/sc23oy/ros2_ws/src/install/turtlebot3_gazebo/share/turtlebot3_gazebo//models/panorama/materials/scripts/repeated.material\n'}
[24.495449] (turtlebot3_gazebo) StdoutLine: {'line': b'-- Installing: /uolstore/home/users/sc23oy/ros2_ws/src/install/turtlebot3_gazebo/share/turtlebot3_gazebo//models/panorama/materials/textures\n'}
[24.500051] (turtlebot3_gazebo) StdoutLine: {'line': b'-- Installing: /uolstore/home/users/sc23oy/ros2_ws/src/install/turtlebot3_gazebo/share/turtlebot3_gazebo//models/panorama/materials/textures/2.jpg\n'}
[24.510913] (turtlebot3_gazebo) StdoutLine: {'line': b'-- Installing: /uolstore/home/users/sc23oy/ros2_ws/src/install/turtlebot3_gazebo/share/turtlebot3_gazebo//models/panorama/materials/textures/scene.jpg\n'}
[24.523441] (turtlebot3_gazebo) StdoutLine: {'line': b'-- Installing: /uolstore/home/users/sc23oy/ros2_ws/src/install/turtlebot3_gazebo/share/turtlebot3_gazebo//models/panorama/materials/textures/scene_old.jpg\n'}
[24.530543] (turtlebot3_gazebo) StdoutLine: {'line': b'-- Installing: /uolstore/home/users/sc23oy/ros2_ws/src/install/turtlebot3_gazebo/share/turtlebot3_gazebo//models/panorama/model.config\n'}
[24.536609] (turtlebot3_gazebo) StdoutLine: {'line': b'-- Installing: /uolstore/home/users/sc23oy/ros2_ws/src/install/turtlebot3_gazebo/share/turtlebot3_gazebo//models/panorama/model.sdf\n'}
[24.542761] (turtlebot3_gazebo) StdoutLine: {'line': b'-- Installing: /uolstore/home/users/sc23oy/ros2_ws/src/install/turtlebot3_gazebo/share/turtlebot3_gazebo//models/poster\n'}
[24.546760] (turtlebot3_gazebo) StdoutLine: {'line': b'-- Installing: /uolstore/home/users/sc23oy/ros2_ws/src/install/turtlebot3_gazebo/share/turtlebot3_gazebo//models/poster/materials\n'}
[24.551343] (turtlebot3_gazebo) StdoutLine: {'line': b'-- Installing: /uolstore/home/users/sc23oy/ros2_ws/src/install/turtlebot3_gazebo/share/turtlebot3_gazebo//models/poster/materials/scripts\n'}
[24.556575] (turtlebot3_gazebo) StdoutLine: {'line': b'-- Installing: /uolstore/home/users/sc23oy/ros2_ws/src/install/turtlebot3_gazebo/share/turtlebot3_gazebo//models/poster/materials/scripts/repeated.material\n'}
[24.562798] (turtlebot3_gazebo) StdoutLine: {'line': b'-- Installing: /uolstore/home/users/sc23oy/ros2_ws/src/install/turtlebot3_gazebo/share/turtlebot3_gazebo//models/poster/materials/textures\n'}
[24.567637] (turtlebot3_gazebo) StdoutLine: {'line': b'-- Installing: /uolstore/home/users/sc23oy/ros2_ws/src/install/turtlebot3_gazebo/share/turtlebot3_gazebo//models/poster/materials/textures/poster.png\n'}
[24.570205] (-) TimerEvent: {}
[24.579784] (turtlebot3_gazebo) StdoutLine: {'line': b'-- Installing: /uolstore/home/users/sc23oy/ros2_ws/src/install/turtlebot3_gazebo/share/turtlebot3_gazebo//models/poster/model.config\n'}
[24.585744] (turtlebot3_gazebo) StdoutLine: {'line': b'-- Installing: /uolstore/home/users/sc23oy/ros2_ws/src/install/turtlebot3_gazebo/share/turtlebot3_gazebo//models/poster/model.sdf\n'}
[24.591691] (turtlebot3_gazebo) StdoutLine: {'line': b'-- Installing: /uolstore/home/users/sc23oy/ros2_ws/src/install/turtlebot3_gazebo/share/turtlebot3_gazebo//models/red_image\n'}
[24.595643] (turtlebot3_gazebo) StdoutLine: {'line': b'-- Installing: /uolstore/home/users/sc23oy/ros2_ws/src/install/turtlebot3_gazebo/share/turtlebot3_gazebo//models/red_image/materials\n'}
[24.600032] (turtlebot3_gazebo) StdoutLine: {'line': b'-- Installing: /uolstore/home/users/sc23oy/ros2_ws/src/install/turtlebot3_gazebo/share/turtlebot3_gazebo//models/red_image/materials/scripts\n'}
[24.605005] (turtlebot3_gazebo) StdoutLine: {'line': b'-- Installing: /uolstore/home/users/sc23oy/ros2_ws/src/install/turtlebot3_gazebo/share/turtlebot3_gazebo//models/red_image/materials/scripts/red_image.material\n'}
[24.611965] (turtlebot3_gazebo) StdoutLine: {'line': b'-- Installing: /uolstore/home/users/sc23oy/ros2_ws/src/install/turtlebot3_gazebo/share/turtlebot3_gazebo//models/red_image/materials/textures\n'}
[24.616459] (turtlebot3_gazebo) StdoutLine: {'line': b'-- Installing: /uolstore/home/users/sc23oy/ros2_ws/src/install/turtlebot3_gazebo/share/turtlebot3_gazebo//models/red_image/materials/textures/red_image.jpg\n'}
[24.625043] (turtlebot3_gazebo) StdoutLine: {'line': b'-- Installing: /uolstore/home/users/sc23oy/ros2_ws/src/install/turtlebot3_gazebo/share/turtlebot3_gazebo//models/red_image/model.config\n'}
[24.631050] (turtlebot3_gazebo) StdoutLine: {'line': b'-- Installing: /uolstore/home/users/sc23oy/ros2_ws/src/install/turtlebot3_gazebo/share/turtlebot3_gazebo//models/red_image/model.sdf\n'}
[24.637100] (turtlebot3_gazebo) StdoutLine: {'line': b'-- Installing: /uolstore/home/users/sc23oy/ros2_ws/src/install/turtlebot3_gazebo/share/turtlebot3_gazebo//models/red_image/red_image\n'}
[24.641276] (turtlebot3_gazebo) StdoutLine: {'line': b'-- Installing: /uolstore/home/users/sc23oy/ros2_ws/src/install/turtlebot3_gazebo/share/turtlebot3_gazebo//models/red_image/red_image/materials\n'}
[24.645972] (turtlebot3_gazebo) StdoutLine: {'line': b'-- Installing: /uolstore/home/users/sc23oy/ros2_ws/src/install/turtlebot3_gazebo/share/turtlebot3_gazebo//models/red_image/red_image/materials/scripts\n'}
[24.650925] (turtlebot3_gazebo) StdoutLine: {'line': b'-- Installing: /uolstore/home/users/sc23oy/ros2_ws/src/install/turtlebot3_gazebo/share/turtlebot3_gazebo//models/red_image/red_image/materials/scripts/red_image.material\n'}
[24.657371] (turtlebot3_gazebo) StdoutLine: {'line': b'-- Installing: /uolstore/home/users/sc23oy/ros2_ws/src/install/turtlebot3_gazebo/share/turtlebot3_gazebo//models/red_image/red_image/materials/textures\n'}
[24.662269] (turtlebot3_gazebo) StdoutLine: {'line': b'-- Installing: /uolstore/home/users/sc23oy/ros2_ws/src/install/turtlebot3_gazebo/share/turtlebot3_gazebo//models/red_image/red_image/materials/textures/red_image.jpg\n'}
[24.670266] (-) TimerEvent: {}
[24.670912] (turtlebot3_gazebo) StdoutLine: {'line': b'-- Installing: /uolstore/home/users/sc23oy/ros2_ws/src/install/turtlebot3_gazebo/share/turtlebot3_gazebo//models/red_image/red_image/model.config\n'}
[24.677387] (turtlebot3_gazebo) StdoutLine: {'line': b'-- Installing: /uolstore/home/users/sc23oy/ros2_ws/src/install/turtlebot3_gazebo/share/turtlebot3_gazebo//models/red_image/red_image/model.sdf\n'}
[24.683225] (turtlebot3_gazebo) StdoutLine: {'line': b'-- Installing: /uolstore/home/users/sc23oy/ros2_ws/src/install/turtlebot3_gazebo/share/turtlebot3_gazebo//models/space_box_3x1x3\n'}
[24.687199] (turtlebot3_gazebo) StdoutLine: {'line': b'-- Installing: /uolstore/home/users/sc23oy/ros2_ws/src/install/turtlebot3_gazebo/share/turtlebot3_gazebo//models/space_box_3x1x3/materials\n'}
[24.691584] (turtlebot3_gazebo) StdoutLine: {'line': b'-- Installing: /uolstore/home/users/sc23oy/ros2_ws/src/install/turtlebot3_gazebo/share/turtlebot3_gazebo//models/space_box_3x1x3/materials/scripts\n'}
[24.696347] (turtlebot3_gazebo) StdoutLine: {'line': b'-- Installing: /uolstore/home/users/sc23oy/ros2_ws/src/install/turtlebot3_gazebo/share/turtlebot3_gazebo//models/space_box_3x1x3/materials/scripts/brick_box.material\n'}
[24.703019] (turtlebot3_gazebo) StdoutLine: {'line': b'-- Installing: /uolstore/home/users/sc23oy/ros2_ws/src/install/turtlebot3_gazebo/share/turtlebot3_gazebo//models/space_box_3x1x3/materials/scripts/space_box.material\n'}
[24.709241] (turtlebot3_gazebo) StdoutLine: {'line': b'-- Installing: /uolstore/home/users/sc23oy/ros2_ws/src/install/turtlebot3_gazebo/share/turtlebot3_gazebo//models/space_box_3x1x3/materials/textures\n'}
[24.714046] (turtlebot3_gazebo) StdoutLine: {'line': b'-- Installing: /uolstore/home/users/sc23oy/ros2_ws/src/install/turtlebot3_gazebo/share/turtlebot3_gazebo//models/space_box_3x1x3/materials/textures/Untitled.jpg\n'}
[24.721174] (turtlebot3_gazebo) StdoutLine: {'line': b'-- Installing: /uolstore/home/users/sc23oy/ros2_ws/src/install/turtlebot3_gazebo/share/turtlebot3_gazebo//models/space_box_3x1x3/materials/textures/simple_box.jpg\n'}
[24.728103] (turtlebot3_gazebo) StdoutLine: {'line': b'-- Installing: /uolstore/home/users/sc23oy/ros2_ws/src/install/turtlebot3_gazebo/share/turtlebot3_gazebo//models/space_box_3x1x3/materials/textures/simple_box.png\n'}
[24.734612] (turtlebot3_gazebo) StdoutLine: {'line': b'-- Installing: /uolstore/home/users/sc23oy/ros2_ws/src/install/turtlebot3_gazebo/share/turtlebot3_gazebo//models/space_box_3x1x3/materials/textures/simple_box.png.old\n'}
[24.770340] (-) TimerEvent: {}
[24.790658] (turtlebot3_gazebo) StdoutLine: {'line': b'-- Installing: /uolstore/home/users/sc23oy/ros2_ws/src/install/turtlebot3_gazebo/share/turtlebot3_gazebo//models/space_box_3x1x3/materials/textures/simple_box1.png\n'}
[24.870506] (-) TimerEvent: {}
[24.949569] (turtlebot3_gazebo) StdoutLine: {'line': b'-- Installing: /uolstore/home/users/sc23oy/ros2_ws/src/install/turtlebot3_gazebo/share/turtlebot3_gazebo//models/space_box_3x1x3/materials/textures/simple_box2.png\n'}
[24.957611] (turtlebot3_gazebo) StdoutLine: {'line': b'-- Installing: /uolstore/home/users/sc23oy/ros2_ws/src/install/turtlebot3_gazebo/share/turtlebot3_gazebo//models/space_box_3x1x3/materials/textures/spacecraftwall.jpeg\n'}
[24.964799] (turtlebot3_gazebo) StdoutLine: {'line': b'-- Installing: /uolstore/home/users/sc23oy/ros2_ws/src/install/turtlebot3_gazebo/share/turtlebot3_gazebo//models/space_box_3x1x3/materials/textures/texture.jpg\n'}
[24.970588] (-) TimerEvent: {}
[25.015908] (turtlebot3_gazebo) StdoutLine: {'line': b'-- Installing: /uolstore/home/users/sc23oy/ros2_ws/src/install/turtlebot3_gazebo/share/turtlebot3_gazebo//models/space_box_3x1x3/meshes\n'}
[25.020508] (turtlebot3_gazebo) StdoutLine: {'line': b'-- Installing: /uolstore/home/users/sc23oy/ros2_ws/src/install/turtlebot3_gazebo/share/turtlebot3_gazebo//models/space_box_3x1x3/meshes/simple_box.dae\n'}
[25.027983] (turtlebot3_gazebo) StdoutLine: {'line': b'-- Installing: /uolstore/home/users/sc23oy/ros2_ws/src/install/turtlebot3_gazebo/share/turtlebot3_gazebo//models/space_box_3x1x3/model-1_3.sdf\n'}
[25.034518] (turtlebot3_gazebo) StdoutLine: {'line': b'-- Installing: /uolstore/home/users/sc23oy/ros2_ws/src/install/turtlebot3_gazebo/share/turtlebot3_gazebo//models/space_box_3x1x3/model-1_4.sdf\n'}
[25.041203] (turtlebot3_gazebo) StdoutLine: {'line': b'-- Installing: /uolstore/home/users/sc23oy/ros2_ws/src/install/turtlebot3_gazebo/share/turtlebot3_gazebo//models/space_box_3x1x3/model.config\n'}
[25.047908] (turtlebot3_gazebo) StdoutLine: {'line': b'-- Installing: /uolstore/home/users/sc23oy/ros2_ws/src/install/turtlebot3_gazebo/share/turtlebot3_gazebo//models/space_box_3x1x3/model.sdf\n'}
[25.054388] (turtlebot3_gazebo) StdoutLine: {'line': b'-- Installing: /uolstore/home/users/sc23oy/ros2_ws/src/install/turtlebot3_gazebo/share/turtlebot3_gazebo//models/turtlebot3_burger\n'}
[25.058447] (turtlebot3_gazebo) StdoutLine: {'line': b'-- Installing: /uolstore/home/users/sc23oy/ros2_ws/src/install/turtlebot3_gazebo/share/turtlebot3_gazebo//models/turtlebot3_burger/meshes\n'}
[25.062863] (turtlebot3_gazebo) StdoutLine: {'line': b'-- Installing: /uolstore/home/users/sc23oy/ros2_ws/src/install/turtlebot3_gazebo/share/turtlebot3_gazebo//models/turtlebot3_burger/meshes/bases\n'}
[25.067886] (turtlebot3_gazebo) StdoutLine: {'line': b'-- Installing: /uolstore/home/users/sc23oy/ros2_ws/src/install/turtlebot3_gazebo/share/turtlebot3_gazebo//models/turtlebot3_burger/meshes/bases/burger_base.stl\n'}
[25.070676] (-) TimerEvent: {}
[25.105447] (turtlebot3_gazebo) StdoutLine: {'line': b'-- Installing: /uolstore/home/users/sc23oy/ros2_ws/src/install/turtlebot3_gazebo/share/turtlebot3_gazebo//models/turtlebot3_burger/meshes/bases/waffle_base.stl\n'}
[25.170852] (-) TimerEvent: {}
[25.202707] (turtlebot3_gazebo) StdoutLine: {'line': b'-- Installing: /uolstore/home/users/sc23oy/ros2_ws/src/install/turtlebot3_gazebo/share/turtlebot3_gazebo//models/turtlebot3_burger/meshes/bases/waffle_base_for_open_manipulator.stl\n'}
[25.266534] (turtlebot3_gazebo) StdoutLine: {'line': b'-- Installing: /uolstore/home/users/sc23oy/ros2_ws/src/install/turtlebot3_gazebo/share/turtlebot3_gazebo//models/turtlebot3_burger/meshes/bases/waffle_pi_base.stl\n'}
[25.270909] (-) TimerEvent: {}
[25.329442] (turtlebot3_gazebo) StdoutLine: {'line': b'-- Installing: /uolstore/home/users/sc23oy/ros2_ws/src/install/turtlebot3_gazebo/share/turtlebot3_gazebo//models/turtlebot3_burger/meshes/bases/waffle_pi_base_for_open_manipulator.stl\n'}
[25.371032] (-) TimerEvent: {}
[25.391368] (turtlebot3_gazebo) StdoutLine: {'line': b'-- Installing: /uolstore/home/users/sc23oy/ros2_ws/src/install/turtlebot3_gazebo/share/turtlebot3_gazebo//models/turtlebot3_burger/meshes/burger_base.dae\n'}
[25.398449] (turtlebot3_gazebo) StdoutLine: {'line': b'-- Installing: /uolstore/home/users/sc23oy/ros2_ws/src/install/turtlebot3_gazebo/share/turtlebot3_gazebo//models/turtlebot3_burger/meshes/lds.dae\n'}
[25.406506] (turtlebot3_gazebo) StdoutLine: {'line': b'-- Installing: /uolstore/home/users/sc23oy/ros2_ws/src/install/turtlebot3_gazebo/share/turtlebot3_gazebo//models/turtlebot3_burger/meshes/sensors\n'}
[25.411375] (turtlebot3_gazebo) StdoutLine: {'line': b'-- Installing: /uolstore/home/users/sc23oy/ros2_ws/src/install/turtlebot3_gazebo/share/turtlebot3_gazebo//models/turtlebot3_burger/meshes/sensors/astra.dae\n'}
[25.471092] (-) TimerEvent: {}
[25.571311] (-) TimerEvent: {}
[25.576122] (turtlebot3_gazebo) StdoutLine: {'line': b'-- Installing: /uolstore/home/users/sc23oy/ros2_ws/src/install/turtlebot3_gazebo/share/turtlebot3_gazebo//models/turtlebot3_burger/meshes/sensors/astra.jpg\n'}
[25.586255] (turtlebot3_gazebo) StdoutLine: {'line': b'-- Installing: /uolstore/home/users/sc23oy/ros2_ws/src/install/turtlebot3_gazebo/share/turtlebot3_gazebo//models/turtlebot3_burger/meshes/sensors/lds.stl\n'}
[25.605677] (turtlebot3_gazebo) StdoutLine: {'line': b'-- Installing: /uolstore/home/users/sc23oy/ros2_ws/src/install/turtlebot3_gazebo/share/turtlebot3_gazebo//models/turtlebot3_burger/meshes/sensors/r200.dae\n'}
[25.617949] (turtlebot3_gazebo) StdoutLine: {'line': b'-- Installing: /uolstore/home/users/sc23oy/ros2_ws/src/install/turtlebot3_gazebo/share/turtlebot3_gazebo//models/turtlebot3_burger/meshes/sensors/r200.jpg\n'}
[25.625292] (turtlebot3_gazebo) StdoutLine: {'line': b'-- Installing: /uolstore/home/users/sc23oy/ros2_ws/src/install/turtlebot3_gazebo/share/turtlebot3_gazebo//models/turtlebot3_burger/meshes/tire.dae\n'}
[25.632883] (turtlebot3_gazebo) StdoutLine: {'line': b'-- Installing: /uolstore/home/users/sc23oy/ros2_ws/src/install/turtlebot3_gazebo/share/turtlebot3_gazebo//models/turtlebot3_burger/meshes/wheels\n'}
[25.637663] (turtlebot3_gazebo) StdoutLine: {'line': b'-- Installing: /uolstore/home/users/sc23oy/ros2_ws/src/install/turtlebot3_gazebo/share/turtlebot3_gazebo//models/turtlebot3_burger/meshes/wheels/left_tire.stl\n'}
[25.665175] (turtlebot3_gazebo) StdoutLine: {'line': b'-- Installing: /uolstore/home/users/sc23oy/ros2_ws/src/install/turtlebot3_gazebo/share/turtlebot3_gazebo//models/turtlebot3_burger/meshes/wheels/right_tire.stl\n'}
[25.671376] (-) TimerEvent: {}
[25.692159] (turtlebot3_gazebo) StdoutLine: {'line': b'-- Installing: /uolstore/home/users/sc23oy/ros2_ws/src/install/turtlebot3_gazebo/share/turtlebot3_gazebo//models/turtlebot3_burger/model-1_4.sdf\n'}
[25.699397] (turtlebot3_gazebo) StdoutLine: {'line': b'-- Installing: /uolstore/home/users/sc23oy/ros2_ws/src/install/turtlebot3_gazebo/share/turtlebot3_gazebo//models/turtlebot3_burger/model.config\n'}
[25.705993] (turtlebot3_gazebo) StdoutLine: {'line': b'-- Installing: /uolstore/home/users/sc23oy/ros2_ws/src/install/turtlebot3_gazebo/share/turtlebot3_gazebo//models/turtlebot3_burger/model.sdf\n'}
[25.713087] (turtlebot3_gazebo) StdoutLine: {'line': b'-- Installing: /uolstore/home/users/sc23oy/ros2_ws/src/install/turtlebot3_gazebo/share/turtlebot3_gazebo//models/turtlebot3_common\n'}
[25.717650] (turtlebot3_gazebo) StdoutLine: {'line': b'-- Installing: /uolstore/home/users/sc23oy/ros2_ws/src/install/turtlebot3_gazebo/share/turtlebot3_gazebo//models/turtlebot3_common/meshes\n'}
[25.722270] (turtlebot3_gazebo) StdoutLine: {'line': b'-- Installing: /uolstore/home/users/sc23oy/ros2_ws/src/install/turtlebot3_gazebo/share/turtlebot3_gazebo//models/turtlebot3_common/meshes/burger_base.dae\n'}
[25.730420] (turtlebot3_gazebo) StdoutLine: {'line': b'-- Installing: /uolstore/home/users/sc23oy/ros2_ws/src/install/turtlebot3_gazebo/share/turtlebot3_gazebo//models/turtlebot3_common/meshes/lds.dae\n'}
[25.738589] (turtlebot3_gazebo) StdoutLine: {'line': b'-- Installing: /uolstore/home/users/sc23oy/ros2_ws/src/install/turtlebot3_gazebo/share/turtlebot3_gazebo//models/turtlebot3_common/meshes/r200.dae\n'}
[25.750101] (turtlebot3_gazebo) StdoutLine: {'line': b'-- Installing: /uolstore/home/users/sc23oy/ros2_ws/src/install/turtlebot3_gazebo/share/turtlebot3_gazebo//models/turtlebot3_common/meshes/tire.dae\n'}
[25.757610] (turtlebot3_gazebo) StdoutLine: {'line': b'-- Installing: /uolstore/home/users/sc23oy/ros2_ws/src/install/turtlebot3_gazebo/share/turtlebot3_gazebo//models/turtlebot3_common/meshes/waffle_base.dae\n'}
[25.764606] (turtlebot3_gazebo) StdoutLine: {'line': b'-- Installing: /uolstore/home/users/sc23oy/ros2_ws/src/install/turtlebot3_gazebo/share/turtlebot3_gazebo//models/turtlebot3_common/meshes/waffle_pi_base.dae\n'}
[25.771465] (-) TimerEvent: {}
[25.771693] (turtlebot3_gazebo) StdoutLine: {'line': b'-- Installing: /uolstore/home/users/sc23oy/ros2_ws/src/install/turtlebot3_gazebo/share/turtlebot3_gazebo//models/turtlebot3_common/model.config\n'}
[25.777912] (turtlebot3_gazebo) StdoutLine: {'line': b'-- Installing: /uolstore/home/users/sc23oy/ros2_ws/src/install/turtlebot3_gazebo/share/turtlebot3_gazebo//models/turtlebot3_dqn_world\n'}
[25.781919] (turtlebot3_gazebo) StdoutLine: {'line': b'-- Installing: /uolstore/home/users/sc23oy/ros2_ws/src/install/turtlebot3_gazebo/share/turtlebot3_gazebo//models/turtlebot3_dqn_world/goal_box\n'}
[25.786646] (turtlebot3_gazebo) StdoutLine: {'line': b'-- Installing: /uolstore/home/users/sc23oy/ros2_ws/src/install/turtlebot3_gazebo/share/turtlebot3_gazebo//models/turtlebot3_dqn_world/goal_box/model.config\n'}
[25.793558] (turtlebot3_gazebo) StdoutLine: {'line': b'-- Installing: /uolstore/home/users/sc23oy/ros2_ws/src/install/turtlebot3_gazebo/share/turtlebot3_gazebo//models/turtlebot3_dqn_world/goal_box/model.sdf\n'}
[25.800334] (turtlebot3_gazebo) StdoutLine: {'line': b'-- Installing: /uolstore/home/users/sc23oy/ros2_ws/src/install/turtlebot3_gazebo/share/turtlebot3_gazebo//models/turtlebot3_dqn_world/inner_walls\n'}
[25.805268] (turtlebot3_gazebo) StdoutLine: {'line': b'-- Installing: /uolstore/home/users/sc23oy/ros2_ws/src/install/turtlebot3_gazebo/share/turtlebot3_gazebo//models/turtlebot3_dqn_world/inner_walls/model.config\n'}
[25.812308] (turtlebot3_gazebo) StdoutLine: {'line': b'-- Installing: /uolstore/home/users/sc23oy/ros2_ws/src/install/turtlebot3_gazebo/share/turtlebot3_gazebo//models/turtlebot3_dqn_world/inner_walls/model.sdf\n'}
[25.819662] (turtlebot3_gazebo) StdoutLine: {'line': b'-- Installing: /uolstore/home/users/sc23oy/ros2_ws/src/install/turtlebot3_gazebo/share/turtlebot3_gazebo//models/turtlebot3_dqn_world/model.config\n'}
[25.826595] (turtlebot3_gazebo) StdoutLine: {'line': b'-- Installing: /uolstore/home/users/sc23oy/ros2_ws/src/install/turtlebot3_gazebo/share/turtlebot3_gazebo//models/turtlebot3_dqn_world/model.sdf\n'}
[25.833333] (turtlebot3_gazebo) StdoutLine: {'line': b'-- Installing: /uolstore/home/users/sc23oy/ros2_ws/src/install/turtlebot3_gazebo/share/turtlebot3_gazebo//models/turtlebot3_dqn_world/obstacle1\n'}
[25.837852] (turtlebot3_gazebo) StdoutLine: {'line': b'-- Installing: /uolstore/home/users/sc23oy/ros2_ws/src/install/turtlebot3_gazebo/share/turtlebot3_gazebo//models/turtlebot3_dqn_world/obstacle1/model.config\n'}
[25.844704] (turtlebot3_gazebo) StdoutLine: {'line': b'-- Installing: /uolstore/home/users/sc23oy/ros2_ws/src/install/turtlebot3_gazebo/share/turtlebot3_gazebo//models/turtlebot3_dqn_world/obstacle1/model.sdf\n'}
[25.850936] (turtlebot3_gazebo) StdoutLine: {'line': b'-- Installing: /uolstore/home/users/sc23oy/ros2_ws/src/install/turtlebot3_gazebo/share/turtlebot3_gazebo//models/turtlebot3_dqn_world/obstacle2\n'}
[25.855394] (turtlebot3_gazebo) StdoutLine: {'line': b'-- Installing: /uolstore/home/users/sc23oy/ros2_ws/src/install/turtlebot3_gazebo/share/turtlebot3_gazebo//models/turtlebot3_dqn_world/obstacle2/model.config\n'}
[25.862068] (turtlebot3_gazebo) StdoutLine: {'line': b'-- Installing: /uolstore/home/users/sc23oy/ros2_ws/src/install/turtlebot3_gazebo/share/turtlebot3_gazebo//models/turtlebot3_dqn_world/obstacle2/model.sdf\n'}
[25.869129] (turtlebot3_gazebo) StdoutLine: {'line': b'-- Installing: /uolstore/home/users/sc23oy/ros2_ws/src/install/turtlebot3_gazebo/share/turtlebot3_gazebo//models/turtlebot3_dqn_world/obstacle_plugin\n'}
[25.871533] (-) TimerEvent: {}
[25.873356] (turtlebot3_gazebo) StdoutLine: {'line': b'-- Installing: /uolstore/home/users/sc23oy/ros2_ws/src/install/turtlebot3_gazebo/share/turtlebot3_gazebo//models/turtlebot3_dqn_world/obstacle_plugin/CMakeLists.txt\n'}
[25.880455] (turtlebot3_gazebo) StdoutLine: {'line': b'-- Installing: /uolstore/home/users/sc23oy/ros2_ws/src/install/turtlebot3_gazebo/share/turtlebot3_gazebo//models/turtlebot3_dqn_world/obstacle_plugin/obstacle1.cc\n'}
[25.886271] (turtlebot3_gazebo) StdoutLine: {'line': b'-- Installing: /uolstore/home/users/sc23oy/ros2_ws/src/install/turtlebot3_gazebo/share/turtlebot3_gazebo//models/turtlebot3_dqn_world/obstacle_plugin/obstacle2.cc\n'}
[25.892449] (turtlebot3_gazebo) StdoutLine: {'line': b'-- Installing: /uolstore/home/users/sc23oy/ros2_ws/src/install/turtlebot3_gazebo/share/turtlebot3_gazebo//models/turtlebot3_dqn_world/obstacle_plugin/obstacles.cc\n'}
[25.898375] (turtlebot3_gazebo) StdoutLine: {'line': b'-- Installing: /uolstore/home/users/sc23oy/ros2_ws/src/install/turtlebot3_gazebo/share/turtlebot3_gazebo//models/turtlebot3_dqn_world/obstacles\n'}
[25.902897] (turtlebot3_gazebo) StdoutLine: {'line': b'-- Installing: /uolstore/home/users/sc23oy/ros2_ws/src/install/turtlebot3_gazebo/share/turtlebot3_gazebo//models/turtlebot3_dqn_world/obstacles/model.config\n'}
[25.909634] (turtlebot3_gazebo) StdoutLine: {'line': b'-- Installing: /uolstore/home/users/sc23oy/ros2_ws/src/install/turtlebot3_gazebo/share/turtlebot3_gazebo//models/turtlebot3_dqn_world/obstacles/model.sdf\n'}
[25.916251] (turtlebot3_gazebo) StdoutLine: {'line': b'-- Installing: /uolstore/home/users/sc23oy/ros2_ws/src/install/turtlebot3_gazebo/share/turtlebot3_gazebo//models/turtlebot3_house\n'}
[25.920293] (turtlebot3_gazebo) StdoutLine: {'line': b'-- Installing: /uolstore/home/users/sc23oy/ros2_ws/src/install/turtlebot3_gazebo/share/turtlebot3_gazebo//models/turtlebot3_house/model.config\n'}
[25.927259] (turtlebot3_gazebo) StdoutLine: {'line': b'-- Installing: /uolstore/home/users/sc23oy/ros2_ws/src/install/turtlebot3_gazebo/share/turtlebot3_gazebo//models/turtlebot3_house/model.sdf\n'}
[25.938473] (turtlebot3_gazebo) StdoutLine: {'line': b'-- Installing: /uolstore/home/users/sc23oy/ros2_ws/src/install/turtlebot3_gazebo/share/turtlebot3_gazebo//models/turtlebot3_waffle\n'}
[25.942748] (turtlebot3_gazebo) StdoutLine: {'line': b'-- Installing: /uolstore/home/users/sc23oy/ros2_ws/src/install/turtlebot3_gazebo/share/turtlebot3_gazebo//models/turtlebot3_waffle/model-1_4.sdf\n'}
[25.950313] (turtlebot3_gazebo) StdoutLine: {'line': b'-- Installing: /uolstore/home/users/sc23oy/ros2_ws/src/install/turtlebot3_gazebo/share/turtlebot3_gazebo//models/turtlebot3_waffle/model.config\n'}
[25.956903] (turtlebot3_gazebo) StdoutLine: {'line': b'-- Installing: /uolstore/home/users/sc23oy/ros2_ws/src/install/turtlebot3_gazebo/share/turtlebot3_gazebo//models/turtlebot3_waffle/model.sdf\n'}
[25.963871] (turtlebot3_gazebo) StdoutLine: {'line': b'-- Installing: /uolstore/home/users/sc23oy/ros2_ws/src/install/turtlebot3_gazebo/share/turtlebot3_gazebo//models/turtlebot3_waffle_pi\n'}
[25.968166] (turtlebot3_gazebo) StdoutLine: {'line': b'-- Installing: /uolstore/home/users/sc23oy/ros2_ws/src/install/turtlebot3_gazebo/share/turtlebot3_gazebo//models/turtlebot3_waffle_pi/model-1_4_.sdf\n'}
[25.971615] (-) TimerEvent: {}
[25.975185] (turtlebot3_gazebo) StdoutLine: {'line': b'-- Installing: /uolstore/home/users/sc23oy/ros2_ws/src/install/turtlebot3_gazebo/share/turtlebot3_gazebo//models/turtlebot3_waffle_pi/model.config\n'}
[25.981262] (turtlebot3_gazebo) StdoutLine: {'line': b'-- Installing: /uolstore/home/users/sc23oy/ros2_ws/src/install/turtlebot3_gazebo/share/turtlebot3_gazebo//models/turtlebot3_waffle_pi/model.sdf\n'}
[25.988013] (turtlebot3_gazebo) StdoutLine: {'line': b'-- Installing: /uolstore/home/users/sc23oy/ros2_ws/src/install/turtlebot3_gazebo/share/turtlebot3_gazebo//models/turtlebot3_world\n'}
[25.992050] (turtlebot3_gazebo) StdoutLine: {'line': b'-- Installing: /uolstore/home/users/sc23oy/ros2_ws/src/install/turtlebot3_gazebo/share/turtlebot3_gazebo//models/turtlebot3_world/meshes\n'}
[25.996770] (turtlebot3_gazebo) StdoutLine: {'line': b'-- Installing: /uolstore/home/users/sc23oy/ros2_ws/src/install/turtlebot3_gazebo/share/turtlebot3_gazebo//models/turtlebot3_world/meshes/hexagon.dae\n'}
[26.003908] (turtlebot3_gazebo) StdoutLine: {'line': b'-- Installing: /uolstore/home/users/sc23oy/ros2_ws/src/install/turtlebot3_gazebo/share/turtlebot3_gazebo//models/turtlebot3_world/meshes/wall.dae\n'}
[26.010732] (turtlebot3_gazebo) StdoutLine: {'line': b'-- Installing: /uolstore/home/users/sc23oy/ros2_ws/src/install/turtlebot3_gazebo/share/turtlebot3_gazebo//models/turtlebot3_world/model-1_4.sdf\n'}
[26.018115] (turtlebot3_gazebo) StdoutLine: {'line': b'-- Installing: /uolstore/home/users/sc23oy/ros2_ws/src/install/turtlebot3_gazebo/share/turtlebot3_gazebo//models/turtlebot3_world/model.config\n'}
[26.024456] (turtlebot3_gazebo) StdoutLine: {'line': b'-- Installing: /uolstore/home/users/sc23oy/ros2_ws/src/install/turtlebot3_gazebo/share/turtlebot3_gazebo//models/turtlebot3_world/model.sdf\n'}
[26.031354] (turtlebot3_gazebo) StdoutLine: {'line': b'-- Installing: /uolstore/home/users/sc23oy/ros2_ws/src/install/turtlebot3_gazebo/share/turtlebot3_gazebo//models/window1\n'}
[26.035476] (turtlebot3_gazebo) StdoutLine: {'line': b'-- Installing: /uolstore/home/users/sc23oy/ros2_ws/src/install/turtlebot3_gazebo/share/turtlebot3_gazebo//models/window1/materials\n'}
[26.039977] (turtlebot3_gazebo) StdoutLine: {'line': b'-- Installing: /uolstore/home/users/sc23oy/ros2_ws/src/install/turtlebot3_gazebo/share/turtlebot3_gazebo//models/window1/materials/scripts\n'}
[26.044794] (turtlebot3_gazebo) StdoutLine: {'line': b'-- Installing: /uolstore/home/users/sc23oy/ros2_ws/src/install/turtlebot3_gazebo/share/turtlebot3_gazebo//models/window1/materials/scripts/repeated.material\n'}
[26.051083] (turtlebot3_gazebo) StdoutLine: {'line': b'-- Installing: /uolstore/home/users/sc23oy/ros2_ws/src/install/turtlebot3_gazebo/share/turtlebot3_gazebo//models/window1/materials/textures\n'}
[26.055742] (turtlebot3_gazebo) StdoutLine: {'line': b'-- Installing: /uolstore/home/users/sc23oy/ros2_ws/src/install/turtlebot3_gazebo/share/turtlebot3_gazebo//models/window1/materials/textures/1.jpg\n'}
[26.066504] (turtlebot3_gazebo) StdoutLine: {'line': b'-- Installing: /uolstore/home/users/sc23oy/ros2_ws/src/install/turtlebot3_gazebo/share/turtlebot3_gazebo//models/window1/materials/textures/2.jpg\n'}
[26.071693] (-) TimerEvent: {}
[26.076933] (turtlebot3_gazebo) StdoutLine: {'line': b'-- Installing: /uolstore/home/users/sc23oy/ros2_ws/src/install/turtlebot3_gazebo/share/turtlebot3_gazebo//models/window1/materials/textures/3.jpg\n'}
[26.087850] (turtlebot3_gazebo) StdoutLine: {'line': b'-- Installing: /uolstore/home/users/sc23oy/ros2_ws/src/install/turtlebot3_gazebo/share/turtlebot3_gazebo//models/window1/model.config\n'}
[26.094601] (turtlebot3_gazebo) StdoutLine: {'line': b'-- Installing: /uolstore/home/users/sc23oy/ros2_ws/src/install/turtlebot3_gazebo/share/turtlebot3_gazebo//models/window1/model.sdf\n'}
[26.100761] (turtlebot3_gazebo) StdoutLine: {'line': b'-- Installing: /uolstore/home/users/sc23oy/ros2_ws/src/install/turtlebot3_gazebo/share/turtlebot3_gazebo//models/window2\n'}
[26.104827] (turtlebot3_gazebo) StdoutLine: {'line': b'-- Installing: /uolstore/home/users/sc23oy/ros2_ws/src/install/turtlebot3_gazebo/share/turtlebot3_gazebo//models/window2/materials\n'}
[26.109282] (turtlebot3_gazebo) StdoutLine: {'line': b'-- Installing: /uolstore/home/users/sc23oy/ros2_ws/src/install/turtlebot3_gazebo/share/turtlebot3_gazebo//models/window2/materials/scripts\n'}
[26.114119] (turtlebot3_gazebo) StdoutLine: {'line': b'-- Installing: /uolstore/home/users/sc23oy/ros2_ws/src/install/turtlebot3_gazebo/share/turtlebot3_gazebo//models/window2/materials/scripts/repeated.material\n'}
[26.120384] (turtlebot3_gazebo) StdoutLine: {'line': b'-- Installing: /uolstore/home/users/sc23oy/ros2_ws/src/install/turtlebot3_gazebo/share/turtlebot3_gazebo//models/window2/materials/textures\n'}
[26.125351] (turtlebot3_gazebo) StdoutLine: {'line': b'-- Installing: /uolstore/home/users/sc23oy/ros2_ws/src/install/turtlebot3_gazebo/share/turtlebot3_gazebo//models/window2/materials/textures/1.jpg\n'}
[26.136310] (turtlebot3_gazebo) StdoutLine: {'line': b'-- Installing: /uolstore/home/users/sc23oy/ros2_ws/src/install/turtlebot3_gazebo/share/turtlebot3_gazebo//models/window2/materials/textures/2.jpg\n'}
[26.146364] (turtlebot3_gazebo) StdoutLine: {'line': b'-- Installing: /uolstore/home/users/sc23oy/ros2_ws/src/install/turtlebot3_gazebo/share/turtlebot3_gazebo//models/window2/materials/textures/3.jpg\n'}
[26.156745] (turtlebot3_gazebo) StdoutLine: {'line': b'-- Installing: /uolstore/home/users/sc23oy/ros2_ws/src/install/turtlebot3_gazebo/share/turtlebot3_gazebo//models/window2/model.config\n'}
[26.162819] (turtlebot3_gazebo) StdoutLine: {'line': b'-- Installing: /uolstore/home/users/sc23oy/ros2_ws/src/install/turtlebot3_gazebo/share/turtlebot3_gazebo//models/window2/model.sdf\n'}
[26.169134] (turtlebot3_gazebo) StdoutLine: {'line': b'-- Installing: /uolstore/home/users/sc23oy/ros2_ws/src/install/turtlebot3_gazebo/share/turtlebot3_gazebo//models/window3\n'}
[26.171776] (-) TimerEvent: {}
[26.173339] (turtlebot3_gazebo) StdoutLine: {'line': b'-- Installing: /uolstore/home/users/sc23oy/ros2_ws/src/install/turtlebot3_gazebo/share/turtlebot3_gazebo//models/window3/materials\n'}
[26.177721] (turtlebot3_gazebo) StdoutLine: {'line': b'-- Installing: /uolstore/home/users/sc23oy/ros2_ws/src/install/turtlebot3_gazebo/share/turtlebot3_gazebo//models/window3/materials/scripts\n'}
[26.182314] (turtlebot3_gazebo) StdoutLine: {'line': b'-- Installing: /uolstore/home/users/sc23oy/ros2_ws/src/install/turtlebot3_gazebo/share/turtlebot3_gazebo//models/window3/materials/scripts/repeated.material\n'}
[26.188868] (turtlebot3_gazebo) StdoutLine: {'line': b'-- Installing: /uolstore/home/users/sc23oy/ros2_ws/src/install/turtlebot3_gazebo/share/turtlebot3_gazebo//models/window3/materials/textures\n'}
[26.193408] (turtlebot3_gazebo) StdoutLine: {'line': b'-- Installing: /uolstore/home/users/sc23oy/ros2_ws/src/install/turtlebot3_gazebo/share/turtlebot3_gazebo//models/window3/materials/textures/1.jpg\n'}
[26.203611] (turtlebot3_gazebo) StdoutLine: {'line': b'-- Installing: /uolstore/home/users/sc23oy/ros2_ws/src/install/turtlebot3_gazebo/share/turtlebot3_gazebo//models/window3/materials/textures/2.jpg\n'}
[26.213444] (turtlebot3_gazebo) StdoutLine: {'line': b'-- Installing: /uolstore/home/users/sc23oy/ros2_ws/src/install/turtlebot3_gazebo/share/turtlebot3_gazebo//models/window3/materials/textures/3.jpg\n'}
[26.224549] (turtlebot3_gazebo) StdoutLine: {'line': b'-- Installing: /uolstore/home/users/sc23oy/ros2_ws/src/install/turtlebot3_gazebo/share/turtlebot3_gazebo//models/window3/model.config\n'}
[26.230725] (turtlebot3_gazebo) StdoutLine: {'line': b'-- Installing: /uolstore/home/users/sc23oy/ros2_ws/src/install/turtlebot3_gazebo/share/turtlebot3_gazebo//models/window3/model.sdf\n'}
[26.236727] (turtlebot3_gazebo) StdoutLine: {'line': b'-- Installing: /uolstore/home/users/sc23oy/ros2_ws/src/install/turtlebot3_gazebo/share/turtlebot3_gazebo//models/box_blue\n'}
[26.240859] (turtlebot3_gazebo) StdoutLine: {'line': b'-- Installing: /uolstore/home/users/sc23oy/ros2_ws/src/install/turtlebot3_gazebo/share/turtlebot3_gazebo//models/box_blue/model.config\n'}
[26.247480] (turtlebot3_gazebo) StdoutLine: {'line': b'-- Installing: /uolstore/home/users/sc23oy/ros2_ws/src/install/turtlebot3_gazebo/share/turtlebot3_gazebo//models/box_blue/model.sdf\n'}
[26.254020] (turtlebot3_gazebo) StdoutLine: {'line': b'-- Installing: /uolstore/home/users/sc23oy/ros2_ws/src/install/turtlebot3_gazebo/share/turtlebot3_gazebo//models/box_green\n'}
[26.258269] (turtlebot3_gazebo) StdoutLine: {'line': b'-- Installing: /uolstore/home/users/sc23oy/ros2_ws/src/install/turtlebot3_gazebo/share/turtlebot3_gazebo//models/box_green/model.config\n'}
[26.264791] (turtlebot3_gazebo) StdoutLine: {'line': b'-- Installing: /uolstore/home/users/sc23oy/ros2_ws/src/install/turtlebot3_gazebo/share/turtlebot3_gazebo//models/box_green/model.sdf\n'}
[26.271383] (turtlebot3_gazebo) StdoutLine: {'line': b'-- Installing: /uolstore/home/users/sc23oy/ros2_ws/src/install/turtlebot3_gazebo/share/turtlebot3_gazebo//models/box_red\n'}
[26.271801] (-) TimerEvent: {}
[26.275533] (turtlebot3_gazebo) StdoutLine: {'line': b'-- Installing: /uolstore/home/users/sc23oy/ros2_ws/src/install/turtlebot3_gazebo/share/turtlebot3_gazebo//models/box_red/model.config\n'}
[26.284893] (turtlebot3_gazebo) StdoutLine: {'line': b'-- Installing: /uolstore/home/users/sc23oy/ros2_ws/src/install/turtlebot3_gazebo/share/turtlebot3_gazebo//models/box_red/model.sdf\n'}
[26.293150] (turtlebot3_gazebo) StdoutLine: {'line': b'-- Installing: /uolstore/home/users/sc23oy/ros2_ws/src/install/turtlebot3_gazebo/share/turtlebot3_gazebo//models/first_2015_trash_can\n'}
[26.296973] (turtlebot3_gazebo) StdoutLine: {'line': b'-- Installing: /uolstore/home/users/sc23oy/ros2_ws/src/install/turtlebot3_gazebo/share/turtlebot3_gazebo//models/first_2015_trash_can/meshes\n'}
[26.301612] (turtlebot3_gazebo) StdoutLine: {'line': b'-- Installing: /uolstore/home/users/sc23oy/ros2_ws/src/install/turtlebot3_gazebo/share/turtlebot3_gazebo//models/first_2015_trash_can/meshes/trash_can.dae\n'}
[26.325574] (turtlebot3_gazebo) StdoutLine: {'line': b'-- Installing: /uolstore/home/users/sc23oy/ros2_ws/src/install/turtlebot3_gazebo/share/turtlebot3_gazebo//models/first_2015_trash_can/model.config\n'}
[26.332418] (turtlebot3_gazebo) StdoutLine: {'line': b'-- Installing: /uolstore/home/users/sc23oy/ros2_ws/src/install/turtlebot3_gazebo/share/turtlebot3_gazebo//models/first_2015_trash_can/model.sdf\n'}
[26.338703] (turtlebot3_gazebo) StdoutLine: {'line': b'-- Installing: /uolstore/home/users/sc23oy/ros2_ws/src/install/turtlebot3_gazebo/share/turtlebot3_gazebo//rviz\n'}
[26.342585] (turtlebot3_gazebo) StdoutLine: {'line': b'-- Installing: /uolstore/home/users/sc23oy/ros2_ws/src/install/turtlebot3_gazebo/share/turtlebot3_gazebo//rviz/tb3_gazebo.rviz\n'}
[26.349504] (turtlebot3_gazebo) StdoutLine: {'line': b'-- Installing: /uolstore/home/users/sc23oy/ros2_ws/src/install/turtlebot3_gazebo/share/turtlebot3_gazebo//urdf\n'}
[26.353405] (turtlebot3_gazebo) StdoutLine: {'line': b'-- Installing: /uolstore/home/users/sc23oy/ros2_ws/src/install/turtlebot3_gazebo/share/turtlebot3_gazebo//urdf/common_properties.urdf\n'}
[26.360279] (turtlebot3_gazebo) StdoutLine: {'line': b'-- Installing: /uolstore/home/users/sc23oy/ros2_ws/src/install/turtlebot3_gazebo/share/turtlebot3_gazebo//urdf/turtlebot3_burger.urdf\n'}
[26.367329] (turtlebot3_gazebo) StdoutLine: {'line': b'-- Installing: /uolstore/home/users/sc23oy/ros2_ws/src/install/turtlebot3_gazebo/share/turtlebot3_gazebo//urdf/turtlebot3_waffle.urdf\n'}
[26.371874] (-) TimerEvent: {}
[26.374359] (turtlebot3_gazebo) StdoutLine: {'line': b'-- Installing: /uolstore/home/users/sc23oy/ros2_ws/src/install/turtlebot3_gazebo/share/turtlebot3_gazebo//urdf/turtlebot3_waffle_pi.urdf\n'}
[26.381411] (turtlebot3_gazebo) StdoutLine: {'line': b'-- Installing: /uolstore/home/users/sc23oy/ros2_ws/src/install/turtlebot3_gazebo/share/turtlebot3_gazebo//worlds\n'}
[26.385525] (turtlebot3_gazebo) StdoutLine: {'line': b'-- Installing: /uolstore/home/users/sc23oy/ros2_ws/src/install/turtlebot3_gazebo/share/turtlebot3_gazebo//worlds/empty_world.world\n'}
[26.392394] (turtlebot3_gazebo) StdoutLine: {'line': b'-- Installing: /uolstore/home/users/sc23oy/ros2_ws/src/install/turtlebot3_gazebo/share/turtlebot3_gazebo//worlds/rgb.world\n'}
[26.399490] (turtlebot3_gazebo) StdoutLine: {'line': b'-- Installing: /uolstore/home/users/sc23oy/ros2_ws/src/install/turtlebot3_gazebo/share/turtlebot3_gazebo//worlds/turtlebot3_dqn_stage1.world\n'}
[26.405444] (turtlebot3_gazebo) StdoutLine: {'line': b'-- Installing: /uolstore/home/users/sc23oy/ros2_ws/src/install/turtlebot3_gazebo/share/turtlebot3_gazebo//worlds/turtlebot3_dqn_stage2.world\n'}
[26.411403] (turtlebot3_gazebo) StdoutLine: {'line': b'-- Installing: /uolstore/home/users/sc23oy/ros2_ws/src/install/turtlebot3_gazebo/share/turtlebot3_gazebo//worlds/turtlebot3_dqn_stage3.world\n'}
[26.417029] (turtlebot3_gazebo) StdoutLine: {'line': b'-- Installing: /uolstore/home/users/sc23oy/ros2_ws/src/install/turtlebot3_gazebo/share/turtlebot3_gazebo//worlds/turtlebot3_dqn_stage4.world\n'}
[26.423146] (turtlebot3_gazebo) StdoutLine: {'line': b'-- Installing: /uolstore/home/users/sc23oy/ros2_ws/src/install/turtlebot3_gazebo/share/turtlebot3_gazebo//worlds/turtlebot3_house.world\n'}
[26.429120] (turtlebot3_gazebo) StdoutLine: {'line': b'-- Installing: /uolstore/home/users/sc23oy/ros2_ws/src/install/turtlebot3_gazebo/share/turtlebot3_gazebo//worlds/turtlebot3_panorama\n'}
[26.433421] (turtlebot3_gazebo) StdoutLine: {'line': b'-- Installing: /uolstore/home/users/sc23oy/ros2_ws/src/install/turtlebot3_gazebo/share/turtlebot3_gazebo//worlds/turtlebot3_panorama/turtlebot3_panorama.world\n'}
[26.439991] (turtlebot3_gazebo) StdoutLine: {'line': b'-- Installing: /uolstore/home/users/sc23oy/ros2_ws/src/install/turtlebot3_gazebo/share/turtlebot3_gazebo//worlds/turtlebot3_space\n'}
[26.444177] (turtlebot3_gazebo) StdoutLine: {'line': b'-- Installing: /uolstore/home/users/sc23oy/ros2_ws/src/install/turtlebot3_gazebo/share/turtlebot3_gazebo//worlds/turtlebot3_space/turtlebot3_space.world\n'}
[26.450633] (turtlebot3_gazebo) StdoutLine: {'line': b'-- Installing: /uolstore/home/users/sc23oy/ros2_ws/src/install/turtlebot3_gazebo/share/turtlebot3_gazebo//worlds/turtlebot3_world.world\n'}
[26.456713] (turtlebot3_gazebo) StdoutLine: {'line': b'-- Installing: /uolstore/home/users/sc23oy/ros2_ws/src/install/turtlebot3_gazebo/share/turtlebot3_gazebo//worlds/task_world_2026.world\n'}
[26.465101] (turtlebot3_gazebo) StdoutLine: {'line': b'-- Installing: /uolstore/home/users/sc23oy/ros2_ws/src/install/turtlebot3_gazebo/include/\n'}
[26.468218] (turtlebot3_gazebo) StdoutLine: {'line': b'-- Installing: /uolstore/home/users/sc23oy/ros2_ws/src/install/turtlebot3_gazebo/include//turtlebot3_gazebo\n'}
[26.471847] (turtlebot3_gazebo) StdoutLine: {'line': b'-- Installing: /uolstore/home/users/sc23oy/ros2_ws/src/install/turtlebot3_gazebo/include//turtlebot3_gazebo/turtlebot3_drive.hpp\n'}
[26.471918] (-) TimerEvent: {}
[26.482251] (turtlebot3_gazebo) StdoutLine: {'line': b'-- Installing: /uolstore/home/users/sc23oy/ros2_ws/src/install/turtlebot3_gazebo/share/ament_index/resource_index/package_run_dependencies/turtlebot3_gazebo\n'}
[26.491871] (turtlebot3_gazebo) StdoutLine: {'line': b'-- Installing: /uolstore/home/users/sc23oy/ros2_ws/src/install/turtlebot3_gazebo/share/ament_index/resource_index/parent_prefix_path/turtlebot3_gazebo\n'}
[26.500913] (turtlebot3_gazebo) StdoutLine: {'line': b'-- Installing: /uolstore/home/users/sc23oy/ros2_ws/src/install/turtlebot3_gazebo/share/turtlebot3_gazebo/environment/ament_prefix_path.sh\n'}
[26.506620] (turtlebot3_gazebo) StdoutLine: {'line': b'-- Installing: /uolstore/home/users/sc23oy/ros2_ws/src/install/turtlebot3_gazebo/share/turtlebot3_gazebo/environment/ament_prefix_path.dsv\n'}
[26.513292] (turtlebot3_gazebo) StdoutLine: {'line': b'-- Installing: /uolstore/home/users/sc23oy/ros2_ws/src/install/turtlebot3_gazebo/share/turtlebot3_gazebo/environment/path.sh\n'}
[26.518948] (turtlebot3_gazebo) StdoutLine: {'line': b'-- Installing: /uolstore/home/users/sc23oy/ros2_ws/src/install/turtlebot3_gazebo/share/turtlebot3_gazebo/environment/path.dsv\n'}
[26.525818] (turtlebot3_gazebo) StdoutLine: {'line': b'-- Installing: /uolstore/home/users/sc23oy/ros2_ws/src/install/turtlebot3_gazebo/share/turtlebot3_gazebo/local_setup.bash\n'}
[26.533059] (turtlebot3_gazebo) StdoutLine: {'line': b'-- Installing: /uolstore/home/users/sc23oy/ros2_ws/src/install/turtlebot3_gazebo/share/turtlebot3_gazebo/local_setup.sh\n'}
[26.540472] (turtlebot3_gazebo) StdoutLine: {'line': b'-- Installing: /uolstore/home/users/sc23oy/ros2_ws/src/install/turtlebot3_gazebo/share/turtlebot3_gazebo/local_setup.zsh\n'}
[26.547950] (turtlebot3_gazebo) StdoutLine: {'line': b'-- Installing: /uolstore/home/users/sc23oy/ros2_ws/src/install/turtlebot3_gazebo/share/turtlebot3_gazebo/local_setup.dsv\n'}
[26.555320] (turtlebot3_gazebo) StdoutLine: {'line': b'-- Installing: /uolstore/home/users/sc23oy/ros2_ws/src/install/turtlebot3_gazebo/share/turtlebot3_gazebo/package.dsv\n'}
[26.564762] (turtlebot3_gazebo) StdoutLine: {'line': b'-- Installing: /uolstore/home/users/sc23oy/ros2_ws/src/install/turtlebot3_gazebo/share/ament_index/resource_index/packages/turtlebot3_gazebo\n'}
[26.571991] (-) TimerEvent: {}
[26.572634] (turtlebot3_gazebo) StdoutLine: {'line': b'-- Installing: /uolstore/home/users/sc23oy/ros2_ws/src/install/turtlebot3_gazebo/share/turtlebot3_gazebo/cmake/ament_cmake_export_include_directories-extras.cmake\n'}
[26.579637] (turtlebot3_gazebo) StdoutLine: {'line': b'-- Installing: /uolstore/home/users/sc23oy/ros2_ws/src/install/turtlebot3_gazebo/share/turtlebot3_gazebo/cmake/ament_cmake_export_dependencies-extras.cmake\n'}
[26.586090] (turtlebot3_gazebo) StdoutLine: {'line': b'-- Installing: /uolstore/home/users/sc23oy/ros2_ws/src/install/turtlebot3_gazebo/share/turtlebot3_gazebo/cmake/turtlebot3_gazeboConfig.cmake\n'}
[26.592616] (turtlebot3_gazebo) StdoutLine: {'line': b'-- Installing: /uolstore/home/users/sc23oy/ros2_ws/src/install/turtlebot3_gazebo/share/turtlebot3_gazebo/cmake/turtlebot3_gazeboConfig-version.cmake\n'}
[26.599286] (turtlebot3_gazebo) StdoutLine: {'line': b'-- Installing: /uolstore/home/users/sc23oy/ros2_ws/src/install/turtlebot3_gazebo/share/turtlebot3_gazebo/package.xml\n'}
[26.608841] (turtlebot3_gazebo) CommandEnded: {'returncode': 0}
[26.672105] (-) TimerEvent: {}
[26.772409] (-) TimerEvent: {}
[26.872685] (-) TimerEvent: {}
[26.973252] (-) TimerEvent: {}
[27.035952] (turtlebot3_gazebo) JobEnded: {'identifier': 'turtlebot3_gazebo', 'rc': 0}
[27.039208] (turtlebot3_simulations) JobStarted: {'identifier': 'turtlebot3_simulations'}
[27.073359] (-) TimerEvent: {}
[27.173664] (-) TimerEvent: {}
[27.175913] (turtlebot3_simulations) JobProgress: {'identifier': 'turtlebot3_simulations', 'progress': 'cmake'}
[27.177805] (turtlebot3_simulations) Command: {'cmd': ['/usr/bin/cmake', '/uolstore/home/users/sc23oy/ros2_ws/src/turtlebot3_simulations/turtlebot3_simulations', '-DCMAKE_INSTALL_PREFIX=/uolstore/home/users/sc23oy/ros2_ws/src/install/turtlebot3_simulations'], 'cwd': '/uolstore/home/users/sc23oy/ros2_ws/src/build/turtlebot3_simulations', 'env': OrderedDict([('LESSOPEN', '||/usr/bin/lesspipe.sh %s'), ('LMOD_DIR', '/usr/share/lmod/lmod/libexec'), ('MAIL', '/var/spool/mail/sc23oy'), ('USER', 'sc23oy'), ('__LMOD_REF_COUNT_CMAKE_PREFIX_PATH', '/uollinapps/v2/24-25/soc/packages/linux-rhel9-x86_64_v3/gcc-11.4.0/gcc-14.2.0-svuh5yskfnrwh537tvxvt642acswwlju:1'), ('HOSTNAME', 'feng-linux-07.leeds.ac.uk'), ('XDG_SESSION_TYPE', 'x11'), ('MPI_FORTRAN_MOD_DIR', '/usr/lib64/gfortran/modules/openmpi'), ('GIT_ASKPASS', '/usr/share/code/resources/app/extensions/git/dist/askpass.sh'), ('LMOD_PKG', '/usr/share/lmod/lmod'), ('SHLVL', '3'), ('LD_LIBRARY_PATH', '/usr/lib/x86_64-linux-gnu/gazebo-11/plugins:/opt/ros/humble/opt/rviz_ogre_vendor/lib:/opt/ros/humble/lib/x86_64-linux-gnu:/opt/ros/humble/lib:/.singularity.d/libs:/usr/lib/x86_64-linux-gnu/gazebo-11/plugins:'), ('MPI_INCLUDE', '/usr/include/openmpi-x86_64'), ('HOME', '/uolstore/home/users/sc23oy'), ('CHROME_DESKTOP', 'code-url-handler.desktop'), ('OLDPWD', '/uolstore/home/users/sc23oy/ros2_ws'), ('TERM_PROGRAM_VERSION', '1.86.2'), ('DESKTOP_SESSION', 'gnome'), ('USER_PATH', '/usr/lib64/openmpi/bin:/usr/lib64/qt6/bin:/uollinapps/v2/24-25/soc/packages/linux-rhel9-x86_64_v3/gcc-11.4.0/gcc-14.2.0-svuh5yskfnrwh537tvxvt642acswwlju/bin:/uolstore/home/users/sc23oy/.local/bin:/uolstore/home/users/sc23oy/bin:/usr/local/bin:/usr/local/sbin:/usr/bin:/usr/sbin:/opt/puppetlabs/bin:/bin:/usr/bin:/sbin:/usr/sbin:/usr/local/bin:/usr/local/sbin'), ('__LMOD_REF_COUNT_PKG_CONFIG_PATH', '/usr/lib64/openmpi/lib/pkgconfig:1'), ('GAZEBO_MASTER_URI', 'http://localhost:11345'), ('ROS_PYTHON_VERSION', '3'), ('FPATH', '/usr/share/lmod/lmod/init/ksh_funcs'), ('FC', '/uollinapps/v2/24-25/soc/packages/linux-rhel9-x86_64_v3/gcc-11.4.0/gcc-14.2.0-svuh5yskfnrwh537tvxvt642acswwlju/bin/gfortran'), ('VSCODE_GIT_ASKPASS_MAIN', '/usr/share/code/resources/app/extensions/git/dist/askpass-main.js'), ('PS1', '\\[\x1b]633;A\x07\\][COMP3631] Singularity> \\w $ \\[\x1b]633;B\x07\\]'), ('VSCODE_GIT_ASKPASS_NODE', '/usr/share/code/code'), ('MPI_PYTHON3_SITEARCH', '/usr/lib64/python3.9/site-packages/openmpi'), ('LMOD_FAMILY_COMPILER_VERSION', '14.2.0'), ('_LMFILES_', '/uollinapps/v2/current/soc/spack/el9/Core/gcc/14.2.0.lua:/usr/share/modulefiles/mpi/openmpi-x86_64'), ('DBUS_SESSION_BUS_ADDRESS', 'unix:abstract=/tmp/dbus-8qGMb8aiOx,guid=2ad71e69851b37c21bae78fe69eca169'), ('COLORTERM', 'truecolor'), ('APPTAINER_ENVIRONMENT', '/.singularity.d/env/91-environment.sh'), ('__LMOD_REF_COUNT_PATH', '/usr/lib64/openmpi/bin:1;/usr/lib64/qt6/bin:2;/uollinapps/v2/24-25/soc/packages/linux-rhel9-x86_64_v3/gcc-11.4.0/gcc-14.2.0-svuh5yskfnrwh537tvxvt642acswwlju/bin:1;/uolstore/home/users/sc23oy/.local/bin:1;/uolstore/home/users/sc23oy/bin:1;/usr/local/bin:1;/usr/local/sbin:1;/usr/bin:1;/usr/sbin:1;/opt/puppetlabs/bin:1'), ('LMOD_sys', 'Linux'), ('F77', '/uollinapps/v2/24-25/soc/packages/linux-rhel9-x86_64_v3/gcc-11.4.0/gcc-14.2.0-svuh5yskfnrwh537tvxvt642acswwlju/bin/gfortran'), ('which_declare', 'declare -f'), ('COLCON_PREFIX_PATH', '/uolstore/home/users/sc23oy/ros2_ws/install'), ('ROS_DISTRO', 'humble'), ('SINGULARITY_ENVIRONMENT', '/.singularity.d/env/91-environment.sh'), ('LOGNAME', 'sc23oy'), ('MPI_COMPILER', 'openmpi-x86_64'), ('LMOD_VERSION', '8.7.65'), ('_', '/usr/bin/colcon'), ('ROS_VERSION', '2'), ('MPI_LIB', '/usr/lib64/openmpi/lib'), ('PKG_CONFIG_PATH', '/usr/lib64/openmpi/lib/pkgconfig'), ('XDG_SESSION_CLASS', 'user'), ('USERNAME', 'sc23oy'), ('TERM', 'xterm-256color'), ('GAZEBO_MODEL_PATH', '/usr/share/gazebo-11/models:'), ('MPI_BIN', '/usr/lib64/openmpi/bin'), ('ROS_LOCALHOST_ONLY', '1'), ('HISTCONTROL', 'ignoredups'), ('OGRE_RESOURCE_PATH', '/usr/lib/x86_64-linux-gnu/OGRE-1.9.0'), ('PATH', '/opt/ros/humble/bin:/usr/lib64/qt6/bin:/uolstore/home/users/sc23oy/.local/bin:/uolstore/home/users/sc23oy/bin:/usr/local/sbin:/usr/local/bin:/usr/sbin:/usr/bin:/sbin:/bin'), ('MPI_HOME', '/usr/lib64/openmpi'), ('GDM_LANG', 'en_GB.UTF-8'), ('APPTAINER_COMMAND', 'shell'), ('LMOD_SETTARG_FULL_SUPPORT', 'no'), ('__LMOD_REF_COUNT_LD_LIBRARY_PATH', '/usr/lib64/openmpi/lib:1'), ('XDG_MENU_PREFIX', 'gnome-'), ('GNOME_TERMINAL_SCREEN', '/org/gnome/Terminal/screen/3e198ced_e144_4c1b_ba88_d3f0aa723bad'), ('XDG_RUNTIME_DIR', '/run/user/604234'), ('MPI_MAN', '/usr/share/man/openmpi-x86_64'), ('GDK_BACKEND', 'x11'), ('DISPLAY', ':1'), ('HISTSIZE', '1000'), ('APPTAINER_APPNAME', ''), ('LANG', 'en_US.UTF-8'), ('XDG_CURRENT_DESKTOP', 'GNOME'), ('LMOD_ROOT', '/usr/share/lmod'), ('XMODIFIERS', '@im=ibus'), ('XDG_SESSION_DESKTOP', 'gnome'), ('XAUTHORITY', '/run/gdm/auth-for-sc23oy-AYJ5N3/database'), ('LS_COLORS', 'rs=0:di=01;34:ln=01;36:mh=00:pi=40;33:so=01;35:do=01;35:bd=40;33;01:cd=40;33;01:or=40;31;01:mi=01;37;41:su=37;41:sg=30;43:ca=30;41:tw=30;42:ow=34;42:st=37;44:ex=01;32:*.tar=01;31:*.tgz=01;31:*.arc=01;31:*.arj=01;31:*.taz=01;31:*.lha=01;31:*.lz4=01;31:*.lzh=01;31:*.lzma=01;31:*.tlz=01;31:*.txz=01;31:*.tzo=01;31:*.t7z=01;31:*.zip=01;31:*.z=01;31:*.dz=01;31:*.gz=01;31:*.lrz=01;31:*.lz=01;31:*.lzo=01;31:*.xz=01;31:*.zst=01;31:*.tzst=01;31:*.bz2=01;31:*.bz=01;31:*.tbz=01;31:*.tbz2=01;31:*.tz=01;31:*.deb=01;31:*.rpm=01;31:*.jar=01;31:*.war=01;31:*.ear=01;31:*.sar=01;31:*.rar=01;31:*.alz=01;31:*.ace=01;31:*.zoo=01;31:*.cpio=01;31:*.7z=01;31:*.rz=01;31:*.cab=01;31:*.wim=01;31:*.swm=01;31:*.dwm=01;31:*.esd=01;31:*.jpg=01;35:*.jpeg=01;35:*.mjpg=01;35:*.mjpeg=01;35:*.gif=01;35:*.bmp=01;35:*.pbm=01;35:*.pgm=01;35:*.ppm=01;35:*.tga=01;35:*.xbm=01;35:*.xpm=01;35:*.tif=01;35:*.tiff=01;35:*.png=01;35:*.svg=01;35:*.svgz=01;35:*.mng=01;35:*.pcx=01;35:*.mov=01;35:*.mpg=01;35:*.mpeg=01;35:*.m2v=01;35:*.mkv=01;35:*.webm=01;35:*.webp=01;35:*.ogm=01;35:*.mp4=01;35:*.m4v=01;35:*.mp4v=01;35:*.vob=01;35:*.qt=01;35:*.nuv=01;35:*.wmv=01;35:*.asf=01;35:*.rm=01;35:*.rmvb=01;35:*.flc=01;35:*.avi=01;35:*.fli=01;35:*.flv=01;35:*.gl=01;35:*.dl=01;35:*.xcf=01;35:*.xwd=01;35:*.yuv=01;35:*.cgm=01;35:*.emf=01;35:*.ogv=01;35:*.ogx=01;35:*.aac=01;36:*.au=01;36:*.flac=01;36:*.m4a=01;36:*.mid=01;36:*.midi=01;36:*.mka=01;36:*.mp3=01;36:*.mpc=01;36:*.ogg=01;36:*.ra=01;36:*.wav=01;36:*.oga=01;36:*.opus=01;36:*.spx=01;36:*.xspf=01;36:'), ('VSCODE_GIT_IPC_HANDLE', '/run/user/604234/vscode-git-8fb86e4b5d.sock'), ('GNOME_TERMINAL_SERVICE', ':1.59'), ('TERM_PROGRAM', 'vscode'), ('ROS_DOMAIN_ID', '30'), ('AMENT_PREFIX_PATH', '/uolstore/home/users/sc23oy/ros2_ws/src/install/turtlebot3_gazebo:/uolstore/home/users/sc23oy/ros2_ws/src/install/turtlebot3_fake_node:/opt/ros/humble'), ('ORIGINAL_XDG_CURRENT_DESKTOP', 'GNOME'), ('SHELL', '/bin/bash'), ('KRB5CCNAME', 'KEYRING:persistent:604234'), ('MPI_SYSCONFIG', '/etc/openmpi-x86_64'), ('MODULEPATH_ROOT', '/usr/share/modulefiles'), ('NO_AT_BRIDGE', '1'), ('CXX', '/usr/bin/g++'), ('GDMSESSION', 'gnome'), ('APPTAINER_CONTAINER', '/vol/scratch/SoC/COMP3631/comp3631.simg'), ('APPTAINER_BIND', '/run/user/604234,/etc/localtime'), ('LMOD_FAMILY_COMPILER', 'gcc'), ('LMOD_CMD', '/usr/share/lmod/lmod/libexec/lmod'), ('_ModuleTable_Sz_', '4'), ('GAZEBO_RESOURCE_PATH', '/usr/share/gazebo-11:'), ('GAZEBO_MODEL_DATABASE_URI', 'http://models.gazebosim.org'), ('SINGULARITY_CONTAINER', '/vol/scratch/SoC/COMP3631/comp3631.simg'), ('VSCODE_GIT_ASKPASS_EXTRA_ARGS', ''), ('BASH_ENV', '/usr/share/lmod/lmod/init/bash'), ('QT_IM_MODULE', 'ibus'), ('SINGULARITY_BIND', '/run/user/604234,/etc/localtime'), ('_ModuleTable001_', 'X01vZHVsZVRhYmxlXyA9IHsKTVR2ZXJzaW9uID0gMywKY19yZWJ1aWxkVGltZSA9IGZhbHNlLApjX3Nob3J0VGltZSA9IGZhbHNlLApkZXB0aFQgPSB7fSwKZmFtaWx5ID0gewpjb21waWxlciA9ICJnY2MiLAp9LAptVCA9IHsKZ2NjID0gewphY3Rpb25BID0gewpbW3ByZXBlbmRfcGF0aCgiTU9EVUxFUEFUSCIsIi91b2xsaW5hcHBzL3YyLzI0LTI1L3NvYy9zcGFjay9lbDkvZ2NjLzE0LjIuMCIpXV0sCn0sCmZuID0gIi91b2xsaW5hcHBzL3YyL2N1cnJlbnQvc29jL3NwYWNrL2VsOS9Db3JlL2djYy8xNC4yLjAubHVhIiwKZnVsbE5hbWUgPSAiZ2NjLzE0LjIuMCIsCmxvYWRPcmRlciA9IDEsCnByb3BUID0ge30sCnN0YWNrRGVwdGggPSAwLApzdGF0dXMgPSAiYWN0aXZlIiwK'), ('DEBUGINFOD_IMA_CERT_PATH', '/etc/keys/ima:'), ('_ModuleTable002_', 'dXNlck5hbWUgPSAiZ2NjIiwKd1YgPSAiMDAwMDAwMDE0LjAwMDAwMDAwMi4qemZpbmFsIiwKfSwKbXBpID0gewpmbiA9ICIvdXNyL3NoYXJlL21vZHVsZWZpbGVzL21waS9vcGVubXBpLXg4Nl82NCIsCmZ1bGxOYW1lID0gIm1waS9vcGVubXBpLXg4Nl82NCIsCmxvYWRPcmRlciA9IDIsCnByb3BUID0ge30sCnN0YWNrRGVwdGggPSAwLApzdGF0dXMgPSAiYWN0aXZlIiwKdXNlck5hbWUgPSAibXBpIiwKd1YgPSAiKm9wZW5tcGkuKnguMDAwMDAwMDg2LipfLjAwMDAwMDA2NC4qemZpbmFsIiwKfSwKfSwKbXBhdGhBID0gewoiL3VvbGxpbmFwcHMvdjIvMjQtMjUvc29jL3NwYWNrL2VsOS9nY2MvMTQuMi4wIiwgIi9ldGMvc2NsL21vZHVsZWZpbGVzIgosICIvdXNyL3NoYXJlL21v'), ('PWD', '/uolstore/home/users/sc23oy/ros2_ws/src/build/turtlebot3_simulations'), ('LOADEDMODULES', 'gcc/14.2.0:mpi/openmpi-x86_64'), ('TURTLEBOT3_MODEL', 'burger'), ('APPTAINER_NAME', 'comp3631.simg'), ('GAZEBO_PLUGIN_PATH', '/usr/lib/x86_64-linux-gnu/gazebo-11/plugins:'), ('_ModuleTable003_', 'ZHVsZWZpbGVzIiwgIi91b2xsaW5hcHBzL3YyL2N1cnJlbnQvdW9sL3NwYWNrL2VsOS9Db3JlIgosICIvdW9sbGluYXBwcy92Mi9jdXJyZW50L3VvbC9vdGhlci9lbDkiCiwgIi91b2xsaW5hcHBzL3YyL2N1cnJlbnQvc29jL3NwYWNrL2VsOS9Db3JlIgosICIvdW9sbGluYXBwcy92Mi9jdXJyZW50L3NvYy9vdGhlciIsICIvdXNyL3NoYXJlL21vZHVsZWZpbGVzL0xpbnV4IgosICIvdXNyL3NoYXJlL21vZHVsZWZpbGVzL0NvcmUiLCAiL3Vzci9zaGFyZS9sbW9kL2xtb2QvbW9kdWxlZmlsZXMvQ29yZSIsCn0sCnN5c3RlbUJhc2VNUEFUSCA9ICIvZXRjL3NjbC9tb2R1bGVmaWxlczovdXNyL3NoYXJlL21vZHVsZWZpbGVzOi91b2xsaW5hcHBzL3YyL2N1cnJlbnQvdW9sL3NwYWNr'), ('XDG_DATA_DIRS', '/uolstore/home/users/sc23oy/.local/share/flatpak/exports/share:/var/lib/flatpak/exports/share:/usr/local/share:/usr/share'), ('PYTHONPATH', '/opt/ros/humble/lib/python3.10/site-packages:/opt/ros/humble/local/lib/python3.10/dist-packages'), ('_ModuleTable004_', 'L2VsOS9Db3JlOi91b2xsaW5hcHBzL3YyL2N1cnJlbnQvdW9sL290aGVyL2VsOTovdW9sbGluYXBwcy92Mi9jdXJyZW50L3NvYy9zcGFjay9lbDkvQ29yZTovdW9sbGluYXBwcy92Mi9jdXJyZW50L3NvYy9vdGhlcjovdXNyL3NoYXJlL21vZHVsZWZpbGVzL0xpbnV4Oi91c3Ivc2hhcmUvbW9kdWxlZmlsZXMvQ29yZTovdXNyL3NoYXJlL2xtb2QvbG1vZC9tb2R1bGVmaWxlcy9Db3JlIiwKfQo='), ('SINGULARITY_NAME', 'comp3631.simg'), ('CC', '/usr/bin/gcc'), ('COLCON', '1'), ('__LMOD_REF_COUNT_MODULEPATH', '/uollinapps/v2/24-25/soc/spack/el9/gcc/14.2.0:1;/etc/scl/modulefiles:2;/usr/share/modulefiles:1;/uollinapps/v2/current/uol/spack/el9/Core:1;/uollinapps/v2/current/uol/other/el9:1;/uollinapps/v2/current/soc/spack/el9/Core:1;/uollinapps/v2/current/soc/other:1;/usr/share/modulefiles/Linux:1;/usr/share/modulefiles/Core:1;/usr/share/lmod/lmod/modulefiles/Core:1'), ('MANPATH', ':/usr/share/man/openmpi-x86_64:/uollinapps/v2/24-25/soc/packages/linux-rhel9-x86_64_v3/gcc-11.4.0/gcc-14.2.0-svuh5yskfnrwh537tvxvt642acswwlju/share/man:/usr/share/lmod/lmod/share/man:/opt/puppetlabs/puppet/share/man'), ('VTE_VERSION', '6402'), ('MPI_SUFFIX', '_openmpi'), ('__LMOD_REF_COUNT_MANPATH', ':3;/usr/share/man/openmpi-x86_64:1;/uollinapps/v2/24-25/soc/packages/linux-rhel9-x86_64_v3/gcc-11.4.0/gcc-14.2.0-svuh5yskfnrwh537tvxvt642acswwlju/share/man:1;/usr/share/lmod/lmod/share/man:1;/opt/puppetlabs/puppet/share/man:1'), ('MODULEPATH', '/uollinapps/v2/24-25/soc/spack/el9/gcc/14.2.0:/etc/scl/modulefiles:/usr/share/modulefiles:/uollinapps/v2/current/uol/spack/el9/Core:/uollinapps/v2/current/uol/other/el9:/uollinapps/v2/current/soc/spack/el9/Core:/uollinapps/v2/current/soc/other:/usr/share/modulefiles/Linux:/usr/share/modulefiles/Core:/usr/share/lmod/lmod/modulefiles/Core'), ('MODULESHOME', '/usr/share/Modules'), ('CMAKE_PREFIX_PATH', '/uolstore/home/users/sc23oy/ros2_ws/src/install/turtlebot3_gazebo:/uolstore/home/users/sc23oy/ros2_ws/src/install/turtlebot3_fake_node:/uollinapps/v2/24-25/soc/packages/linux-rhel9-x86_64_v3/gcc-11.4.0/gcc-14.2.0-svuh5yskfnrwh537tvxvt642acswwlju:/opt/ros/humble')]), 'shell': False}
[27.273797] (-) TimerEvent: {}
[27.321431] (turtlebot3_simulations) StdoutLine: {'line': b'-- The C compiler identification is GNU 11.4.0\n'}
[27.373856] (-) TimerEvent: {}
[27.442855] (turtlebot3_simulations) StdoutLine: {'line': b'-- The CXX compiler identification is GNU 11.4.0\n'}
[27.465166] (turtlebot3_simulations) StdoutLine: {'line': b'-- Detecting C compiler ABI info\n'}
[27.473908] (-) TimerEvent: {}
[27.574165] (-) TimerEvent: {}
[27.674497] (-) TimerEvent: {}
[27.695846] (turtlebot3_simulations) StdoutLine: {'line': b'-- Detecting C compiler ABI info - done\n'}
[27.711025] (turtlebot3_simulations) StdoutLine: {'line': b'-- Check for working C compiler: /usr/bin/gcc - skipped\n'}
[27.711649] (turtlebot3_simulations) StdoutLine: {'line': b'-- Detecting C compile features\n'}
[27.712463] (turtlebot3_simulations) StdoutLine: {'line': b'-- Detecting C compile features - done\n'}
[27.726756] (turtlebot3_simulations) StdoutLine: {'line': b'-- Detecting CXX compiler ABI info\n'}
[27.774599] (-) TimerEvent: {}
[27.874927] (-) TimerEvent: {}
[27.950038] (turtlebot3_simulations) StdoutLine: {'line': b'-- Detecting CXX compiler ABI info - done\n'}
[27.966881] (turtlebot3_simulations) StdoutLine: {'line': b'-- Check for working CXX compiler: /usr/bin/g++ - skipped\n'}
[27.967396] (turtlebot3_simulations) StdoutLine: {'line': b'-- Detecting CXX compile features\n'}
[27.968076] (turtlebot3_simulations) StdoutLine: {'line': b'-- Detecting CXX compile features - done\n'}
[27.974989] (-) TimerEvent: {}
[27.991223] (turtlebot3_simulations) StdoutLine: {'line': b'-- Found ament_cmake: 1.3.7 (/opt/ros/humble/share/ament_cmake/cmake)\n'}
[28.075077] (-) TimerEvent: {}
[28.175314] (-) TimerEvent: {}
[28.257636] (turtlebot3_simulations) StdoutLine: {'line': b'-- Found Python3: /usr/bin/python3.10 (found version "3.10.12") found components: Interpreter \n'}
[28.275376] (-) TimerEvent: {}
[28.375608] (-) TimerEvent: {}
[28.475846] (-) TimerEvent: {}
[28.576092] (-) TimerEvent: {}
[28.676418] (-) TimerEvent: {}
[28.681912] (turtlebot3_simulations) StdoutLine: {'line': b'-- Configuring done\n'}
[28.759811] (turtlebot3_simulations) StdoutLine: {'line': b'-- Generating done\n'}
[28.776525] (-) TimerEvent: {}
[28.781262] (turtlebot3_simulations) StdoutLine: {'line': b'-- Build files have been written to: /uolstore/home/users/sc23oy/ros2_ws/src/build/turtlebot3_simulations\n'}
[28.786636] (turtlebot3_simulations) CommandEnded: {'returncode': 0}
[28.787716] (turtlebot3_simulations) JobProgress: {'identifier': 'turtlebot3_simulations', 'progress': 'build'}
[28.788465] (turtlebot3_simulations) Command: {'cmd': ['/usr/bin/cmake', '--build', '/uolstore/home/users/sc23oy/ros2_ws/src/build/turtlebot3_simulations', '--', '-j48', '-l48'], 'cwd': '/uolstore/home/users/sc23oy/ros2_ws/src/build/turtlebot3_simulations', 'env': OrderedDict([('LESSOPEN', '||/usr/bin/lesspipe.sh %s'), ('LMOD_DIR', '/usr/share/lmod/lmod/libexec'), ('MAIL', '/var/spool/mail/sc23oy'), ('USER', 'sc23oy'), ('__LMOD_REF_COUNT_CMAKE_PREFIX_PATH', '/uollinapps/v2/24-25/soc/packages/linux-rhel9-x86_64_v3/gcc-11.4.0/gcc-14.2.0-svuh5yskfnrwh537tvxvt642acswwlju:1'), ('HOSTNAME', 'feng-linux-07.leeds.ac.uk'), ('XDG_SESSION_TYPE', 'x11'), ('MPI_FORTRAN_MOD_DIR', '/usr/lib64/gfortran/modules/openmpi'), ('GIT_ASKPASS', '/usr/share/code/resources/app/extensions/git/dist/askpass.sh'), ('LMOD_PKG', '/usr/share/lmod/lmod'), ('SHLVL', '3'), ('LD_LIBRARY_PATH', '/usr/lib/x86_64-linux-gnu/gazebo-11/plugins:/opt/ros/humble/opt/rviz_ogre_vendor/lib:/opt/ros/humble/lib/x86_64-linux-gnu:/opt/ros/humble/lib:/.singularity.d/libs:/usr/lib/x86_64-linux-gnu/gazebo-11/plugins:'), ('MPI_INCLUDE', '/usr/include/openmpi-x86_64'), ('HOME', '/uolstore/home/users/sc23oy'), ('CHROME_DESKTOP', 'code-url-handler.desktop'), ('OLDPWD', '/uolstore/home/users/sc23oy/ros2_ws'), ('TERM_PROGRAM_VERSION', '1.86.2'), ('DESKTOP_SESSION', 'gnome'), ('USER_PATH', '/usr/lib64/openmpi/bin:/usr/lib64/qt6/bin:/uollinapps/v2/24-25/soc/packages/linux-rhel9-x86_64_v3/gcc-11.4.0/gcc-14.2.0-svuh5yskfnrwh537tvxvt642acswwlju/bin:/uolstore/home/users/sc23oy/.local/bin:/uolstore/home/users/sc23oy/bin:/usr/local/bin:/usr/local/sbin:/usr/bin:/usr/sbin:/opt/puppetlabs/bin:/bin:/usr/bin:/sbin:/usr/sbin:/usr/local/bin:/usr/local/sbin'), ('__LMOD_REF_COUNT_PKG_CONFIG_PATH', '/usr/lib64/openmpi/lib/pkgconfig:1'), ('GAZEBO_MASTER_URI', 'http://localhost:11345'), ('ROS_PYTHON_VERSION', '3'), ('FPATH', '/usr/share/lmod/lmod/init/ksh_funcs'), ('FC', '/uollinapps/v2/24-25/soc/packages/linux-rhel9-x86_64_v3/gcc-11.4.0/gcc-14.2.0-svuh5yskfnrwh537tvxvt642acswwlju/bin/gfortran'), ('VSCODE_GIT_ASKPASS_MAIN', '/usr/share/code/resources/app/extensions/git/dist/askpass-main.js'), ('PS1', '\\[\x1b]633;A\x07\\][COMP3631] Singularity> \\w $ \\[\x1b]633;B\x07\\]'), ('VSCODE_GIT_ASKPASS_NODE', '/usr/share/code/code'), ('MPI_PYTHON3_SITEARCH', '/usr/lib64/python3.9/site-packages/openmpi'), ('LMOD_FAMILY_COMPILER_VERSION', '14.2.0'), ('_LMFILES_', '/uollinapps/v2/current/soc/spack/el9/Core/gcc/14.2.0.lua:/usr/share/modulefiles/mpi/openmpi-x86_64'), ('DBUS_SESSION_BUS_ADDRESS', 'unix:abstract=/tmp/dbus-8qGMb8aiOx,guid=2ad71e69851b37c21bae78fe69eca169'), ('COLORTERM', 'truecolor'), ('APPTAINER_ENVIRONMENT', '/.singularity.d/env/91-environment.sh'), ('__LMOD_REF_COUNT_PATH', '/usr/lib64/openmpi/bin:1;/usr/lib64/qt6/bin:2;/uollinapps/v2/24-25/soc/packages/linux-rhel9-x86_64_v3/gcc-11.4.0/gcc-14.2.0-svuh5yskfnrwh537tvxvt642acswwlju/bin:1;/uolstore/home/users/sc23oy/.local/bin:1;/uolstore/home/users/sc23oy/bin:1;/usr/local/bin:1;/usr/local/sbin:1;/usr/bin:1;/usr/sbin:1;/opt/puppetlabs/bin:1'), ('LMOD_sys', 'Linux'), ('F77', '/uollinapps/v2/24-25/soc/packages/linux-rhel9-x86_64_v3/gcc-11.4.0/gcc-14.2.0-svuh5yskfnrwh537tvxvt642acswwlju/bin/gfortran'), ('which_declare', 'declare -f'), ('COLCON_PREFIX_PATH', '/uolstore/home/users/sc23oy/ros2_ws/install'), ('ROS_DISTRO', 'humble'), ('SINGULARITY_ENVIRONMENT', '/.singularity.d/env/91-environment.sh'), ('LOGNAME', 'sc23oy'), ('MPI_COMPILER', 'openmpi-x86_64'), ('LMOD_VERSION', '8.7.65'), ('_', '/usr/bin/colcon'), ('ROS_VERSION', '2'), ('MPI_LIB', '/usr/lib64/openmpi/lib'), ('PKG_CONFIG_PATH', '/usr/lib64/openmpi/lib/pkgconfig'), ('XDG_SESSION_CLASS', 'user'), ('USERNAME', 'sc23oy'), ('TERM', 'xterm-256color'), ('GAZEBO_MODEL_PATH', '/usr/share/gazebo-11/models:'), ('MPI_BIN', '/usr/lib64/openmpi/bin'), ('ROS_LOCALHOST_ONLY', '1'), ('HISTCONTROL', 'ignoredups'), ('OGRE_RESOURCE_PATH', '/usr/lib/x86_64-linux-gnu/OGRE-1.9.0'), ('PATH', '/opt/ros/humble/bin:/usr/lib64/qt6/bin:/uolstore/home/users/sc23oy/.local/bin:/uolstore/home/users/sc23oy/bin:/usr/local/sbin:/usr/local/bin:/usr/sbin:/usr/bin:/sbin:/bin'), ('MPI_HOME', '/usr/lib64/openmpi'), ('GDM_LANG', 'en_GB.UTF-8'), ('APPTAINER_COMMAND', 'shell'), ('LMOD_SETTARG_FULL_SUPPORT', 'no'), ('__LMOD_REF_COUNT_LD_LIBRARY_PATH', '/usr/lib64/openmpi/lib:1'), ('XDG_MENU_PREFIX', 'gnome-'), ('GNOME_TERMINAL_SCREEN', '/org/gnome/Terminal/screen/3e198ced_e144_4c1b_ba88_d3f0aa723bad'), ('XDG_RUNTIME_DIR', '/run/user/604234'), ('MPI_MAN', '/usr/share/man/openmpi-x86_64'), ('GDK_BACKEND', 'x11'), ('DISPLAY', ':1'), ('HISTSIZE', '1000'), ('APPTAINER_APPNAME', ''), ('LANG', 'en_US.UTF-8'), ('XDG_CURRENT_DESKTOP', 'GNOME'), ('LMOD_ROOT', '/usr/share/lmod'), ('XMODIFIERS', '@im=ibus'), ('XDG_SESSION_DESKTOP', 'gnome'), ('XAUTHORITY', '/run/gdm/auth-for-sc23oy-AYJ5N3/database'), ('LS_COLORS', 'rs=0:di=01;34:ln=01;36:mh=00:pi=40;33:so=01;35:do=01;35:bd=40;33;01:cd=40;33;01:or=40;31;01:mi=01;37;41:su=37;41:sg=30;43:ca=30;41:tw=30;42:ow=34;42:st=37;44:ex=01;32:*.tar=01;31:*.tgz=01;31:*.arc=01;31:*.arj=01;31:*.taz=01;31:*.lha=01;31:*.lz4=01;31:*.lzh=01;31:*.lzma=01;31:*.tlz=01;31:*.txz=01;31:*.tzo=01;31:*.t7z=01;31:*.zip=01;31:*.z=01;31:*.dz=01;31:*.gz=01;31:*.lrz=01;31:*.lz=01;31:*.lzo=01;31:*.xz=01;31:*.zst=01;31:*.tzst=01;31:*.bz2=01;31:*.bz=01;31:*.tbz=01;31:*.tbz2=01;31:*.tz=01;31:*.deb=01;31:*.rpm=01;31:*.jar=01;31:*.war=01;31:*.ear=01;31:*.sar=01;31:*.rar=01;31:*.alz=01;31:*.ace=01;31:*.zoo=01;31:*.cpio=01;31:*.7z=01;31:*.rz=01;31:*.cab=01;31:*.wim=01;31:*.swm=01;31:*.dwm=01;31:*.esd=01;31:*.jpg=01;35:*.jpeg=01;35:*.mjpg=01;35:*.mjpeg=01;35:*.gif=01;35:*.bmp=01;35:*.pbm=01;35:*.pgm=01;35:*.ppm=01;35:*.tga=01;35:*.xbm=01;35:*.xpm=01;35:*.tif=01;35:*.tiff=01;35:*.png=01;35:*.svg=01;35:*.svgz=01;35:*.mng=01;35:*.pcx=01;35:*.mov=01;35:*.mpg=01;35:*.mpeg=01;35:*.m2v=01;35:*.mkv=01;35:*.webm=01;35:*.webp=01;35:*.ogm=01;35:*.mp4=01;35:*.m4v=01;35:*.mp4v=01;35:*.vob=01;35:*.qt=01;35:*.nuv=01;35:*.wmv=01;35:*.asf=01;35:*.rm=01;35:*.rmvb=01;35:*.flc=01;35:*.avi=01;35:*.fli=01;35:*.flv=01;35:*.gl=01;35:*.dl=01;35:*.xcf=01;35:*.xwd=01;35:*.yuv=01;35:*.cgm=01;35:*.emf=01;35:*.ogv=01;35:*.ogx=01;35:*.aac=01;36:*.au=01;36:*.flac=01;36:*.m4a=01;36:*.mid=01;36:*.midi=01;36:*.mka=01;36:*.mp3=01;36:*.mpc=01;36:*.ogg=01;36:*.ra=01;36:*.wav=01;36:*.oga=01;36:*.opus=01;36:*.spx=01;36:*.xspf=01;36:'), ('VSCODE_GIT_IPC_HANDLE', '/run/user/604234/vscode-git-8fb86e4b5d.sock'), ('GNOME_TERMINAL_SERVICE', ':1.59'), ('TERM_PROGRAM', 'vscode'), ('ROS_DOMAIN_ID', '30'), ('AMENT_PREFIX_PATH', '/uolstore/home/users/sc23oy/ros2_ws/src/install/turtlebot3_gazebo:/uolstore/home/users/sc23oy/ros2_ws/src/install/turtlebot3_fake_node:/opt/ros/humble'), ('ORIGINAL_XDG_CURRENT_DESKTOP', 'GNOME'), ('SHELL', '/bin/bash'), ('KRB5CCNAME', 'KEYRING:persistent:604234'), ('MPI_SYSCONFIG', '/etc/openmpi-x86_64'), ('MODULEPATH_ROOT', '/usr/share/modulefiles'), ('NO_AT_BRIDGE', '1'), ('CXX', '/usr/bin/g++'), ('GDMSESSION', 'gnome'), ('APPTAINER_CONTAINER', '/vol/scratch/SoC/COMP3631/comp3631.simg'), ('APPTAINER_BIND', '/run/user/604234,/etc/localtime'), ('LMOD_FAMILY_COMPILER', 'gcc'), ('LMOD_CMD', '/usr/share/lmod/lmod/libexec/lmod'), ('_ModuleTable_Sz_', '4'), ('GAZEBO_RESOURCE_PATH', '/usr/share/gazebo-11:'), ('GAZEBO_MODEL_DATABASE_URI', 'http://models.gazebosim.org'), ('SINGULARITY_CONTAINER', '/vol/scratch/SoC/COMP3631/comp3631.simg'), ('VSCODE_GIT_ASKPASS_EXTRA_ARGS', ''), ('BASH_ENV', '/usr/share/lmod/lmod/init/bash'), ('QT_IM_MODULE', 'ibus'), ('SINGULARITY_BIND', '/run/user/604234,/etc/localtime'), ('_ModuleTable001_', 'X01vZHVsZVRhYmxlXyA9IHsKTVR2ZXJzaW9uID0gMywKY19yZWJ1aWxkVGltZSA9IGZhbHNlLApjX3Nob3J0VGltZSA9IGZhbHNlLApkZXB0aFQgPSB7fSwKZmFtaWx5ID0gewpjb21waWxlciA9ICJnY2MiLAp9LAptVCA9IHsKZ2NjID0gewphY3Rpb25BID0gewpbW3ByZXBlbmRfcGF0aCgiTU9EVUxFUEFUSCIsIi91b2xsaW5hcHBzL3YyLzI0LTI1L3NvYy9zcGFjay9lbDkvZ2NjLzE0LjIuMCIpXV0sCn0sCmZuID0gIi91b2xsaW5hcHBzL3YyL2N1cnJlbnQvc29jL3NwYWNrL2VsOS9Db3JlL2djYy8xNC4yLjAubHVhIiwKZnVsbE5hbWUgPSAiZ2NjLzE0LjIuMCIsCmxvYWRPcmRlciA9IDEsCnByb3BUID0ge30sCnN0YWNrRGVwdGggPSAwLApzdGF0dXMgPSAiYWN0aXZlIiwK'), ('DEBUGINFOD_IMA_CERT_PATH', '/etc/keys/ima:'), ('_ModuleTable002_', 'dXNlck5hbWUgPSAiZ2NjIiwKd1YgPSAiMDAwMDAwMDE0LjAwMDAwMDAwMi4qemZpbmFsIiwKfSwKbXBpID0gewpmbiA9ICIvdXNyL3NoYXJlL21vZHVsZWZpbGVzL21waS9vcGVubXBpLXg4Nl82NCIsCmZ1bGxOYW1lID0gIm1waS9vcGVubXBpLXg4Nl82NCIsCmxvYWRPcmRlciA9IDIsCnByb3BUID0ge30sCnN0YWNrRGVwdGggPSAwLApzdGF0dXMgPSAiYWN0aXZlIiwKdXNlck5hbWUgPSAibXBpIiwKd1YgPSAiKm9wZW5tcGkuKnguMDAwMDAwMDg2LipfLjAwMDAwMDA2NC4qemZpbmFsIiwKfSwKfSwKbXBhdGhBID0gewoiL3VvbGxpbmFwcHMvdjIvMjQtMjUvc29jL3NwYWNrL2VsOS9nY2MvMTQuMi4wIiwgIi9ldGMvc2NsL21vZHVsZWZpbGVzIgosICIvdXNyL3NoYXJlL21v'), ('PWD', '/uolstore/home/users/sc23oy/ros2_ws/src/build/turtlebot3_simulations'), ('LOADEDMODULES', 'gcc/14.2.0:mpi/openmpi-x86_64'), ('TURTLEBOT3_MODEL', 'burger'), ('APPTAINER_NAME', 'comp3631.simg'), ('GAZEBO_PLUGIN_PATH', '/usr/lib/x86_64-linux-gnu/gazebo-11/plugins:'), ('_ModuleTable003_', 'ZHVsZWZpbGVzIiwgIi91b2xsaW5hcHBzL3YyL2N1cnJlbnQvdW9sL3NwYWNrL2VsOS9Db3JlIgosICIvdW9sbGluYXBwcy92Mi9jdXJyZW50L3VvbC9vdGhlci9lbDkiCiwgIi91b2xsaW5hcHBzL3YyL2N1cnJlbnQvc29jL3NwYWNrL2VsOS9Db3JlIgosICIvdW9sbGluYXBwcy92Mi9jdXJyZW50L3NvYy9vdGhlciIsICIvdXNyL3NoYXJlL21vZHVsZWZpbGVzL0xpbnV4IgosICIvdXNyL3NoYXJlL21vZHVsZWZpbGVzL0NvcmUiLCAiL3Vzci9zaGFyZS9sbW9kL2xtb2QvbW9kdWxlZmlsZXMvQ29yZSIsCn0sCnN5c3RlbUJhc2VNUEFUSCA9ICIvZXRjL3NjbC9tb2R1bGVmaWxlczovdXNyL3NoYXJlL21vZHVsZWZpbGVzOi91b2xsaW5hcHBzL3YyL2N1cnJlbnQvdW9sL3NwYWNr'), ('XDG_DATA_DIRS', '/uolstore/home/users/sc23oy/.local/share/flatpak/exports/share:/var/lib/flatpak/exports/share:/usr/local/share:/usr/share'), ('PYTHONPATH', '/opt/ros/humble/lib/python3.10/site-packages:/opt/ros/humble/local/lib/python3.10/dist-packages'), ('_ModuleTable004_', 'L2VsOS9Db3JlOi91b2xsaW5hcHBzL3YyL2N1cnJlbnQvdW9sL290aGVyL2VsOTovdW9sbGluYXBwcy92Mi9jdXJyZW50L3NvYy9zcGFjay9lbDkvQ29yZTovdW9sbGluYXBwcy92Mi9jdXJyZW50L3NvYy9vdGhlcjovdXNyL3NoYXJlL21vZHVsZWZpbGVzL0xpbnV4Oi91c3Ivc2hhcmUvbW9kdWxlZmlsZXMvQ29yZTovdXNyL3NoYXJlL2xtb2QvbG1vZC9tb2R1bGVmaWxlcy9Db3JlIiwKfQo='), ('SINGULARITY_NAME', 'comp3631.simg'), ('CC', '/usr/bin/gcc'), ('COLCON', '1'), ('__LMOD_REF_COUNT_MODULEPATH', '/uollinapps/v2/24-25/soc/spack/el9/gcc/14.2.0:1;/etc/scl/modulefiles:2;/usr/share/modulefiles:1;/uollinapps/v2/current/uol/spack/el9/Core:1;/uollinapps/v2/current/uol/other/el9:1;/uollinapps/v2/current/soc/spack/el9/Core:1;/uollinapps/v2/current/soc/other:1;/usr/share/modulefiles/Linux:1;/usr/share/modulefiles/Core:1;/usr/share/lmod/lmod/modulefiles/Core:1'), ('MANPATH', ':/usr/share/man/openmpi-x86_64:/uollinapps/v2/24-25/soc/packages/linux-rhel9-x86_64_v3/gcc-11.4.0/gcc-14.2.0-svuh5yskfnrwh537tvxvt642acswwlju/share/man:/usr/share/lmod/lmod/share/man:/opt/puppetlabs/puppet/share/man'), ('VTE_VERSION', '6402'), ('MPI_SUFFIX', '_openmpi'), ('__LMOD_REF_COUNT_MANPATH', ':3;/usr/share/man/openmpi-x86_64:1;/uollinapps/v2/24-25/soc/packages/linux-rhel9-x86_64_v3/gcc-11.4.0/gcc-14.2.0-svuh5yskfnrwh537tvxvt642acswwlju/share/man:1;/usr/share/lmod/lmod/share/man:1;/opt/puppetlabs/puppet/share/man:1'), ('MODULEPATH', '/uollinapps/v2/24-25/soc/spack/el9/gcc/14.2.0:/etc/scl/modulefiles:/usr/share/modulefiles:/uollinapps/v2/current/uol/spack/el9/Core:/uollinapps/v2/current/uol/other/el9:/uollinapps/v2/current/soc/spack/el9/Core:/uollinapps/v2/current/soc/other:/usr/share/modulefiles/Linux:/usr/share/modulefiles/Core:/usr/share/lmod/lmod/modulefiles/Core'), ('MODULESHOME', '/usr/share/Modules'), ('CMAKE_PREFIX_PATH', '/uolstore/home/users/sc23oy/ros2_ws/src/install/turtlebot3_gazebo:/uolstore/home/users/sc23oy/ros2_ws/src/install/turtlebot3_fake_node:/uollinapps/v2/24-25/soc/packages/linux-rhel9-x86_64_v3/gcc-11.4.0/gcc-14.2.0-svuh5yskfnrwh537tvxvt642acswwlju:/opt/ros/humble')]), 'shell': False}
[28.872173] (turtlebot3_simulations) CommandEnded: {'returncode': 0}
[28.876593] (-) TimerEvent: {}
[28.914523] (turtlebot3_simulations) JobProgress: {'identifier': 'turtlebot3_simulations', 'progress': 'install'}
[28.915413] (turtlebot3_simulations) Command: {'cmd': ['/usr/bin/cmake', '--install', '/uolstore/home/users/sc23oy/ros2_ws/src/build/turtlebot3_simulations'], 'cwd': '/uolstore/home/users/sc23oy/ros2_ws/src/build/turtlebot3_simulations', 'env': OrderedDict([('LESSOPEN', '||/usr/bin/lesspipe.sh %s'), ('LMOD_DIR', '/usr/share/lmod/lmod/libexec'), ('MAIL', '/var/spool/mail/sc23oy'), ('USER', 'sc23oy'), ('__LMOD_REF_COUNT_CMAKE_PREFIX_PATH', '/uollinapps/v2/24-25/soc/packages/linux-rhel9-x86_64_v3/gcc-11.4.0/gcc-14.2.0-svuh5yskfnrwh537tvxvt642acswwlju:1'), ('HOSTNAME', 'feng-linux-07.leeds.ac.uk'), ('XDG_SESSION_TYPE', 'x11'), ('MPI_FORTRAN_MOD_DIR', '/usr/lib64/gfortran/modules/openmpi'), ('GIT_ASKPASS', '/usr/share/code/resources/app/extensions/git/dist/askpass.sh'), ('LMOD_PKG', '/usr/share/lmod/lmod'), ('SHLVL', '3'), ('LD_LIBRARY_PATH', '/usr/lib/x86_64-linux-gnu/gazebo-11/plugins:/opt/ros/humble/opt/rviz_ogre_vendor/lib:/opt/ros/humble/lib/x86_64-linux-gnu:/opt/ros/humble/lib:/.singularity.d/libs:/usr/lib/x86_64-linux-gnu/gazebo-11/plugins:'), ('MPI_INCLUDE', '/usr/include/openmpi-x86_64'), ('HOME', '/uolstore/home/users/sc23oy'), ('CHROME_DESKTOP', 'code-url-handler.desktop'), ('OLDPWD', '/uolstore/home/users/sc23oy/ros2_ws'), ('TERM_PROGRAM_VERSION', '1.86.2'), ('DESKTOP_SESSION', 'gnome'), ('USER_PATH', '/usr/lib64/openmpi/bin:/usr/lib64/qt6/bin:/uollinapps/v2/24-25/soc/packages/linux-rhel9-x86_64_v3/gcc-11.4.0/gcc-14.2.0-svuh5yskfnrwh537tvxvt642acswwlju/bin:/uolstore/home/users/sc23oy/.local/bin:/uolstore/home/users/sc23oy/bin:/usr/local/bin:/usr/local/sbin:/usr/bin:/usr/sbin:/opt/puppetlabs/bin:/bin:/usr/bin:/sbin:/usr/sbin:/usr/local/bin:/usr/local/sbin'), ('__LMOD_REF_COUNT_PKG_CONFIG_PATH', '/usr/lib64/openmpi/lib/pkgconfig:1'), ('GAZEBO_MASTER_URI', 'http://localhost:11345'), ('ROS_PYTHON_VERSION', '3'), ('FPATH', '/usr/share/lmod/lmod/init/ksh_funcs'), ('FC', '/uollinapps/v2/24-25/soc/packages/linux-rhel9-x86_64_v3/gcc-11.4.0/gcc-14.2.0-svuh5yskfnrwh537tvxvt642acswwlju/bin/gfortran'), ('VSCODE_GIT_ASKPASS_MAIN', '/usr/share/code/resources/app/extensions/git/dist/askpass-main.js'), ('PS1', '\\[\x1b]633;A\x07\\][COMP3631] Singularity> \\w $ \\[\x1b]633;B\x07\\]'), ('VSCODE_GIT_ASKPASS_NODE', '/usr/share/code/code'), ('MPI_PYTHON3_SITEARCH', '/usr/lib64/python3.9/site-packages/openmpi'), ('LMOD_FAMILY_COMPILER_VERSION', '14.2.0'), ('_LMFILES_', '/uollinapps/v2/current/soc/spack/el9/Core/gcc/14.2.0.lua:/usr/share/modulefiles/mpi/openmpi-x86_64'), ('DBUS_SESSION_BUS_ADDRESS', 'unix:abstract=/tmp/dbus-8qGMb8aiOx,guid=2ad71e69851b37c21bae78fe69eca169'), ('COLORTERM', 'truecolor'), ('APPTAINER_ENVIRONMENT', '/.singularity.d/env/91-environment.sh'), ('__LMOD_REF_COUNT_PATH', '/usr/lib64/openmpi/bin:1;/usr/lib64/qt6/bin:2;/uollinapps/v2/24-25/soc/packages/linux-rhel9-x86_64_v3/gcc-11.4.0/gcc-14.2.0-svuh5yskfnrwh537tvxvt642acswwlju/bin:1;/uolstore/home/users/sc23oy/.local/bin:1;/uolstore/home/users/sc23oy/bin:1;/usr/local/bin:1;/usr/local/sbin:1;/usr/bin:1;/usr/sbin:1;/opt/puppetlabs/bin:1'), ('LMOD_sys', 'Linux'), ('F77', '/uollinapps/v2/24-25/soc/packages/linux-rhel9-x86_64_v3/gcc-11.4.0/gcc-14.2.0-svuh5yskfnrwh537tvxvt642acswwlju/bin/gfortran'), ('which_declare', 'declare -f'), ('COLCON_PREFIX_PATH', '/uolstore/home/users/sc23oy/ros2_ws/install'), ('ROS_DISTRO', 'humble'), ('SINGULARITY_ENVIRONMENT', '/.singularity.d/env/91-environment.sh'), ('LOGNAME', 'sc23oy'), ('MPI_COMPILER', 'openmpi-x86_64'), ('LMOD_VERSION', '8.7.65'), ('_', '/usr/bin/colcon'), ('ROS_VERSION', '2'), ('MPI_LIB', '/usr/lib64/openmpi/lib'), ('PKG_CONFIG_PATH', '/usr/lib64/openmpi/lib/pkgconfig'), ('XDG_SESSION_CLASS', 'user'), ('USERNAME', 'sc23oy'), ('TERM', 'xterm-256color'), ('GAZEBO_MODEL_PATH', '/usr/share/gazebo-11/models:'), ('MPI_BIN', '/usr/lib64/openmpi/bin'), ('ROS_LOCALHOST_ONLY', '1'), ('HISTCONTROL', 'ignoredups'), ('OGRE_RESOURCE_PATH', '/usr/lib/x86_64-linux-gnu/OGRE-1.9.0'), ('PATH', '/opt/ros/humble/bin:/usr/lib64/qt6/bin:/uolstore/home/users/sc23oy/.local/bin:/uolstore/home/users/sc23oy/bin:/usr/local/sbin:/usr/local/bin:/usr/sbin:/usr/bin:/sbin:/bin'), ('MPI_HOME', '/usr/lib64/openmpi'), ('GDM_LANG', 'en_GB.UTF-8'), ('APPTAINER_COMMAND', 'shell'), ('LMOD_SETTARG_FULL_SUPPORT', 'no'), ('__LMOD_REF_COUNT_LD_LIBRARY_PATH', '/usr/lib64/openmpi/lib:1'), ('XDG_MENU_PREFIX', 'gnome-'), ('GNOME_TERMINAL_SCREEN', '/org/gnome/Terminal/screen/3e198ced_e144_4c1b_ba88_d3f0aa723bad'), ('XDG_RUNTIME_DIR', '/run/user/604234'), ('MPI_MAN', '/usr/share/man/openmpi-x86_64'), ('GDK_BACKEND', 'x11'), ('DISPLAY', ':1'), ('HISTSIZE', '1000'), ('APPTAINER_APPNAME', ''), ('LANG', 'en_US.UTF-8'), ('XDG_CURRENT_DESKTOP', 'GNOME'), ('LMOD_ROOT', '/usr/share/lmod'), ('XMODIFIERS', '@im=ibus'), ('XDG_SESSION_DESKTOP', 'gnome'), ('XAUTHORITY', '/run/gdm/auth-for-sc23oy-AYJ5N3/database'), ('LS_COLORS', 'rs=0:di=01;34:ln=01;36:mh=00:pi=40;33:so=01;35:do=01;35:bd=40;33;01:cd=40;33;01:or=40;31;01:mi=01;37;41:su=37;41:sg=30;43:ca=30;41:tw=30;42:ow=34;42:st=37;44:ex=01;32:*.tar=01;31:*.tgz=01;31:*.arc=01;31:*.arj=01;31:*.taz=01;31:*.lha=01;31:*.lz4=01;31:*.lzh=01;31:*.lzma=01;31:*.tlz=01;31:*.txz=01;31:*.tzo=01;31:*.t7z=01;31:*.zip=01;31:*.z=01;31:*.dz=01;31:*.gz=01;31:*.lrz=01;31:*.lz=01;31:*.lzo=01;31:*.xz=01;31:*.zst=01;31:*.tzst=01;31:*.bz2=01;31:*.bz=01;31:*.tbz=01;31:*.tbz2=01;31:*.tz=01;31:*.deb=01;31:*.rpm=01;31:*.jar=01;31:*.war=01;31:*.ear=01;31:*.sar=01;31:*.rar=01;31:*.alz=01;31:*.ace=01;31:*.zoo=01;31:*.cpio=01;31:*.7z=01;31:*.rz=01;31:*.cab=01;31:*.wim=01;31:*.swm=01;31:*.dwm=01;31:*.esd=01;31:*.jpg=01;35:*.jpeg=01;35:*.mjpg=01;35:*.mjpeg=01;35:*.gif=01;35:*.bmp=01;35:*.pbm=01;35:*.pgm=01;35:*.ppm=01;35:*.tga=01;35:*.xbm=01;35:*.xpm=01;35:*.tif=01;35:*.tiff=01;35:*.png=01;35:*.svg=01;35:*.svgz=01;35:*.mng=01;35:*.pcx=01;35:*.mov=01;35:*.mpg=01;35:*.mpeg=01;35:*.m2v=01;35:*.mkv=01;35:*.webm=01;35:*.webp=01;35:*.ogm=01;35:*.mp4=01;35:*.m4v=01;35:*.mp4v=01;35:*.vob=01;35:*.qt=01;35:*.nuv=01;35:*.wmv=01;35:*.asf=01;35:*.rm=01;35:*.rmvb=01;35:*.flc=01;35:*.avi=01;35:*.fli=01;35:*.flv=01;35:*.gl=01;35:*.dl=01;35:*.xcf=01;35:*.xwd=01;35:*.yuv=01;35:*.cgm=01;35:*.emf=01;35:*.ogv=01;35:*.ogx=01;35:*.aac=01;36:*.au=01;36:*.flac=01;36:*.m4a=01;36:*.mid=01;36:*.midi=01;36:*.mka=01;36:*.mp3=01;36:*.mpc=01;36:*.ogg=01;36:*.ra=01;36:*.wav=01;36:*.oga=01;36:*.opus=01;36:*.spx=01;36:*.xspf=01;36:'), ('VSCODE_GIT_IPC_HANDLE', '/run/user/604234/vscode-git-8fb86e4b5d.sock'), ('GNOME_TERMINAL_SERVICE', ':1.59'), ('TERM_PROGRAM', 'vscode'), ('ROS_DOMAIN_ID', '30'), ('AMENT_PREFIX_PATH', '/uolstore/home/users/sc23oy/ros2_ws/src/install/turtlebot3_gazebo:/uolstore/home/users/sc23oy/ros2_ws/src/install/turtlebot3_fake_node:/opt/ros/humble'), ('ORIGINAL_XDG_CURRENT_DESKTOP', 'GNOME'), ('SHELL', '/bin/bash'), ('KRB5CCNAME', 'KEYRING:persistent:604234'), ('MPI_SYSCONFIG', '/etc/openmpi-x86_64'), ('MODULEPATH_ROOT', '/usr/share/modulefiles'), ('NO_AT_BRIDGE', '1'), ('CXX', '/usr/bin/g++'), ('GDMSESSION', 'gnome'), ('APPTAINER_CONTAINER', '/vol/scratch/SoC/COMP3631/comp3631.simg'), ('APPTAINER_BIND', '/run/user/604234,/etc/localtime'), ('LMOD_FAMILY_COMPILER', 'gcc'), ('LMOD_CMD', '/usr/share/lmod/lmod/libexec/lmod'), ('_ModuleTable_Sz_', '4'), ('GAZEBO_RESOURCE_PATH', '/usr/share/gazebo-11:'), ('GAZEBO_MODEL_DATABASE_URI', 'http://models.gazebosim.org'), ('SINGULARITY_CONTAINER', '/vol/scratch/SoC/COMP3631/comp3631.simg'), ('VSCODE_GIT_ASKPASS_EXTRA_ARGS', ''), ('BASH_ENV', '/usr/share/lmod/lmod/init/bash'), ('QT_IM_MODULE', 'ibus'), ('SINGULARITY_BIND', '/run/user/604234,/etc/localtime'), ('_ModuleTable001_', 'X01vZHVsZVRhYmxlXyA9IHsKTVR2ZXJzaW9uID0gMywKY19yZWJ1aWxkVGltZSA9IGZhbHNlLApjX3Nob3J0VGltZSA9IGZhbHNlLApkZXB0aFQgPSB7fSwKZmFtaWx5ID0gewpjb21waWxlciA9ICJnY2MiLAp9LAptVCA9IHsKZ2NjID0gewphY3Rpb25BID0gewpbW3ByZXBlbmRfcGF0aCgiTU9EVUxFUEFUSCIsIi91b2xsaW5hcHBzL3YyLzI0LTI1L3NvYy9zcGFjay9lbDkvZ2NjLzE0LjIuMCIpXV0sCn0sCmZuID0gIi91b2xsaW5hcHBzL3YyL2N1cnJlbnQvc29jL3NwYWNrL2VsOS9Db3JlL2djYy8xNC4yLjAubHVhIiwKZnVsbE5hbWUgPSAiZ2NjLzE0LjIuMCIsCmxvYWRPcmRlciA9IDEsCnByb3BUID0ge30sCnN0YWNrRGVwdGggPSAwLApzdGF0dXMgPSAiYWN0aXZlIiwK'), ('DEBUGINFOD_IMA_CERT_PATH', '/etc/keys/ima:'), ('_ModuleTable002_', 'dXNlck5hbWUgPSAiZ2NjIiwKd1YgPSAiMDAwMDAwMDE0LjAwMDAwMDAwMi4qemZpbmFsIiwKfSwKbXBpID0gewpmbiA9ICIvdXNyL3NoYXJlL21vZHVsZWZpbGVzL21waS9vcGVubXBpLXg4Nl82NCIsCmZ1bGxOYW1lID0gIm1waS9vcGVubXBpLXg4Nl82NCIsCmxvYWRPcmRlciA9IDIsCnByb3BUID0ge30sCnN0YWNrRGVwdGggPSAwLApzdGF0dXMgPSAiYWN0aXZlIiwKdXNlck5hbWUgPSAibXBpIiwKd1YgPSAiKm9wZW5tcGkuKnguMDAwMDAwMDg2LipfLjAwMDAwMDA2NC4qemZpbmFsIiwKfSwKfSwKbXBhdGhBID0gewoiL3VvbGxpbmFwcHMvdjIvMjQtMjUvc29jL3NwYWNrL2VsOS9nY2MvMTQuMi4wIiwgIi9ldGMvc2NsL21vZHVsZWZpbGVzIgosICIvdXNyL3NoYXJlL21v'), ('PWD', '/uolstore/home/users/sc23oy/ros2_ws/src/build/turtlebot3_simulations'), ('LOADEDMODULES', 'gcc/14.2.0:mpi/openmpi-x86_64'), ('TURTLEBOT3_MODEL', 'burger'), ('APPTAINER_NAME', 'comp3631.simg'), ('GAZEBO_PLUGIN_PATH', '/usr/lib/x86_64-linux-gnu/gazebo-11/plugins:'), ('_ModuleTable003_', 'ZHVsZWZpbGVzIiwgIi91b2xsaW5hcHBzL3YyL2N1cnJlbnQvdW9sL3NwYWNrL2VsOS9Db3JlIgosICIvdW9sbGluYXBwcy92Mi9jdXJyZW50L3VvbC9vdGhlci9lbDkiCiwgIi91b2xsaW5hcHBzL3YyL2N1cnJlbnQvc29jL3NwYWNrL2VsOS9Db3JlIgosICIvdW9sbGluYXBwcy92Mi9jdXJyZW50L3NvYy9vdGhlciIsICIvdXNyL3NoYXJlL21vZHVsZWZpbGVzL0xpbnV4IgosICIvdXNyL3NoYXJlL21vZHVsZWZpbGVzL0NvcmUiLCAiL3Vzci9zaGFyZS9sbW9kL2xtb2QvbW9kdWxlZmlsZXMvQ29yZSIsCn0sCnN5c3RlbUJhc2VNUEFUSCA9ICIvZXRjL3NjbC9tb2R1bGVmaWxlczovdXNyL3NoYXJlL21vZHVsZWZpbGVzOi91b2xsaW5hcHBzL3YyL2N1cnJlbnQvdW9sL3NwYWNr'), ('XDG_DATA_DIRS', '/uolstore/home/users/sc23oy/.local/share/flatpak/exports/share:/var/lib/flatpak/exports/share:/usr/local/share:/usr/share'), ('PYTHONPATH', '/opt/ros/humble/lib/python3.10/site-packages:/opt/ros/humble/local/lib/python3.10/dist-packages'), ('_ModuleTable004_', 'L2VsOS9Db3JlOi91b2xsaW5hcHBzL3YyL2N1cnJlbnQvdW9sL290aGVyL2VsOTovdW9sbGluYXBwcy92Mi9jdXJyZW50L3NvYy9zcGFjay9lbDkvQ29yZTovdW9sbGluYXBwcy92Mi9jdXJyZW50L3NvYy9vdGhlcjovdXNyL3NoYXJlL21vZHVsZWZpbGVzL0xpbnV4Oi91c3Ivc2hhcmUvbW9kdWxlZmlsZXMvQ29yZTovdXNyL3NoYXJlL2xtb2QvbG1vZC9tb2R1bGVmaWxlcy9Db3JlIiwKfQo='), ('SINGULARITY_NAME', 'comp3631.simg'), ('CC', '/usr/bin/gcc'), ('COLCON', '1'), ('__LMOD_REF_COUNT_MODULEPATH', '/uollinapps/v2/24-25/soc/spack/el9/gcc/14.2.0:1;/etc/scl/modulefiles:2;/usr/share/modulefiles:1;/uollinapps/v2/current/uol/spack/el9/Core:1;/uollinapps/v2/current/uol/other/el9:1;/uollinapps/v2/current/soc/spack/el9/Core:1;/uollinapps/v2/current/soc/other:1;/usr/share/modulefiles/Linux:1;/usr/share/modulefiles/Core:1;/usr/share/lmod/lmod/modulefiles/Core:1'), ('MANPATH', ':/usr/share/man/openmpi-x86_64:/uollinapps/v2/24-25/soc/packages/linux-rhel9-x86_64_v3/gcc-11.4.0/gcc-14.2.0-svuh5yskfnrwh537tvxvt642acswwlju/share/man:/usr/share/lmod/lmod/share/man:/opt/puppetlabs/puppet/share/man'), ('VTE_VERSION', '6402'), ('MPI_SUFFIX', '_openmpi'), ('__LMOD_REF_COUNT_MANPATH', ':3;/usr/share/man/openmpi-x86_64:1;/uollinapps/v2/24-25/soc/packages/linux-rhel9-x86_64_v3/gcc-11.4.0/gcc-14.2.0-svuh5yskfnrwh537tvxvt642acswwlju/share/man:1;/usr/share/lmod/lmod/share/man:1;/opt/puppetlabs/puppet/share/man:1'), ('MODULEPATH', '/uollinapps/v2/24-25/soc/spack/el9/gcc/14.2.0:/etc/scl/modulefiles:/usr/share/modulefiles:/uollinapps/v2/current/uol/spack/el9/Core:/uollinapps/v2/current/uol/other/el9:/uollinapps/v2/current/soc/spack/el9/Core:/uollinapps/v2/current/soc/other:/usr/share/modulefiles/Linux:/usr/share/modulefiles/Core:/usr/share/lmod/lmod/modulefiles/Core'), ('MODULESHOME', '/usr/share/Modules'), ('CMAKE_PREFIX_PATH', '/uolstore/home/users/sc23oy/ros2_ws/src/install/turtlebot3_gazebo:/uolstore/home/users/sc23oy/ros2_ws/src/install/turtlebot3_fake_node:/uollinapps/v2/24-25/soc/packages/linux-rhel9-x86_64_v3/gcc-11.4.0/gcc-14.2.0-svuh5yskfnrwh537tvxvt642acswwlju:/opt/ros/humble')]), 'shell': False}
[28.933292] (turtlebot3_simulations) StdoutLine: {'line': b'-- Install configuration: ""\n'}
[28.938659] (turtlebot3_simulations) StdoutLine: {'line': b'-- Installing: /uolstore/home/users/sc23oy/ros2_ws/src/install/turtlebot3_simulations/share/ament_index/resource_index/package_run_dependencies/turtlebot3_simulations\n'}
[28.948455] (turtlebot3_simulations) StdoutLine: {'line': b'-- Installing: /uolstore/home/users/sc23oy/ros2_ws/src/install/turtlebot3_simulations/share/ament_index/resource_index/parent_prefix_path/turtlebot3_simulations\n'}
[28.958317] (turtlebot3_simulations) StdoutLine: {'line': b'-- Installing: /uolstore/home/users/sc23oy/ros2_ws/src/install/turtlebot3_simulations/share/turtlebot3_simulations/environment/ament_prefix_path.sh\n'}
[28.963559] (turtlebot3_simulations) StdoutLine: {'line': b'-- Installing: /uolstore/home/users/sc23oy/ros2_ws/src/install/turtlebot3_simulations/share/turtlebot3_simulations/environment/ament_prefix_path.dsv\n'}
[28.970200] (turtlebot3_simulations) StdoutLine: {'line': b'-- Installing: /uolstore/home/users/sc23oy/ros2_ws/src/install/turtlebot3_simulations/share/turtlebot3_simulations/environment/path.sh\n'}
[28.975625] (turtlebot3_simulations) StdoutLine: {'line': b'-- Installing: /uolstore/home/users/sc23oy/ros2_ws/src/install/turtlebot3_simulations/share/turtlebot3_simulations/environment/path.dsv\n'}
[28.976655] (-) TimerEvent: {}
[28.981878] (turtlebot3_simulations) StdoutLine: {'line': b'-- Installing: /uolstore/home/users/sc23oy/ros2_ws/src/install/turtlebot3_simulations/share/turtlebot3_simulations/local_setup.bash\n'}
[28.988304] (turtlebot3_simulations) StdoutLine: {'line': b'-- Installing: /uolstore/home/users/sc23oy/ros2_ws/src/install/turtlebot3_simulations/share/turtlebot3_simulations/local_setup.sh\n'}
[28.994868] (turtlebot3_simulations) StdoutLine: {'line': b'-- Installing: /uolstore/home/users/sc23oy/ros2_ws/src/install/turtlebot3_simulations/share/turtlebot3_simulations/local_setup.zsh\n'}
[29.001633] (turtlebot3_simulations) StdoutLine: {'line': b'-- Installing: /uolstore/home/users/sc23oy/ros2_ws/src/install/turtlebot3_simulations/share/turtlebot3_simulations/local_setup.dsv\n'}
[29.008144] (turtlebot3_simulations) StdoutLine: {'line': b'-- Installing: /uolstore/home/users/sc23oy/ros2_ws/src/install/turtlebot3_simulations/share/turtlebot3_simulations/package.dsv\n'}
[29.017430] (turtlebot3_simulations) StdoutLine: {'line': b'-- Installing: /uolstore/home/users/sc23oy/ros2_ws/src/install/turtlebot3_simulations/share/ament_index/resource_index/packages/turtlebot3_simulations\n'}
[29.025148] (turtlebot3_simulations) StdoutLine: {'line': b'-- Installing: /uolstore/home/users/sc23oy/ros2_ws/src/install/turtlebot3_simulations/share/turtlebot3_simulations/cmake/turtlebot3_simulationsConfig.cmake\n'}
[29.031393] (turtlebot3_simulations) StdoutLine: {'line': b'-- Installing: /uolstore/home/users/sc23oy/ros2_ws/src/install/turtlebot3_simulations/share/turtlebot3_simulations/cmake/turtlebot3_simulationsConfig-version.cmake\n'}
[29.038209] (turtlebot3_simulations) StdoutLine: {'line': b'-- Installing: /uolstore/home/users/sc23oy/ros2_ws/src/install/turtlebot3_simulations/share/turtlebot3_simulations/package.xml\n'}
[29.048178] (turtlebot3_simulations) CommandEnded: {'returncode': 0}
[29.077617] (-) TimerEvent: {}
[29.178065] (-) TimerEvent: {}
[29.278398] (-) TimerEvent: {}
[29.360735] (turtlebot3_simulations) JobEnded: {'identifier': 'turtlebot3_simulations', 'rc': 0}
[29.363663] (-) EventReactorShutdown: {}
